model,C,F,T,flush_levels,flush_grid,num_flush_choices,state_feature_mode,mask_mode,reward_scale,money_p,money_tau,drop_penalty,train_regime,hidden_size,learning_rate,settle_embed_dim,conditional_hidden_size,threshold_mode,imitation_mode,threshold_advantage_mode,seed,scenario,policy_output,output_reduction_vs_flat,output_reduction_pct,seed_mean_value_accept_ratio,seed_worst_regime_value_accept_ratio,seed_mean_drops,seed_mean_flushes,seed_mean_money,num_test_regimes,source_paths,seed_mean_policy_discards,seed_mean_capacity_drops,seed_mean_settle_accept_rate,seed_mean_settle_reject_rate,seed_mean_zero_flush_rate,seed_mean_full_flush_rate,seed_mean_middle_flush_rate,seed_mean_mean_flush_fraction,seed_mean_mean_flush_action,source_csv,imitation_episodes,imitation_epochs,selected_eta,variant
conditional_factorized_ac,900.0,3,1000,17,uniform,17,base,none,100.0,1.0,100.0,0.0,MIX12_EQ,128.0,0.0001,32.0,256.0,,threshold_pretrain,none,123,conditional_factorized_ac_trainMIX12_EQ_C900_F3_T1000_flush17_tau100_seed123_rscale100_imitThreshold100ep1,19.0,0.4411764705882353,44.11764705882353,0.9890516722532608,0.974118357420815,5.297916666666667,67.68333333333332,42731.08291666666,12,/Users/qiubi/kwallet-rl/src/idea5/general_model/results_onepool_imit100_C900_C1000_C1100_to10seeds/conditional_factorized_ac/runs/conditional_factorized_ac_trainMIX12_EQ_C900_F3_T1000_flush17_tau100_seed123_rscale100_imitThreshold100ep1/20260528_015149_084986/cross_regime_results.json,0.0,5.297916666666667,1.0,0.0,0.9323166666666668,0.0676833333333333,0.0,0.0676833333333333,1.0829333333333333,src/idea5/general_model/results_onepool_imit100_C900_C1000_C1100_to10seeds/aggregates/general_model_seed_level_results.csv,100.0,1.0,0.75,Conditional AC + Imit100
conditional_factorized_ac,900.0,3,1000,17,uniform,17,base,none,100.0,1.0,100.0,0.0,MIX12_EQ,128.0,0.0001,32.0,256.0,,threshold_pretrain,none,323,conditional_factorized_ac_trainMIX12_EQ_C900_F3_T1000_flush17_tau100_seed323_rscale100_imitThreshold100ep1,19.0,0.4411764705882353,44.11764705882353,0.9866301524752537,0.9704206651783104,6.734583333333334,66.56041666666665,42721.79,12,/Users/qiubi/kwallet-rl/src/idea5/general_model/results_onepool_imit100_C900_C1000_C1100_to10seeds/conditional_factorized_ac/runs/conditional_factorized_ac_trainMIX12_EQ_C900_F3_T1000_flush17_tau100_seed323_rscale100_imitThreshold100ep1/20260528_021751_853955/cross_regime_results.json,0.0,6.734583333333334,1.0,0.0,0.9334395833333334,0.0665604166666666,0.0,0.0665604166666666,1.0649666666666666,src/idea5/general_model/results_onepool_imit100_C900_C1000_C1100_to10seeds/aggregates/general_model_seed_level_results.csv,100.0,1.0,0.75,Conditional AC + Imit100
conditional_factorized_ac,900.0,3,1000,17,uniform,17,base,none,100.0,1.0,100.0,0.0,MIX12_EQ,128.0,0.0001,32.0,256.0,,threshold_pretrain,none,532,conditional_factorized_ac_trainMIX12_EQ_C900_F3_T1000_flush17_tau100_seed532_rscale100_imitThreshold100ep1,19.0,0.4411764705882353,44.11764705882353,0.9896806725949008,0.9747594505095049,4.9470833333333335,68.09333333333333,42721.78541666667,12,/Users/qiubi/kwallet-rl/src/idea5/general_model/results_onepool_imit100_C900_C1000_C1100_to10seeds/conditional_factorized_ac/runs/conditional_factorized_ac_trainMIX12_EQ_C900_F3_T1000_flush17_tau100_seed532_rscale100_imitThreshold100ep1/20260528_024413_044355/cross_regime_results.json,0.0,4.9470833333333335,1.0,0.0,0.9319066666666668,0.0680933333333333,0.0,0.0680933333333333,1.0894933333333332,src/idea5/general_model/results_onepool_imit100_C900_C1000_C1100_to10seeds/aggregates/general_model_seed_level_results.csv,100.0,1.0,0.75,Conditional AC + Imit100
conditional_factorized_ac,900.0,3,1000,17,uniform,17,base,none,100.0,1.0,100.0,0.0,MIX12_EQ,128.0,0.0001,32.0,256.0,,threshold_pretrain,none,777,conditional_factorized_ac_trainMIX12_EQ_C900_F3_T1000_flush17_tau100_seed777_rscale100_imitThreshold100ep1,19.0,0.4411764705882353,44.11764705882353,0.9862649077631724,0.9697494448548551,6.97375,66.49333333333334,42710.222916666666,12,/Users/qiubi/kwallet-rl/src/idea5/general_model/results_onepool_imit100_C900_C1000_C1100_to10seeds/conditional_factorized_ac/runs/conditional_factorized_ac_trainMIX12_EQ_C900_F3_T1000_flush17_tau100_seed777_rscale100_imitThreshold100ep1/20260528_031034_030525/cross_regime_results.json,0.0,6.97375,1.0,0.0,0.9335066666666668,0.0664933333333333,0.0,0.0664933333333333,1.0638933333333334,src/idea5/general_model/results_onepool_imit100_C900_C1000_C1100_to10seeds/aggregates/general_model_seed_level_results.csv,100.0,1.0,0.75,Conditional AC + Imit100
conditional_factorized_ac,900.0,3,1000,17,uniform,17,base,none,100.0,1.0,100.0,0.0,MIX12_EQ,128.0,0.0001,32.0,256.0,,threshold_pretrain,none,999,conditional_factorized_ac_trainMIX12_EQ_C900_F3_T1000_flush17_tau100_seed999_rscale100_imitThreshold100ep1,19.0,0.4411764705882353,44.11764705882353,0.9866327475330374,0.9706429202999884,6.737083333333332,66.55666666666667,42722.3675,12,/Users/qiubi/kwallet-rl/src/idea5/general_model/results_onepool_imit100_C900_C1000_C1100_to10seeds/conditional_factorized_ac/runs/conditional_factorized_ac_trainMIX12_EQ_C900_F3_T1000_flush17_tau100_seed999_rscale100_imitThreshold100ep1/20260528_033646_259165/cross_regime_results.json,0.0,6.737083333333332,1.0,0.0,0.9334433333333334,0.0665566666666666,0.0,0.0665566666666666,1.064906666666667,src/idea5/general_model/results_onepool_imit100_C900_C1000_C1100_to10seeds/aggregates/general_model_seed_level_results.csv,100.0,1.0,0.75,Conditional AC + Imit100
conditional_factorized_ac,900.0,3,1000,17,uniform,17,base,none,100.0,1.0,100.0,0.0,MIX12_EQ,128.0,0.0001,32.0,256.0,,threshold_pretrain,none,2027,conditional_factorized_ac_trainMIX12_EQ_C900_F3_T1000_flush17_tau100_seed2027_rscale100_imitThreshold100ep1,19.0,0.4411764705882353,44.11764705882353,0.9887838211769784,0.973014858076418,5.464166666666666,67.61708333333333,42724.340416666666,12,/Users/qiubi/kwallet-rl/src/idea5/general_model/results_onepool_imit100_C900_C1000_C1100_to10seeds/conditional_factorized_ac/runs/conditional_factorized_ac_trainMIX12_EQ_C900_F3_T1000_flush17_tau100_seed2027_rscale100_imitThreshold100ep1/20260528_074202_330237/cross_regime_results.json,0.0,5.464166666666666,1.0,0.0,0.9323829166666668,0.0676170833333333,0.0,0.0676170833333333,1.0818733333333332,src/idea5/general_model/results_onepool_imit100_C900_C1000_C1100_to10seeds/aggregates/general_model_seed_level_results.csv,100.0,1.0,0.75,Conditional AC + Imit100
conditional_factorized_ac,900.0,3,1000,17,uniform,17,base,none,100.0,1.0,100.0,0.0,MIX12_EQ,128.0,0.0001,32.0,256.0,,threshold_pretrain,none,3407,conditional_factorized_ac_trainMIX12_EQ_C900_F3_T1000_flush17_tau100_seed3407_rscale100_imitThreshold100ep1,19.0,0.4411764705882353,44.11764705882353,0.9913147638389082,0.9768549742119684,4.0112499999999995,69.17041666666665,42695.857083333336,12,/Users/qiubi/kwallet-rl/src/idea5/general_model/results_onepool_imit100_C900_C1000_C1100_to10seeds/conditional_factorized_ac/runs/conditional_factorized_ac_trainMIX12_EQ_C900_F3_T1000_flush17_tau100_seed3407_rscale100_imitThreshold100ep1/20260528_080736_596832/cross_regime_results.json,0.0,4.0112499999999995,1.0,0.0,0.9308295833333334,0.0691704166666666,0.0,0.0691704166666666,1.1067266666666666,src/idea5/general_model/results_onepool_imit100_C900_C1000_C1100_to10seeds/aggregates/general_model_seed_level_results.csv,100.0,1.0,0.75,Conditional AC + Imit100
conditional_factorized_ac,900.0,3,1000,17,uniform,17,base,none,100.0,1.0,100.0,0.0,MIX12_EQ,128.0,0.0001,32.0,256.0,,threshold_pretrain,none,4501,conditional_factorized_ac_trainMIX12_EQ_C900_F3_T1000_flush17_tau100_seed4501_rscale100_imitThreshold100ep1,19.0,0.4411764705882353,44.11764705882353,0.9909147892969796,0.9764837869099768,4.271666666666666,69.04333333333335,42688.475,12,/Users/qiubi/kwallet-rl/src/idea5/general_model/results_onepool_imit100_C900_C1000_C1100_to10seeds/conditional_factorized_ac/runs/conditional_factorized_ac_trainMIX12_EQ_C900_F3_T1000_flush17_tau100_seed4501_rscale100_imitThreshold100ep1/20260528_083324_410822/cross_regime_results.json,0.0,4.271666666666666,1.0,0.0,0.9309566666666668,0.0683958333333333,0.0006475,0.0690028645833333,1.1040458333333332,src/idea5/general_model/results_onepool_imit100_C900_C1000_C1100_to10seeds/aggregates/general_model_seed_level_results.csv,100.0,1.0,0.75,Conditional AC + Imit100
conditional_factorized_ac,900.0,3,1000,17,uniform,17,base,none,100.0,1.0,100.0,0.0,MIX12_EQ,128.0,0.0001,32.0,256.0,,threshold_pretrain,none,6101,conditional_factorized_ac_trainMIX12_EQ_C900_F3_T1000_flush17_tau100_seed6101_rscale100_imitThreshold100ep1,19.0,0.4411764705882353,44.11764705882353,0.987270473976138,0.970836343397821,6.3133333333333335,66.94958333333334,42715.02208333334,12,/Users/qiubi/kwallet-rl/src/idea5/general_model/results_onepool_imit100_C900_C1000_C1100_to10seeds/conditional_factorized_ac/runs/conditional_factorized_ac_trainMIX12_EQ_C900_F3_T1000_flush17_tau100_seed6101_rscale100_imitThreshold100ep1/20260528_085840_093234/cross_regime_results.json,0.0,6.3133333333333335,1.0,0.0,0.9330504166666668,0.0669495833333333,0.0,0.0669495833333333,1.0711933333333332,src/idea5/general_model/results_onepool_imit100_C900_C1000_C1100_to10seeds/aggregates/general_model_seed_level_results.csv,100.0,1.0,0.75,Conditional AC + Imit100
conditional_factorized_ac,900.0,3,1000,17,uniform,17,base,none,100.0,1.0,100.0,0.0,MIX12_EQ,128.0,0.0001,32.0,256.0,,threshold_pretrain,none,8888,conditional_factorized_ac_trainMIX12_EQ_C900_F3_T1000_flush17_tau100_seed8888_rscale100_imitThreshold100ep1,19.0,0.4411764705882353,44.11764705882353,0.9882129285615948,0.9731664484247864,5.825833333333333,67.42291666666667,42715.14375000001,12,/Users/qiubi/kwallet-rl/src/idea5/general_model/results_onepool_imit100_C900_C1000_C1100_to10seeds/conditional_factorized_ac/runs/conditional_factorized_ac_trainMIX12_EQ_C900_F3_T1000_flush17_tau100_seed8888_rscale100_imitThreshold100ep1/20260528_092445_150426/cross_regime_results.json,0.0,5.825833333333333,1.0,0.0,0.9325770833333332,0.0673429166666666,8e-05,0.0674179166666666,1.0786866666666668,src/idea5/general_model/results_onepool_imit100_C900_C1000_C1100_to10seeds/aggregates/general_model_seed_level_results.csv,100.0,1.0,0.75,Conditional AC + Imit100
conditional_factorized_ac,900.0,3,1000,17,uniform,17,base,none,100.0,1.0,100.0,0.0,MIX12_EQ,128.0,0.0001,32.0,256.0,,none,none,123,conditional_factorized_ac_trainMIX12_EQ_C900_F3_T1000_flush17_tau100_seed123_rscale100,19.0,0.4411764705882353,44.11764705882353,0.9891664721951164,0.9736525546291596,5.412083333333334,68.40666666666667,42664.36583333333,12,/Users/qiubi/kwallet-rl/src/idea5/general_model/results_formal_main_grid_stable_C800_C900_C1100_10seeds/conditional_factorized_ac/runs/conditional_factorized_ac_trainMIX12_EQ_C900_F3_T1000_flush17_tau100_seed123_rscale100/20260525_111247_455822/cross_regime_results.json,0.0,5.412083333333334,1.0,0.0,0.9315933333333336,0.0684066666666666,0.0,0.0684066666666666,1.094506666666667,src/idea5/general_model/results_formal_main_grid_stable_C800_C900_C1100_10seeds/aggregates/general_model_seed_level_results.csv,,,,Stable Conditional AC
conditional_factorized_ac,900.0,3,1000,17,uniform,17,base,none,100.0,1.0,100.0,0.0,MIX12_EQ,128.0,0.0001,32.0,256.0,,none,none,323,conditional_factorized_ac_trainMIX12_EQ_C900_F3_T1000_flush17_tau100_seed323_rscale100,19.0,0.4411764705882353,44.11764705882353,0.9904575223152646,0.975415698627425,4.515416666666667,68.75958333333334,42693.89166666667,12,/Users/qiubi/kwallet-rl/src/idea5/general_model/results_formal_main_grid_stable_C800_C900_C1100_10seeds/conditional_factorized_ac/runs/conditional_factorized_ac_trainMIX12_EQ_C900_F3_T1000_flush17_tau100_seed323_rscale100/20260525_113203_046206/cross_regime_results.json,0.0,4.515416666666667,1.0,0.0,0.9312404166666668,0.0685041666666666,0.0002554166666666,0.0687436197916666,1.0998979166666667,src/idea5/general_model/results_formal_main_grid_stable_C800_C900_C1100_10seeds/aggregates/general_model_seed_level_results.csv,,,,Stable Conditional AC
conditional_factorized_ac,900.0,3,1000,17,uniform,17,base,none,100.0,1.0,100.0,0.0,MIX12_EQ,128.0,0.0001,32.0,256.0,,none,none,532,conditional_factorized_ac_trainMIX12_EQ_C900_F3_T1000_flush17_tau100_seed532_rscale100,19.0,0.4411764705882353,44.11764705882353,0.9893351180452752,0.9742637647760176,5.146666666666667,68.32833333333333,42680.86833333333,12,/Users/qiubi/kwallet-rl/src/idea5/general_model/results_formal_main_grid_stable_C800_C900_C1100_10seeds/conditional_factorized_ac/runs/conditional_factorized_ac_trainMIX12_EQ_C900_F3_T1000_flush17_tau100_seed532_rscale100/20260525_115108_311424/cross_regime_results.json,0.0,5.146666666666667,1.0,0.0,0.9316716666666668,0.0683283333333333,0.0,0.0683283333333333,1.0932533333333334,src/idea5/general_model/results_formal_main_grid_stable_C800_C900_C1100_10seeds/aggregates/general_model_seed_level_results.csv,,,,Stable Conditional AC
conditional_factorized_ac,900.0,3,1000,17,uniform,17,base,none,100.0,1.0,100.0,0.0,MIX12_EQ,128.0,0.0001,32.0,256.0,,none,none,777,conditional_factorized_ac_trainMIX12_EQ_C900_F3_T1000_flush17_tau100_seed777_rscale100,19.0,0.4411764705882353,44.11764705882353,0.9866342314447918,0.9710212338157366,6.913333333333334,67.30916666666667,42647.285,12,/Users/qiubi/kwallet-rl/src/idea5/general_model/results_formal_main_grid_stable_C800_C900_C1100_10seeds/conditional_factorized_ac/runs/conditional_factorized_ac_trainMIX12_EQ_C900_F3_T1000_flush17_tau100_seed777_rscale100/20260525_121038_747075/cross_regime_results.json,0.0,6.913333333333334,1.0,0.0,0.9326908333333334,0.0673091666666666,0.0,0.0673091666666666,1.0769466666666667,src/idea5/general_model/results_formal_main_grid_stable_C800_C900_C1100_10seeds/aggregates/general_model_seed_level_results.csv,,,,Stable Conditional AC
conditional_factorized_ac,900.0,3,1000,17,uniform,17,base,none,100.0,1.0,100.0,0.0,MIX12_EQ,128.0,0.0001,32.0,256.0,,none,none,999,conditional_factorized_ac_trainMIX12_EQ_C900_F3_T1000_flush17_tau100_seed999_rscale100,19.0,0.4411764705882353,44.11764705882353,0.9902059824222694,0.974995911888778,4.6483333333333325,68.37333333333333,42720.06333333333,12,/Users/qiubi/kwallet-rl/src/idea5/general_model/results_formal_main_grid_stable_C800_C900_C1100_10seeds/conditional_factorized_ac/runs/conditional_factorized_ac_trainMIX12_EQ_C900_F3_T1000_flush17_tau100_seed999_rscale100/20260525_122944_945653/cross_regime_results.json,0.0,4.6483333333333325,1.0,0.0,0.9316266666666664,0.0683733333333333,0.0,0.0683733333333333,1.0939733333333332,src/idea5/general_model/results_formal_main_grid_stable_C800_C900_C1100_10seeds/aggregates/general_model_seed_level_results.csv,,,,Stable Conditional AC
conditional_factorized_ac,900.0,3,1000,17,uniform,17,base,none,100.0,1.0,100.0,0.0,MIX12_EQ,128.0,0.0001,32.0,256.0,,none,none,2027,conditional_factorized_ac_trainMIX12_EQ_C900_F3_T1000_flush17_tau100_seed2027_rscale100,19.0,0.4411764705882353,44.11764705882353,0.9865528527113172,0.9695164140895964,6.890833333333333,67.33666666666667,42640.22541666666,12,/Users/qiubi/kwallet-rl/src/idea5/general_model/results_formal_main_grid_stable_C800_C900_C1100_10seeds/conditional_factorized_ac/runs/conditional_factorized_ac_trainMIX12_EQ_C900_F3_T1000_flush17_tau100_seed2027_rscale100/20260525_124934_506290/cross_regime_results.json,0.0,6.890833333333333,1.0,0.0,0.9326633333333332,0.0673366666666666,0.0,0.0673366666666666,1.0773866666666667,src/idea5/general_model/results_formal_main_grid_stable_C800_C900_C1100_10seeds/aggregates/general_model_seed_level_results.csv,,,,Stable Conditional AC
conditional_factorized_ac,900.0,3,1000,17,uniform,17,base,none,100.0,1.0,100.0,0.0,MIX12_EQ,128.0,0.0001,32.0,256.0,,none,none,3407,conditional_factorized_ac_trainMIX12_EQ_C900_F3_T1000_flush17_tau100_seed3407_rscale100,19.0,0.4411764705882353,44.11764705882353,0.991310546904624,0.976918410022786,4.0600000000000005,69.47083333333335,42665.688749999994,12,/Users/qiubi/kwallet-rl/src/idea5/general_model/results_formal_main_grid_stable_C800_C900_C1100_10seeds/conditional_factorized_ac/runs/conditional_factorized_ac_trainMIX12_EQ_C900_F3_T1000_flush17_tau100_seed3407_rscale100/20260525_130823_957592/cross_regime_results.json,0.0,4.0600000000000005,1.0,0.0,0.9305291666666666,0.0694708333333333,0.0,0.0694708333333333,1.1115333333333333,src/idea5/general_model/results_formal_main_grid_stable_C800_C900_C1100_10seeds/aggregates/general_model_seed_level_results.csv,,,,Stable Conditional AC
conditional_factorized_ac,900.0,3,1000,17,uniform,17,base,none,100.0,1.0,100.0,0.0,MIX12_EQ,128.0,0.0001,32.0,256.0,,none,none,4501,conditional_factorized_ac_trainMIX12_EQ_C900_F3_T1000_flush17_tau100_seed4501_rscale100,19.0,0.4411764705882353,44.11764705882353,0.991386823743627,0.9769667114796636,4.129166666666666,69.9575,42620.55541666667,12,/Users/qiubi/kwallet-rl/src/idea5/general_model/results_formal_main_grid_stable_C800_C900_C1100_10seeds/conditional_factorized_ac/runs/conditional_factorized_ac_trainMIX12_EQ_C900_F3_T1000_flush17_tau100_seed4501_rscale100/20260525_132811_128871/cross_regime_results.json,0.0,4.129166666666666,1.0,0.0,0.9300425,0.0699574999999999,0.0,0.0699574999999999,1.11932,src/idea5/general_model/results_formal_main_grid_stable_C800_C900_C1100_10seeds/aggregates/general_model_seed_level_results.csv,,,,Stable Conditional AC
conditional_factorized_ac,900.0,3,1000,17,uniform,17,base,none,100.0,1.0,100.0,0.0,MIX12_EQ,128.0,0.0001,32.0,256.0,,none,none,6101,conditional_factorized_ac_trainMIX12_EQ_C900_F3_T1000_flush17_tau100_seed6101_rscale100,19.0,0.4411764705882353,44.11764705882353,0.9896422776764932,0.974548120538475,4.989999999999999,68.25,42704.079999999994,12,/Users/qiubi/kwallet-rl/src/idea5/general_model/results_formal_main_grid_stable_C800_C900_C1100_10seeds/conditional_factorized_ac/runs/conditional_factorized_ac_trainMIX12_EQ_C900_F3_T1000_flush17_tau100_seed6101_rscale100/20260525_134720_655262/cross_regime_results.json,0.0,4.989999999999999,1.0,0.0,0.93175,0.0679708333333333,0.0002791666666666,0.0682325520833333,1.0917208333333333,src/idea5/general_model/results_formal_main_grid_stable_C800_C900_C1100_10seeds/aggregates/general_model_seed_level_results.csv,,,,Stable Conditional AC
conditional_factorized_ac,900.0,3,1000,17,uniform,17,base,none,100.0,1.0,100.0,0.0,MIX12_EQ,128.0,0.0001,32.0,256.0,,none,none,8888,conditional_factorized_ac_trainMIX12_EQ_C900_F3_T1000_flush17_tau100_seed8888_rscale100,19.0,0.4411764705882353,44.11764705882353,0.9901648325356328,0.9749778321899844,4.6954166666666675,68.40999999999998,42714.28166666667,12,/Users/qiubi/kwallet-rl/src/idea5/general_model/results_formal_main_grid_stable_C800_C900_C1100_10seeds/conditional_factorized_ac/runs/conditional_factorized_ac_trainMIX12_EQ_C900_F3_T1000_flush17_tau100_seed8888_rscale100/20260525_140655_476737/cross_regime_results.json,0.0,4.6954166666666675,1.0,0.0,0.93159,0.0684099999999999,0.0,0.0684099999999999,1.0945599999999998,src/idea5/general_model/results_formal_main_grid_stable_C800_C900_C1100_10seeds/aggregates/general_model_seed_level_results.csv,,,,Stable Conditional AC
grid_threshold,900.0,3,1000,17,uniform,17,base,none,1.0,1.0,100.0,0.0,MIX12_EQ,,,,,grid,none,none,123,grid_threshold_trainMIX12_EQ_C900_F3_T1000_flush17_tau100_seed123_eta0p75,,,,0.9923589725342996,0.9776301492167452,3.400416666666666,73.08375,42356.92125000001,12,/Users/qiubi/kwallet-rl/src/idea5/general_model/results_formal_main_grid_stable_C800_C900_C1100_10seeds/grid_threshold/runs/grid_threshold_trainMIX12_EQ_C900_F3_T1000_flush17_tau100_seed123_eta0p75/20260525_075605_704017/cross_regime_results.json,3.400416666666666,0.0,,,,,,,,src/idea5/general_model/results_formal_main_grid_stable_C800_C900_C1100_10seeds/aggregates/general_model_seed_level_results.csv,,,,Tuned Threshold
grid_threshold,900.0,3,1000,17,uniform,17,base,none,1.0,1.0,100.0,0.0,MIX12_EQ,,,,,grid,none,none,323,grid_threshold_trainMIX12_EQ_C900_F3_T1000_flush17_tau100_seed323_eta0p75,,,,0.9923589725342996,0.9776301492167452,3.400416666666666,73.08375,42356.92125000001,12,/Users/qiubi/kwallet-rl/src/idea5/general_model/results_formal_main_grid_stable_C800_C900_C1100_10seeds/grid_threshold/runs/grid_threshold_trainMIX12_EQ_C900_F3_T1000_flush17_tau100_seed323_eta0p75/20260525_075628_540816/cross_regime_results.json,3.400416666666666,0.0,,,,,,,,src/idea5/general_model/results_formal_main_grid_stable_C800_C900_C1100_10seeds/aggregates/general_model_seed_level_results.csv,,,,Tuned Threshold
grid_threshold,900.0,3,1000,17,uniform,17,base,none,1.0,1.0,100.0,0.0,MIX12_EQ,,,,,grid,none,none,532,grid_threshold_trainMIX12_EQ_C900_F3_T1000_flush17_tau100_seed532_eta0p75,,,,0.9923589725342996,0.9776301492167452,3.400416666666666,73.08375,42356.92125000001,12,/Users/qiubi/kwallet-rl/src/idea5/general_model/results_formal_main_grid_stable_C800_C900_C1100_10seeds/grid_threshold/runs/grid_threshold_trainMIX12_EQ_C900_F3_T1000_flush17_tau100_seed532_eta0p75/20260525_075651_218749/cross_regime_results.json,3.400416666666666,0.0,,,,,,,,src/idea5/general_model/results_formal_main_grid_stable_C800_C900_C1100_10seeds/aggregates/general_model_seed_level_results.csv,,,,Tuned Threshold
grid_threshold,900.0,3,1000,17,uniform,17,base,none,1.0,1.0,100.0,0.0,MIX12_EQ,,,,,grid,none,none,777,grid_threshold_trainMIX12_EQ_C900_F3_T1000_flush17_tau100_seed777_eta0p75,,,,0.9923589725342996,0.9776301492167452,3.400416666666666,73.08375,42356.92125000001,12,/Users/qiubi/kwallet-rl/src/idea5/general_model/results_formal_main_grid_stable_C800_C900_C1100_10seeds/grid_threshold/runs/grid_threshold_trainMIX12_EQ_C900_F3_T1000_flush17_tau100_seed777_eta0p75/20260525_075713_825778/cross_regime_results.json,3.400416666666666,0.0,,,,,,,,src/idea5/general_model/results_formal_main_grid_stable_C800_C900_C1100_10seeds/aggregates/general_model_seed_level_results.csv,,,,Tuned Threshold
grid_threshold,900.0,3,1000,17,uniform,17,base,none,1.0,1.0,100.0,0.0,MIX12_EQ,,,,,grid,none,none,999,grid_threshold_trainMIX12_EQ_C900_F3_T1000_flush17_tau100_seed999_eta0p75,,,,0.9923589725342996,0.9776301492167452,3.400416666666666,73.08375,42356.92125000001,12,/Users/qiubi/kwallet-rl/src/idea5/general_model/results_formal_main_grid_stable_C800_C900_C1100_10seeds/grid_threshold/runs/grid_threshold_trainMIX12_EQ_C900_F3_T1000_flush17_tau100_seed999_eta0p75/20260525_075736_335965/cross_regime_results.json,3.400416666666666,0.0,,,,,,,,src/idea5/general_model/results_formal_main_grid_stable_C800_C900_C1100_10seeds/aggregates/general_model_seed_level_results.csv,,,,Tuned Threshold
grid_threshold,900.0,3,1000,17,uniform,17,base,none,1.0,1.0,100.0,0.0,MIX12_EQ,,,,,grid,none,none,2027,grid_threshold_trainMIX12_EQ_C900_F3_T1000_flush17_tau100_seed2027_eta0p75,,,,0.9923589725342996,0.9776301492167452,3.400416666666666,73.08375,42356.92125000001,12,/Users/qiubi/kwallet-rl/src/idea5/general_model/results_formal_main_grid_stable_C800_C900_C1100_10seeds/grid_threshold/runs/grid_threshold_trainMIX12_EQ_C900_F3_T1000_flush17_tau100_seed2027_eta0p75/20260525_075759_156048/cross_regime_results.json,3.400416666666666,0.0,,,,,,,,src/idea5/general_model/results_formal_main_grid_stable_C800_C900_C1100_10seeds/aggregates/general_model_seed_level_results.csv,,,,Tuned Threshold
grid_threshold,900.0,3,1000,17,uniform,17,base,none,1.0,1.0,100.0,0.0,MIX12_EQ,,,,,grid,none,none,3407,grid_threshold_trainMIX12_EQ_C900_F3_T1000_flush17_tau100_seed3407_eta0p75,,,,0.9923589725342996,0.9776301492167452,3.400416666666666,73.08375,42356.92125000001,12,/Users/qiubi/kwallet-rl/src/idea5/general_model/results_formal_main_grid_stable_C800_C900_C1100_10seeds/grid_threshold/runs/grid_threshold_trainMIX12_EQ_C900_F3_T1000_flush17_tau100_seed3407_eta0p75/20260525_075821_908234/cross_regime_results.json,3.400416666666666,0.0,,,,,,,,src/idea5/general_model/results_formal_main_grid_stable_C800_C900_C1100_10seeds/aggregates/general_model_seed_level_results.csv,,,,Tuned Threshold
grid_threshold,900.0,3,1000,17,uniform,17,base,none,1.0,1.0,100.0,0.0,MIX12_EQ,,,,,grid,none,none,4501,grid_threshold_trainMIX12_EQ_C900_F3_T1000_flush17_tau100_seed4501_eta0p75,,,,0.9923589725342996,0.9776301492167452,3.400416666666666,73.08375,42356.92125000001,12,/Users/qiubi/kwallet-rl/src/idea5/general_model/results_formal_main_grid_stable_C800_C900_C1100_10seeds/grid_threshold/runs/grid_threshold_trainMIX12_EQ_C900_F3_T1000_flush17_tau100_seed4501_eta0p75/20260525_075844_629327/cross_regime_results.json,3.400416666666666,0.0,,,,,,,,src/idea5/general_model/results_formal_main_grid_stable_C800_C900_C1100_10seeds/aggregates/general_model_seed_level_results.csv,,,,Tuned Threshold
grid_threshold,900.0,3,1000,17,uniform,17,base,none,1.0,1.0,100.0,0.0,MIX12_EQ,,,,,grid,none,none,6101,grid_threshold_trainMIX12_EQ_C900_F3_T1000_flush17_tau100_seed6101_eta0p75,,,,0.9923589725342996,0.9776301492167452,3.400416666666666,73.08375,42356.92125000001,12,/Users/qiubi/kwallet-rl/src/idea5/general_model/results_formal_main_grid_stable_C800_C900_C1100_10seeds/grid_threshold/runs/grid_threshold_trainMIX12_EQ_C900_F3_T1000_flush17_tau100_seed6101_eta0p75/20260525_075907_227975/cross_regime_results.json,3.400416666666666,0.0,,,,,,,,src/idea5/general_model/results_formal_main_grid_stable_C800_C900_C1100_10seeds/aggregates/general_model_seed_level_results.csv,,,,Tuned Threshold
grid_threshold,900.0,3,1000,17,uniform,17,base,none,1.0,1.0,100.0,0.0,MIX12_EQ,,,,,grid,none,none,8888,grid_threshold_trainMIX12_EQ_C900_F3_T1000_flush17_tau100_seed8888_eta0p75,,,,0.9923589725342996,0.9776301492167452,3.400416666666666,73.08375,42356.92125000001,12,/Users/qiubi/kwallet-rl/src/idea5/general_model/results_formal_main_grid_stable_C800_C900_C1100_10seeds/grid_threshold/runs/grid_threshold_trainMIX12_EQ_C900_F3_T1000_flush17_tau100_seed8888_eta0p75/20260525_075929_791635/cross_regime_results.json,3.400416666666666,0.0,,,,,,,,src/idea5/general_model/results_formal_main_grid_stable_C800_C900_C1100_10seeds/aggregates/general_model_seed_level_results.csv,,,,Tuned Threshold
conditional_factorized_ac,1000.0,3,1000,17,uniform,17,base,none,100.0,1.0,100.0,0.0,MIX12_EQ,128.0,0.0001,32.0,256.0,,threshold_pretrain,none,123,conditional_factorized_ac_trainMIX12_EQ_C1000_F3_T1000_flush17_tau100_seed123_rscale100_imitThreshold100ep1,19.0,0.4411764705882353,44.11764705882353,0.9889839609765846,0.9754099320344074,5.519583333333333,58.96666666666667,43599.564999999995,12,/Users/qiubi/kwallet-rl/src/idea5/general_model/results/conditional_factorized_ac/runs/conditional_factorized_ac_trainMIX12_EQ_C1000_F3_T1000_flush17_tau100_seed123_rscale100_imitThreshold100ep1/20260527_205010_281657/cross_regime_results.json,0.0,5.519583333333333,1.0,0.0,0.9410333333333334,0.0589666666666666,0.0,0.0589666666666666,0.943466666666667,src/idea5/general_model/results/aggregates/general_model_seed_level_results.csv,100.0,1.0,0.8,Conditional AC + Imit100
conditional_factorized_ac,1000.0,3,1000,17,uniform,17,base,none,100.0,1.0,100.0,0.0,MIX12_EQ,128.0,0.0001,32.0,256.0,,threshold_pretrain,none,323,conditional_factorized_ac_trainMIX12_EQ_C1000_F3_T1000_flush17_tau100_seed323_rscale100_imitThreshold100ep1,19.0,0.4411764705882353,44.11764705882353,0.9907196165746964,0.9774745474565668,4.54125,59.805,43602.81166666667,12,/Users/qiubi/kwallet-rl/src/idea5/general_model/results_onepool_imit100_C1000_seeds323_532/conditional_factorized_ac/runs/conditional_factorized_ac_trainMIX12_EQ_C1000_F3_T1000_flush17_tau100_seed323_rscale100_imitThreshold100ep1/20260527_212505_322225/cross_regime_results.json,0.0,4.54125,1.0,0.0,0.9401949999999998,0.0597475,5.750000000000001e-05,0.0597978125,0.9567650000000002,src/idea5/general_model/results_onepool_imit100_C1000_seeds323_532/aggregates/general_model_seed_level_results.csv,100.0,1.0,0.8,Conditional AC + Imit100
conditional_factorized_ac,1000.0,3,1000,17,uniform,17,base,none,100.0,1.0,100.0,0.0,MIX12_EQ,128.0,0.0001,32.0,256.0,,threshold_pretrain,none,532,conditional_factorized_ac_trainMIX12_EQ_C1000_F3_T1000_flush17_tau100_seed532_rscale100_imitThreshold100ep1,19.0,0.4411764705882353,44.11764705882353,0.9908983159558552,0.9778152595157062,4.388750000000001,59.87083333333334,43605.14250000001,12,/Users/qiubi/kwallet-rl/src/idea5/general_model/results_onepool_imit100_C1000_seeds323_532/conditional_factorized_ac/runs/conditional_factorized_ac_trainMIX12_EQ_C1000_F3_T1000_flush17_tau100_seed532_rscale100_imitThreshold100ep1/20260527_215356_755537/cross_regime_results.json,0.0,4.388750000000001,1.0,0.0,0.9401291666666663,0.0598708333333333,0.0,0.0598708333333333,0.9579333333333332,src/idea5/general_model/results_onepool_imit100_C1000_seeds323_532/aggregates/general_model_seed_level_results.csv,100.0,1.0,0.8,Conditional AC + Imit100
conditional_factorized_ac,1000.0,3,1000,17,uniform,17,base,none,100.0,1.0,100.0,0.0,MIX12_EQ,128.0,0.0001,32.0,256.0,,threshold_pretrain,none,777,conditional_factorized_ac_trainMIX12_EQ_C1000_F3_T1000_flush17_tau100_seed777_rscale100_imitThreshold100ep1,19.0,0.4411764705882353,44.11764705882353,0.990745446305235,0.9775967393939732,4.4775,59.85,43599.505,12,/Users/qiubi/kwallet-rl/src/idea5/general_model/results_onepool_imit100_C900_C1000_C1100_to10seeds/conditional_factorized_ac/runs/conditional_factorized_ac_trainMIX12_EQ_C1000_F3_T1000_flush17_tau100_seed777_rscale100_imitThreshold100ep1/20260527_224559_888234/cross_regime_results.json,0.0,4.4775,1.0,0.0,0.94015,0.0598499999999999,0.0,0.0598499999999999,0.9576,src/idea5/general_model/results_onepool_imit100_C900_C1000_C1100_to10seeds/aggregates/general_model_seed_level_results.csv,100.0,1.0,0.8,Conditional AC + Imit100
conditional_factorized_ac,1000.0,3,1000,17,uniform,17,base,none,100.0,1.0,100.0,0.0,MIX12_EQ,128.0,0.0001,32.0,256.0,,threshold_pretrain,none,999,conditional_factorized_ac_trainMIX12_EQ_C1000_F3_T1000_flush17_tau100_seed999_rscale100_imitThreshold100ep1,19.0,0.4411764705882353,44.11764705882353,0.9939697026901242,0.9826285901122528,2.7083333333333335,61.55500000000001,43590.7525,12,/Users/qiubi/kwallet-rl/src/idea5/general_model/results_onepool_imit100_C900_C1000_C1100_to10seeds/conditional_factorized_ac/runs/conditional_factorized_ac_trainMIX12_EQ_C1000_F3_T1000_flush17_tau100_seed999_rscale100_imitThreshold100ep1/20260527_231438_342705/cross_regime_results.json,0.0,2.7083333333333335,1.0,0.0,0.938445,0.061555,0.0,0.061555,0.98488,src/idea5/general_model/results_onepool_imit100_C900_C1000_C1100_to10seeds/aggregates/general_model_seed_level_results.csv,100.0,1.0,0.8,Conditional AC + Imit100
conditional_factorized_ac,1000.0,3,1000,17,uniform,17,base,none,100.0,1.0,100.0,0.0,MIX12_EQ,128.0,0.0001,32.0,256.0,,threshold_pretrain,none,2027,conditional_factorized_ac_trainMIX12_EQ_C1000_F3_T1000_flush17_tau100_seed2027_rscale100_imitThreshold100ep1,19.0,0.4411764705882353,44.11764705882353,0.9914434041704908,0.9780901667501356,4.095,60.288333333333334,43590.58625,12,/Users/qiubi/kwallet-rl/src/idea5/general_model/results_onepool_imit100_C900_C1000_C1100_to10seeds/conditional_factorized_ac/runs/conditional_factorized_ac_trainMIX12_EQ_C1000_F3_T1000_flush17_tau100_seed2027_rscale100_imitThreshold100ep1/20260527_234202_008097/cross_regime_results.json,0.0,4.095,1.0,0.0,0.9397116666666666,0.0602883333333333,0.0,0.0602883333333333,0.9646133333333334,src/idea5/general_model/results_onepool_imit100_C900_C1000_C1100_to10seeds/aggregates/general_model_seed_level_results.csv,100.0,1.0,0.8,Conditional AC + Imit100
conditional_factorized_ac,1000.0,3,1000,17,uniform,17,base,none,100.0,1.0,100.0,0.0,MIX12_EQ,128.0,0.0001,32.0,256.0,,threshold_pretrain,none,3407,conditional_factorized_ac_trainMIX12_EQ_C1000_F3_T1000_flush17_tau100_seed3407_rscale100_imitThreshold100ep1,19.0,0.4411764705882353,44.11764705882353,0.992214771597153,0.9793018395876552,3.664583333333334,60.47541666666666,43610.62875,12,/Users/qiubi/kwallet-rl/src/idea5/general_model/results_onepool_imit100_C900_C1000_C1100_to10seeds/conditional_factorized_ac/runs/conditional_factorized_ac_trainMIX12_EQ_C1000_F3_T1000_flush17_tau100_seed3407_rscale100_imitThreshold100ep1/20260528_000743_100237/cross_regime_results.json,0.0,3.664583333333334,1.0,0.0,0.9395245833333332,0.0604754166666666,0.0,0.0604754166666666,0.9676066666666668,src/idea5/general_model/results_onepool_imit100_C900_C1000_C1100_to10seeds/aggregates/general_model_seed_level_results.csv,100.0,1.0,0.8,Conditional AC + Imit100
conditional_factorized_ac,1000.0,3,1000,17,uniform,17,base,none,100.0,1.0,100.0,0.0,MIX12_EQ,128.0,0.0001,32.0,256.0,,threshold_pretrain,none,4501,conditional_factorized_ac_trainMIX12_EQ_C1000_F3_T1000_flush17_tau100_seed4501_rscale100_imitThreshold100ep1,19.0,0.4411764705882353,44.11764705882353,0.9894920076141602,0.9756887645253814,5.215833333333333,59.17250000000001,43604.48374999999,12,/Users/qiubi/kwallet-rl/src/idea5/general_model/results_onepool_imit100_C900_C1000_C1100_to10seeds/conditional_factorized_ac/runs/conditional_factorized_ac_trainMIX12_EQ_C1000_F3_T1000_flush17_tau100_seed4501_rscale100_imitThreshold100ep1/20260528_003328_386117/cross_regime_results.json,0.0,5.215833333333333,1.0,0.0,0.9408274999999996,0.0591724999999999,0.0,0.0591724999999999,0.94676,src/idea5/general_model/results_onepool_imit100_C900_C1000_C1100_to10seeds/aggregates/general_model_seed_level_results.csv,100.0,1.0,0.8,Conditional AC + Imit100
conditional_factorized_ac,1000.0,3,1000,17,uniform,17,base,none,100.0,1.0,100.0,0.0,MIX12_EQ,128.0,0.0001,32.0,256.0,,threshold_pretrain,none,6101,conditional_factorized_ac_trainMIX12_EQ_C1000_F3_T1000_flush17_tau100_seed6101_rscale100_imitThreshold100ep1,19.0,0.4411764705882353,44.11764705882353,0.9886332393164494,0.9750795795632324,5.710833333333333,58.83083333333333,43595.40291666667,12,/Users/qiubi/kwallet-rl/src/idea5/general_model/results_onepool_imit100_C900_C1000_C1100_to10seeds/conditional_factorized_ac/runs/conditional_factorized_ac_trainMIX12_EQ_C1000_F3_T1000_flush17_tau100_seed6101_rscale100_imitThreshold100ep1/20260528_005959_136148/cross_regime_results.json,0.0,5.710833333333333,1.0,0.0,0.9411691666666666,0.0588308333333333,0.0,0.0588308333333333,0.9412933333333332,src/idea5/general_model/results_onepool_imit100_C900_C1000_C1100_to10seeds/aggregates/general_model_seed_level_results.csv,100.0,1.0,0.8,Conditional AC + Imit100
conditional_factorized_ac,1000.0,3,1000,17,uniform,17,base,none,100.0,1.0,100.0,0.0,MIX12_EQ,128.0,0.0001,32.0,256.0,,threshold_pretrain,none,8888,conditional_factorized_ac_trainMIX12_EQ_C1000_F3_T1000_flush17_tau100_seed8888_rscale100_imitThreshold100ep1,19.0,0.4411764705882353,44.11764705882353,0.9899037523973592,0.9760845630622836,5.004166666666666,59.44708333333333,43597.557083333326,12,/Users/qiubi/kwallet-rl/src/idea5/general_model/results_onepool_imit100_C900_C1000_C1100_to10seeds/conditional_factorized_ac/runs/conditional_factorized_ac_trainMIX12_EQ_C1000_F3_T1000_flush17_tau100_seed8888_rscale100_imitThreshold100ep1/20260528_012607_000279/cross_regime_results.json,0.0,5.004166666666666,1.0,0.0,0.9405529166666668,0.0587958333333333,0.00065125,0.0593656770833333,0.9498508333333334,src/idea5/general_model/results_onepool_imit100_C900_C1000_C1100_to10seeds/aggregates/general_model_seed_level_results.csv,100.0,1.0,0.8,Conditional AC + Imit100
conditional_factorized_ac,1000.0,3,1000,17,uniform,17,base,none,100.0,1.0,100.0,0.0,MIX12_EQ,128.0,0.0001,32.0,256.0,,none,none,323,conditional_factorized_ac_trainMIX12_EQ_C1000_F3_T1000_flush17_tau100_seed323_rscale100,19.0,0.4411764705882353,44.11764705882353,0.9887859644255164,0.974902140243228,5.765833333333333,59.369166666666665,43549.33625,12,/Users/qiubi/kwallet-rl/src/idea5/general_model/results_stable_conditional_multiseed_C1000_C1200_C1600/conditional_factorized_ac/runs/conditional_factorized_ac_trainMIX12_EQ_C1000_F3_T1000_flush17_tau100_seed323_rscale100/20260524_152818_531223/cross_regime_results.json,0.0,5.765833333333333,1.0,0.0,0.9406308333333332,0.05919625,0.0001729166666666,0.0593583593749999,0.94973375,src/idea5/general_model/results_stable_conditional_multiseed_C1000_C1200_C1600/aggregates/general_model_seed_level_results.csv,,,,Stable Conditional AC
conditional_factorized_ac,1000.0,3,1000,17,uniform,17,base,none,100.0,1.0,100.0,0.0,MIX12_EQ,128.0,0.0001,32.0,256.0,,none,none,532,conditional_factorized_ac_trainMIX12_EQ_C1000_F3_T1000_flush17_tau100_seed532_rscale100,19.0,0.4411764705882353,44.11764705882353,0.9891001504762033,0.9757243528862728,5.440833333333333,59.26958333333332,43574.89791666667,12,/Users/qiubi/kwallet-rl/src/idea5/general_model/results_stable_conditional_multiseed_C1000_C1200_C1600/conditional_factorized_ac/runs/conditional_factorized_ac_trainMIX12_EQ_C1000_F3_T1000_flush17_tau100_seed532_rscale100/20260524_154758_439269/cross_regime_results.json,0.0,5.440833333333333,1.0,0.0,0.9407304166666668,0.0592695833333333,0.0,0.0592695833333333,0.9483133333333336,src/idea5/general_model/results_stable_conditional_multiseed_C1000_C1200_C1600/aggregates/general_model_seed_level_results.csv,,,,Stable Conditional AC
conditional_factorized_ac,1000.0,3,1000,17,uniform,17,base,none,100.0,1.0,100.0,0.0,MIX12_EQ,128.0,0.0001,32.0,256.0,,none,none,777,conditional_factorized_ac_trainMIX12_EQ_C1000_F3_T1000_flush17_tau100_seed777_rscale100,19.0,0.4411764705882353,44.11764705882353,0.9910851227501488,0.9785225585814228,4.425,60.58375000000001,43543.21166666667,12,/Users/qiubi/kwallet-rl/src/idea5/general_model/results_formal_main_grid_stable_to_10seeds/conditional_factorized_ac/runs/conditional_factorized_ac_trainMIX12_EQ_C1000_F3_T1000_flush17_tau100_seed777_rscale100/20260524_194937_049699/cross_regime_results.json,0.0,4.425,1.0,0.0,0.93941625,0.06058375,0.0,0.06058375,0.9693400000000002,src/idea5/general_model/results_formal_main_grid_stable_to_10seeds/aggregates/general_model_seed_level_results.csv,,,,Stable Conditional AC
conditional_factorized_ac,1000.0,3,1000,17,uniform,17,base,none,100.0,1.0,100.0,0.0,MIX12_EQ,128.0,0.0001,32.0,256.0,,none,none,999,conditional_factorized_ac_trainMIX12_EQ_C1000_F3_T1000_flush17_tau100_seed999_rscale100,19.0,0.4411764705882353,44.11764705882353,0.9917413988595652,0.9792387623700148,3.9358333333333326,60.27249999999999,43607.310000000005,12,/Users/qiubi/kwallet-rl/src/idea5/general_model/results_formal_main_grid_stable_to_10seeds/conditional_factorized_ac/runs/conditional_factorized_ac_trainMIX12_EQ_C1000_F3_T1000_flush17_tau100_seed999_rscale100/20260524_201016_662280/cross_regime_results.json,0.0,3.9358333333333326,1.0,0.0,0.9397275,0.0602725,0.0,0.0602725,0.96436,src/idea5/general_model/results_formal_main_grid_stable_to_10seeds/aggregates/general_model_seed_level_results.csv,,,,Stable Conditional AC
conditional_factorized_ac,1000.0,3,1000,17,uniform,17,base,none,100.0,1.0,100.0,0.0,MIX12_EQ,128.0,0.0001,32.0,256.0,,none,none,2027,conditional_factorized_ac_trainMIX12_EQ_C1000_F3_T1000_flush17_tau100_seed2027_rscale100,19.0,0.4411764705882353,44.11764705882353,0.9906106521248328,0.9777038432005216,4.7508333333333335,61.07041666666667,43470.57708333334,12,/Users/qiubi/kwallet-rl/src/idea5/general_model/results_formal_main_grid_stable_to_10seeds/conditional_factorized_ac/runs/conditional_factorized_ac_trainMIX12_EQ_C1000_F3_T1000_flush17_tau100_seed2027_rscale100/20260524_202957_633969/cross_regime_results.json,0.0,4.7508333333333335,1.0,0.0,0.9389295833333332,0.0610704166666666,0.0,0.0610704166666666,0.9771266666666668,src/idea5/general_model/results_formal_main_grid_stable_to_10seeds/aggregates/general_model_seed_level_results.csv,,,,Stable Conditional AC
conditional_factorized_ac,1000.0,3,1000,17,uniform,17,base,none,100.0,1.0,100.0,0.0,MIX12_EQ,128.0,0.0001,32.0,256.0,,none,none,3407,conditional_factorized_ac_trainMIX12_EQ_C1000_F3_T1000_flush17_tau100_seed3407_rscale100,19.0,0.4411764705882353,44.11764705882353,0.9892209760092006,0.9755146068629632,5.369583333333334,59.14041666666666,43594.06916666666,12,/Users/qiubi/kwallet-rl/src/idea5/general_model/results_formal_main_grid_stable_to_10seeds/conditional_factorized_ac/runs/conditional_factorized_ac_trainMIX12_EQ_C1000_F3_T1000_flush17_tau100_seed3407_rscale100/20260524_204831_011941/cross_regime_results.json,0.0,5.369583333333334,1.0,0.0,0.9408595833333332,0.0591404166666666,0.0,0.0591404166666666,0.9462466666666668,src/idea5/general_model/results_formal_main_grid_stable_to_10seeds/aggregates/general_model_seed_level_results.csv,,,,Stable Conditional AC
conditional_factorized_ac,1000.0,3,1000,17,uniform,17,base,none,100.0,1.0,100.0,0.0,MIX12_EQ,128.0,0.0001,32.0,256.0,,none,none,4501,conditional_factorized_ac_trainMIX12_EQ_C1000_F3_T1000_flush17_tau100_seed4501_rscale100,19.0,0.4411764705882353,44.11764705882353,0.991991877092148,0.9793816994825024,3.87625,60.71416666666667,43575.634583333325,12,/Users/qiubi/kwallet-rl/src/idea5/general_model/results_formal_main_grid_stable_to_10seeds/conditional_factorized_ac/runs/conditional_factorized_ac_trainMIX12_EQ_C1000_F3_T1000_flush17_tau100_seed4501_rscale100/20260524_210739_032196/cross_regime_results.json,0.0,3.87625,1.0,0.0,0.9392858333333332,0.0607141666666666,0.0,0.0607141666666666,0.9714266666666664,src/idea5/general_model/results_formal_main_grid_stable_to_10seeds/aggregates/general_model_seed_level_results.csv,,,,Stable Conditional AC
conditional_factorized_ac,1000.0,3,1000,17,uniform,17,base,none,100.0,1.0,100.0,0.0,MIX12_EQ,128.0,0.0001,32.0,256.0,,none,none,6101,conditional_factorized_ac_trainMIX12_EQ_C1000_F3_T1000_flush17_tau100_seed6101_rscale100,19.0,0.4411764705882353,44.11764705882353,0.9889338226369938,0.975401908527771,5.627083333333334,59.29458333333333,43564.2125,12,/Users/qiubi/kwallet-rl/src/idea5/general_model/results_formal_main_grid_stable_to_10seeds/conditional_factorized_ac/runs/conditional_factorized_ac_trainMIX12_EQ_C1000_F3_T1000_flush17_tau100_seed6101_rscale100/20260524_212628_953887/cross_regime_results.json,0.0,5.627083333333334,1.0,0.0,0.9407054166666668,0.0592945833333333,0.0,0.0592945833333333,0.9487133333333334,src/idea5/general_model/results_formal_main_grid_stable_to_10seeds/aggregates/general_model_seed_level_results.csv,,,,Stable Conditional AC
conditional_factorized_ac,1000.0,3,1000,17,uniform,17,base,none,100.0,1.0,100.0,0.0,MIX12_EQ,128.0,0.0001,32.0,256.0,,none,none,8888,conditional_factorized_ac_trainMIX12_EQ_C1000_F3_T1000_flush17_tau100_seed8888_rscale100,19.0,0.4411764705882353,44.11764705882353,0.9925726899078068,0.9796429439085532,3.475,60.75541666666667,43600.557916666665,12,/Users/qiubi/kwallet-rl/src/idea5/general_model/results_formal_main_grid_stable_to_10seeds/conditional_factorized_ac/runs/conditional_factorized_ac_trainMIX12_EQ_C1000_F3_T1000_flush17_tau100_seed8888_rscale100/20260524_214451_773207/cross_regime_results.json,0.0,3.475,1.0,0.0,0.9392445833333336,0.0607554166666666,0.0,0.0607554166666666,0.9720866666666668,src/idea5/general_model/results_formal_main_grid_stable_to_10seeds/aggregates/general_model_seed_level_results.csv,,,,Stable Conditional AC
grid_threshold,1000.0,3,1000,17,uniform,17,base,none,1.0,1.0,100.0,0.0,MIX12_EQ,,,,,grid,none,none,323,grid_threshold_trainMIX12_EQ_C1000_F3_T1000_flush17_tau100_seed323_eta0p8,,,,0.98914859913464,0.9744051683780584,5.295,61.37624999999999,43366.667083333334,12,/Users/qiubi/kwallet-rl/src/idea5/general_model/results_formal_main_grid_stable_to_10seeds/grid_threshold/runs/grid_threshold_trainMIX12_EQ_C1000_F3_T1000_flush17_tau100_seed323_eta0p8/20260524_193830_747983/cross_regime_results.json,5.295,0.0,,,,,,,,src/idea5/general_model/results_formal_main_grid_stable_to_10seeds/aggregates/general_model_seed_level_results.csv,,,,Tuned Threshold
grid_threshold,1000.0,3,1000,17,uniform,17,base,none,1.0,1.0,100.0,0.0,MIX12_EQ,,,,,grid,none,none,532,grid_threshold_trainMIX12_EQ_C1000_F3_T1000_flush17_tau100_seed532_eta0p8,,,,0.98914859913464,0.9744051683780584,5.295,61.37624999999999,43366.667083333334,12,/Users/qiubi/kwallet-rl/src/idea5/general_model/results_formal_main_grid_stable_to_10seeds/grid_threshold/runs/grid_threshold_trainMIX12_EQ_C1000_F3_T1000_flush17_tau100_seed532_eta0p8/20260524_193856_800585/cross_regime_results.json,5.295,0.0,,,,,,,,src/idea5/general_model/results_formal_main_grid_stable_to_10seeds/aggregates/general_model_seed_level_results.csv,,,,Tuned Threshold
grid_threshold,1000.0,3,1000,17,uniform,17,base,none,1.0,1.0,100.0,0.0,MIX12_EQ,,,,,grid,none,none,777,grid_threshold_trainMIX12_EQ_C1000_F3_T1000_flush17_tau100_seed777_eta0p8,,,,0.98914859913464,0.9744051683780584,5.295,61.37624999999999,43366.667083333334,12,/Users/qiubi/kwallet-rl/src/idea5/general_model/results_formal_main_grid_stable_to_10seeds/grid_threshold/runs/grid_threshold_trainMIX12_EQ_C1000_F3_T1000_flush17_tau100_seed777_eta0p8/20260524_193919_431637/cross_regime_results.json,5.295,0.0,,,,,,,,src/idea5/general_model/results_formal_main_grid_stable_to_10seeds/aggregates/general_model_seed_level_results.csv,,,,Tuned Threshold
grid_threshold,1000.0,3,1000,17,uniform,17,base,none,1.0,1.0,100.0,0.0,MIX12_EQ,,,,,grid,none,none,999,grid_threshold_trainMIX12_EQ_C1000_F3_T1000_flush17_tau100_seed999_eta0p8,,,,0.98914859913464,0.9744051683780584,5.295,61.37624999999999,43366.667083333334,12,/Users/qiubi/kwallet-rl/src/idea5/general_model/results_formal_main_grid_stable_to_10seeds/grid_threshold/runs/grid_threshold_trainMIX12_EQ_C1000_F3_T1000_flush17_tau100_seed999_eta0p8/20260524_193941_678899/cross_regime_results.json,5.295,0.0,,,,,,,,src/idea5/general_model/results_formal_main_grid_stable_to_10seeds/aggregates/general_model_seed_level_results.csv,,,,Tuned Threshold
grid_threshold,1000.0,3,1000,17,uniform,17,base,none,1.0,1.0,100.0,0.0,MIX12_EQ,,,,,grid,none,none,2027,grid_threshold_trainMIX12_EQ_C1000_F3_T1000_flush17_tau100_seed2027_eta0p8,,,,0.98914859913464,0.9744051683780584,5.295,61.37624999999999,43366.667083333334,12,/Users/qiubi/kwallet-rl/src/idea5/general_model/results_formal_main_grid_stable_to_10seeds/grid_threshold/runs/grid_threshold_trainMIX12_EQ_C1000_F3_T1000_flush17_tau100_seed2027_eta0p8/20260524_194003_746502/cross_regime_results.json,5.295,0.0,,,,,,,,src/idea5/general_model/results_formal_main_grid_stable_to_10seeds/aggregates/general_model_seed_level_results.csv,,,,Tuned Threshold
grid_threshold,1000.0,3,1000,17,uniform,17,base,none,1.0,1.0,100.0,0.0,MIX12_EQ,,,,,grid,none,none,3407,grid_threshold_trainMIX12_EQ_C1000_F3_T1000_flush17_tau100_seed3407_eta0p8,,,,0.98914859913464,0.9744051683780584,5.295,61.37624999999999,43366.667083333334,12,/Users/qiubi/kwallet-rl/src/idea5/general_model/results_formal_main_grid_stable_to_10seeds/grid_threshold/runs/grid_threshold_trainMIX12_EQ_C1000_F3_T1000_flush17_tau100_seed3407_eta0p8/20260524_194030_584391/cross_regime_results.json,5.295,0.0,,,,,,,,src/idea5/general_model/results_formal_main_grid_stable_to_10seeds/aggregates/general_model_seed_level_results.csv,,,,Tuned Threshold
grid_threshold,1000.0,3,1000,17,uniform,17,base,none,1.0,1.0,100.0,0.0,MIX12_EQ,,,,,grid,none,none,4501,grid_threshold_trainMIX12_EQ_C1000_F3_T1000_flush17_tau100_seed4501_eta0p8,,,,0.98914859913464,0.9744051683780584,5.295,61.37624999999999,43366.667083333334,12,/Users/qiubi/kwallet-rl/src/idea5/general_model/results_formal_main_grid_stable_to_10seeds/grid_threshold/runs/grid_threshold_trainMIX12_EQ_C1000_F3_T1000_flush17_tau100_seed4501_eta0p8/20260524_194101_694082/cross_regime_results.json,5.295,0.0,,,,,,,,src/idea5/general_model/results_formal_main_grid_stable_to_10seeds/aggregates/general_model_seed_level_results.csv,,,,Tuned Threshold
grid_threshold,1000.0,3,1000,17,uniform,17,base,none,1.0,1.0,100.0,0.0,MIX12_EQ,,,,,grid,none,none,6101,grid_threshold_trainMIX12_EQ_C1000_F3_T1000_flush17_tau100_seed6101_eta0p8,,,,0.98914859913464,0.9744051683780584,5.295,61.37624999999999,43366.667083333334,12,/Users/qiubi/kwallet-rl/src/idea5/general_model/results_formal_main_grid_stable_to_10seeds/grid_threshold/runs/grid_threshold_trainMIX12_EQ_C1000_F3_T1000_flush17_tau100_seed6101_eta0p8/20260524_194125_402833/cross_regime_results.json,5.295,0.0,,,,,,,,src/idea5/general_model/results_formal_main_grid_stable_to_10seeds/aggregates/general_model_seed_level_results.csv,,,,Tuned Threshold
grid_threshold,1000.0,3,1000,17,uniform,17,base,none,1.0,1.0,100.0,0.0,MIX12_EQ,,,,,grid,none,none,8888,grid_threshold_trainMIX12_EQ_C1000_F3_T1000_flush17_tau100_seed8888_eta0p8,,,,0.98914859913464,0.9744051683780584,5.295,61.37624999999999,43366.667083333334,12,/Users/qiubi/kwallet-rl/src/idea5/general_model/results_formal_main_grid_stable_to_10seeds/grid_threshold/runs/grid_threshold_trainMIX12_EQ_C1000_F3_T1000_flush17_tau100_seed8888_eta0p8/20260524_194149_639091/cross_regime_results.json,5.295,0.0,,,,,,,,src/idea5/general_model/results_formal_main_grid_stable_to_10seeds/aggregates/general_model_seed_level_results.csv,,,,Tuned Threshold
conditional_factorized_ac,1100.0,3,1000,17,uniform,17,base,none,100.0,1.0,100.0,0.0,MIX12_EQ,128.0,0.0001,32.0,256.0,,threshold_pretrain,none,123,conditional_factorized_ac_trainMIX12_EQ_C1100_F3_T1000_flush17_tau100_seed123_rscale100_imitThreshold100ep1,19.0,0.4411764705882353,44.11764705882353,0.9946187958553604,0.9840959339159824,2.4137500000000003,55.01791666666667,44277.09791666667,12,/Users/qiubi/kwallet-rl/src/idea5/general_model/results_onepool_imit100_C900_C1000_C1100_to10seeds/conditional_factorized_ac/runs/conditional_factorized_ac_trainMIX12_EQ_C1100_F3_T1000_flush17_tau100_seed123_rscale100_imitThreshold100ep1/20260528_095036_898554/cross_regime_results.json,0.0,2.4137500000000003,1.0,0.0,0.9449820833333332,0.0550179166666666,0.0,0.0550179166666666,0.8802866666666668,src/idea5/general_model/results_onepool_imit100_C900_C1000_C1100_to10seeds/aggregates/general_model_seed_level_results.csv,100.0,1.0,0.8,Conditional AC + Imit100
conditional_factorized_ac,1100.0,3,1000,17,uniform,17,base,none,100.0,1.0,100.0,0.0,MIX12_EQ,128.0,0.0001,32.0,256.0,,threshold_pretrain,none,323,conditional_factorized_ac_trainMIX12_EQ_C1100_F3_T1000_flush17_tau100_seed323_rscale100_imitThreshold100ep1,19.0,0.4411764705882353,44.11764705882353,0.9918848691457964,0.979672042353384,3.94875,53.53708333333333,44288.0825,12,/Users/qiubi/kwallet-rl/src/idea5/general_model/results_onepool_imit100_C900_C1000_C1100_to10seeds/conditional_factorized_ac/runs/conditional_factorized_ac_trainMIX12_EQ_C1100_F3_T1000_flush17_tau100_seed323_rscale100_imitThreshold100ep1/20260528_101541_774566/cross_regime_results.json,0.0,3.94875,1.0,0.0,0.9464629166666666,0.0535254166666666,1.1666666666666668e-05,0.053535625,0.8565700000000002,src/idea5/general_model/results_onepool_imit100_C900_C1000_C1100_to10seeds/aggregates/general_model_seed_level_results.csv,100.0,1.0,0.8,Conditional AC + Imit100
conditional_factorized_ac,1100.0,3,1000,17,uniform,17,base,none,100.0,1.0,100.0,0.0,MIX12_EQ,128.0,0.0001,32.0,256.0,,threshold_pretrain,none,532,conditional_factorized_ac_trainMIX12_EQ_C1100_F3_T1000_flush17_tau100_seed532_rscale100_imitThreshold100ep1,19.0,0.4411764705882353,44.11764705882353,0.9919618444537728,0.9797536351818954,3.89,53.37875,44307.66625,12,/Users/qiubi/kwallet-rl/src/idea5/general_model/results_onepool_imit100_C900_C1000_C1100_to10seeds/conditional_factorized_ac/runs/conditional_factorized_ac_trainMIX12_EQ_C1100_F3_T1000_flush17_tau100_seed532_rscale100_imitThreshold100ep1/20260528_104137_280391/cross_regime_results.json,0.0,3.89,1.0,0.0,0.94662125,0.05337875,0.0,0.05337875,0.85406,src/idea5/general_model/results_onepool_imit100_C900_C1000_C1100_to10seeds/aggregates/general_model_seed_level_results.csv,100.0,1.0,0.8,Conditional AC + Imit100
conditional_factorized_ac,1100.0,3,1000,17,uniform,17,base,none,100.0,1.0,100.0,0.0,MIX12_EQ,128.0,0.0001,32.0,256.0,,threshold_pretrain,none,777,conditional_factorized_ac_trainMIX12_EQ_C1100_F3_T1000_flush17_tau100_seed777_rscale100_imitThreshold100ep1,19.0,0.4411764705882353,44.11764705882353,0.9931299388530928,0.9815597933776472,3.2304166666666667,53.88291666666666,44315.924166666664,12,/Users/qiubi/kwallet-rl/src/idea5/general_model/results_onepool_imit100_C900_C1000_C1100_to10seeds/conditional_factorized_ac/runs/conditional_factorized_ac_trainMIX12_EQ_C1100_F3_T1000_flush17_tau100_seed777_rscale100_imitThreshold100ep1/20260528_110634_462517/cross_regime_results.json,0.0,3.2304166666666667,1.0,0.0,0.9461170833333336,0.0538829166666666,0.0,0.0538829166666666,0.8621266666666668,src/idea5/general_model/results_onepool_imit100_C900_C1000_C1100_to10seeds/aggregates/general_model_seed_level_results.csv,100.0,1.0,0.8,Conditional AC + Imit100
conditional_factorized_ac,1100.0,3,1000,17,uniform,17,base,none,100.0,1.0,100.0,0.0,MIX12_EQ,128.0,0.0001,32.0,256.0,,threshold_pretrain,none,999,conditional_factorized_ac_trainMIX12_EQ_C1100_F3_T1000_flush17_tau100_seed999_rscale100_imitThreshold100ep1,19.0,0.4411764705882353,44.11764705882353,0.9924679581274164,0.9801444923650644,3.59375,53.65166666666667,44305.86749999999,12,/Users/qiubi/kwallet-rl/src/idea5/general_model/results_onepool_imit100_C900_C1000_C1100_to10seeds/conditional_factorized_ac/runs/conditional_factorized_ac_trainMIX12_EQ_C1100_F3_T1000_flush17_tau100_seed999_rscale100_imitThreshold100ep1/20260528_113217_206929/cross_regime_results.json,0.0,3.59375,1.0,0.0,0.9463483333333332,0.0536516666666666,0.0,0.0536516666666666,0.8584266666666668,src/idea5/general_model/results_onepool_imit100_C900_C1000_C1100_to10seeds/aggregates/general_model_seed_level_results.csv,100.0,1.0,0.8,Conditional AC + Imit100
conditional_factorized_ac,1100.0,3,1000,17,uniform,17,base,none,100.0,1.0,100.0,0.0,MIX12_EQ,128.0,0.0001,32.0,256.0,,threshold_pretrain,none,2027,conditional_factorized_ac_trainMIX12_EQ_C1100_F3_T1000_flush17_tau100_seed2027_rscale100_imitThreshold100ep1,19.0,0.4411764705882353,44.11764705882353,0.9922613008550272,0.980836983761358,3.76875,53.64208333333334,44296.40333333333,12,/Users/qiubi/kwallet-rl/src/idea5/general_model/results_onepool_imit100_C900_C1000_C1100_to10seeds/conditional_factorized_ac/runs/conditional_factorized_ac_trainMIX12_EQ_C1100_F3_T1000_flush17_tau100_seed2027_rscale100_imitThreshold100ep1/20260528_115731_203056/cross_regime_results.json,0.0,3.76875,1.0,0.0,0.9463579166666664,0.0536420833333333,0.0,0.0536420833333333,0.8582733333333336,src/idea5/general_model/results_onepool_imit100_C900_C1000_C1100_to10seeds/aggregates/general_model_seed_level_results.csv,100.0,1.0,0.8,Conditional AC + Imit100
conditional_factorized_ac,1100.0,3,1000,17,uniform,17,base,none,100.0,1.0,100.0,0.0,MIX12_EQ,128.0,0.0001,32.0,256.0,,threshold_pretrain,none,3407,conditional_factorized_ac_trainMIX12_EQ_C1100_F3_T1000_flush17_tau100_seed3407_rscale100_imitThreshold100ep1,19.0,0.4411764705882353,44.11764705882353,0.9946978832417676,0.9840069071505289,2.3908333333333336,54.998333333333335,44283.19875,12,/Users/qiubi/kwallet-rl/src/idea5/general_model/results_onepool_imit100_C900_C1000_C1100_to10seeds/conditional_factorized_ac/runs/conditional_factorized_ac_trainMIX12_EQ_C1100_F3_T1000_flush17_tau100_seed3407_rscale100_imitThreshold100ep1/20260528_122251_113185/cross_regime_results.json,0.0,2.3908333333333336,1.0,0.0,0.9450016666666666,0.0549983333333333,0.0,0.0549983333333333,0.8799733333333336,src/idea5/general_model/results_onepool_imit100_C900_C1000_C1100_to10seeds/aggregates/general_model_seed_level_results.csv,100.0,1.0,0.8,Conditional AC + Imit100
conditional_factorized_ac,1100.0,3,1000,17,uniform,17,base,none,100.0,1.0,100.0,0.0,MIX12_EQ,128.0,0.0001,32.0,256.0,,threshold_pretrain,none,4501,conditional_factorized_ac_trainMIX12_EQ_C1100_F3_T1000_flush17_tau100_seed4501_rscale100_imitThreshold100ep1,19.0,0.4411764705882353,44.11764705882353,0.9936333793520902,0.982693838399486,2.9654166666666666,54.35541666666668,44293.91333333333,12,/Users/qiubi/kwallet-rl/src/idea5/general_model/results_onepool_imit100_C900_C1000_C1100_to10seeds/conditional_factorized_ac/runs/conditional_factorized_ac_trainMIX12_EQ_C1100_F3_T1000_flush17_tau100_seed4501_rscale100_imitThreshold100ep1/20260528_124735_348248/cross_regime_results.json,0.0,2.9654166666666666,1.0,0.0,0.9456445833333332,0.0543554166666666,0.0,0.0543554166666666,0.8696866666666669,src/idea5/general_model/results_onepool_imit100_C900_C1000_C1100_to10seeds/aggregates/general_model_seed_level_results.csv,100.0,1.0,0.8,Conditional AC + Imit100
conditional_factorized_ac,1100.0,3,1000,17,uniform,17,base,none,100.0,1.0,100.0,0.0,MIX12_EQ,128.0,0.0001,32.0,256.0,,threshold_pretrain,none,6101,conditional_factorized_ac_trainMIX12_EQ_C1100_F3_T1000_flush17_tau100_seed6101_rscale100_imitThreshold100ep1,19.0,0.4411764705882353,44.11764705882353,0.9913764068643643,0.9788822516093686,4.2075,53.18333333333334,44297.835,12,/Users/qiubi/kwallet-rl/src/idea5/general_model/results_onepool_imit100_C900_C1000_C1100_to10seeds/conditional_factorized_ac/runs/conditional_factorized_ac_trainMIX12_EQ_C1100_F3_T1000_flush17_tau100_seed6101_rscale100_imitThreshold100ep1/20260528_131948_970134/cross_regime_results.json,0.0,4.2075,1.0,0.0,0.9468166666666664,0.0531833333333333,0.0,0.0531833333333333,0.8509333333333337,src/idea5/general_model/results_onepool_imit100_C900_C1000_C1100_to10seeds/aggregates/general_model_seed_level_results.csv,100.0,1.0,0.8,Conditional AC + Imit100
conditional_factorized_ac,1100.0,3,1000,17,uniform,17,base,none,100.0,1.0,100.0,0.0,MIX12_EQ,128.0,0.0001,32.0,256.0,,threshold_pretrain,none,8888,conditional_factorized_ac_trainMIX12_EQ_C1100_F3_T1000_flush17_tau100_seed8888_rscale100_imitThreshold100ep1,19.0,0.4411764705882353,44.11764705882353,0.9926261172620088,0.9814051390800478,3.5279166666666666,53.70541666666667,44308.424166666664,12,/Users/qiubi/kwallet-rl/src/idea5/general_model/results_onepool_imit100_C900_C1000_C1100_to10seeds/conditional_factorized_ac/runs/conditional_factorized_ac_trainMIX12_EQ_C1100_F3_T1000_flush17_tau100_seed8888_rscale100_imitThreshold100ep1/20260528_134453_685612/cross_regime_results.json,0.0,3.5279166666666666,1.0,0.0,0.9462945833333332,0.0536629166666666,4.25e-05,0.0537027604166666,0.859244166666667,src/idea5/general_model/results_onepool_imit100_C900_C1000_C1100_to10seeds/aggregates/general_model_seed_level_results.csv,100.0,1.0,0.8,Conditional AC + Imit100
conditional_factorized_ac,1100.0,3,1000,17,uniform,17,base,none,100.0,1.0,100.0,0.0,MIX12_EQ,128.0,0.0001,32.0,256.0,,none,none,123,conditional_factorized_ac_trainMIX12_EQ_C1100_F3_T1000_flush17_tau100_seed123_rscale100,19.0,0.4411764705882353,44.11764705882353,0.989159494701096,0.9757273316488893,5.735833333333333,52.83791666666667,44220.9625,12,/Users/qiubi/kwallet-rl/src/idea5/general_model/results_formal_main_grid_stable_C800_C900_C1100_10seeds/conditional_factorized_ac/runs/conditional_factorized_ac_trainMIX12_EQ_C1100_F3_T1000_flush17_tau100_seed123_rscale100/20260525_142619_961986/cross_regime_results.json,0.0,5.735833333333333,1.0,0.0,0.9471620833333332,0.0528379166666666,0.0,0.0528379166666666,0.8454066666666668,src/idea5/general_model/results_formal_main_grid_stable_C800_C900_C1100_10seeds/aggregates/general_model_seed_level_results.csv,,,,Stable Conditional AC
conditional_factorized_ac,1100.0,3,1000,17,uniform,17,base,none,100.0,1.0,100.0,0.0,MIX12_EQ,128.0,0.0001,32.0,256.0,,none,none,323,conditional_factorized_ac_trainMIX12_EQ_C1100_F3_T1000_flush17_tau100_seed323_rscale100,19.0,0.4411764705882353,44.11764705882353,0.9890994165195178,0.9768771050777164,5.720833333333334,52.69458333333333,44232.67833333334,12,/Users/qiubi/kwallet-rl/src/idea5/general_model/results_formal_main_grid_stable_C800_C900_C1100_10seeds/conditional_factorized_ac/runs/conditional_factorized_ac_trainMIX12_EQ_C1100_F3_T1000_flush17_tau100_seed323_rscale100/20260525_144442_260271/cross_regime_results.json,0.0,5.720833333333334,1.0,0.0,0.9473054166666668,0.0526945833333333,0.0,0.0526945833333333,0.8431133333333335,src/idea5/general_model/results_formal_main_grid_stable_C800_C900_C1100_10seeds/aggregates/general_model_seed_level_results.csv,,,,Stable Conditional AC
conditional_factorized_ac,1100.0,3,1000,17,uniform,17,base,none,100.0,1.0,100.0,0.0,MIX12_EQ,128.0,0.0001,32.0,256.0,,none,none,532,conditional_factorized_ac_trainMIX12_EQ_C1100_F3_T1000_flush17_tau100_seed532_rscale100,19.0,0.4411764705882353,44.11764705882353,0.989576137858318,0.9770586528522586,5.32,52.776250000000005,44248.45625,12,/Users/qiubi/kwallet-rl/src/idea5/general_model/results_formal_main_grid_stable_C800_C900_C1100_10seeds/conditional_factorized_ac/runs/conditional_factorized_ac_trainMIX12_EQ_C1100_F3_T1000_flush17_tau100_seed532_rscale100/20260525_150339_715587/cross_regime_results.json,0.0,5.32,1.0,0.0,0.94722375,0.05277625,0.0,0.05277625,0.8444200000000003,src/idea5/general_model/results_formal_main_grid_stable_C800_C900_C1100_10seeds/aggregates/general_model_seed_level_results.csv,,,,Stable Conditional AC
conditional_factorized_ac,1100.0,3,1000,17,uniform,17,base,none,100.0,1.0,100.0,0.0,MIX12_EQ,128.0,0.0001,32.0,256.0,,none,none,777,conditional_factorized_ac_trainMIX12_EQ_C1100_F3_T1000_flush17_tau100_seed777_rscale100,19.0,0.4411764705882353,44.11764705882353,0.9929820018566432,0.9822323775523673,3.556666666666666,54.725833333333334,44224.31,12,/Users/qiubi/kwallet-rl/src/idea5/general_model/results_formal_main_grid_stable_C800_C900_C1100_10seeds/conditional_factorized_ac/runs/conditional_factorized_ac_trainMIX12_EQ_C1100_F3_T1000_flush17_tau100_seed777_rscale100/20260525_152227_451345/cross_regime_results.json,0.0,3.556666666666666,1.0,0.0,0.9452741666666664,0.0547258333333333,0.0,0.0547258333333333,0.8756133333333335,src/idea5/general_model/results_formal_main_grid_stable_C800_C900_C1100_10seeds/aggregates/general_model_seed_level_results.csv,,,,Stable Conditional AC
conditional_factorized_ac,1100.0,3,1000,17,uniform,17,base,none,100.0,1.0,100.0,0.0,MIX12_EQ,128.0,0.0001,32.0,256.0,,none,none,999,conditional_factorized_ac_trainMIX12_EQ_C1100_F3_T1000_flush17_tau100_seed999_rscale100,19.0,0.4411764705882353,44.11764705882353,0.991081025156524,0.9792639548960926,4.43375,53.180416666666666,44283.39500000001,12,/Users/qiubi/kwallet-rl/src/idea5/general_model/results_formal_main_grid_stable_C800_C900_C1100_10seeds/conditional_factorized_ac/runs/conditional_factorized_ac_trainMIX12_EQ_C1100_F3_T1000_flush17_tau100_seed999_rscale100/20260525_154050_323952/cross_regime_results.json,0.0,4.43375,1.0,0.0,0.9468195833333332,0.0531804166666666,0.0,0.0531804166666666,0.8508866666666668,src/idea5/general_model/results_formal_main_grid_stable_C800_C900_C1100_10seeds/aggregates/general_model_seed_level_results.csv,,,,Stable Conditional AC
conditional_factorized_ac,1100.0,3,1000,17,uniform,17,base,none,100.0,1.0,100.0,0.0,MIX12_EQ,128.0,0.0001,32.0,256.0,,none,none,2027,conditional_factorized_ac_trainMIX12_EQ_C1100_F3_T1000_flush17_tau100_seed2027_rscale100,19.0,0.4411764705882353,44.11764705882353,0.9957229003762994,0.985849988538654,1.843333333333333,56.419999999999995,44192.38208333334,12,/Users/qiubi/kwallet-rl/src/idea5/general_model/results_formal_main_grid_stable_C800_C900_C1100_10seeds/conditional_factorized_ac/runs/conditional_factorized_ac_trainMIX12_EQ_C1100_F3_T1000_flush17_tau100_seed2027_rscale100/20260525_155950_995694/cross_regime_results.json,0.0,1.843333333333333,1.0,0.0,0.94358,0.05642,0.0,0.05642,0.9027200000000004,src/idea5/general_model/results_formal_main_grid_stable_C800_C900_C1100_10seeds/aggregates/general_model_seed_level_results.csv,,,,Stable Conditional AC
conditional_factorized_ac,1100.0,3,1000,17,uniform,17,base,none,100.0,1.0,100.0,0.0,MIX12_EQ,128.0,0.0001,32.0,256.0,,none,none,3407,conditional_factorized_ac_trainMIX12_EQ_C1100_F3_T1000_flush17_tau100_seed3407_rscale100,19.0,0.4411764705882353,44.11764705882353,0.9896095940691144,0.977379409987766,5.353333333333333,52.57749999999999,44270.060416666674,12,/Users/qiubi/kwallet-rl/src/idea5/general_model/results_formal_main_grid_stable_C800_C900_C1100_10seeds/conditional_factorized_ac/runs/conditional_factorized_ac_trainMIX12_EQ_C1100_F3_T1000_flush17_tau100_seed3407_rscale100/20260525_163608_421635/cross_regime_results.json,0.0,5.353333333333333,1.0,0.0,0.9474225,0.0525766666666666,8.333333333333334e-07,0.0525773958333333,0.8412383333333335,src/idea5/general_model/results_formal_main_grid_stable_C800_C900_C1100_10seeds/aggregates/general_model_seed_level_results.csv,,,,Stable Conditional AC
conditional_factorized_ac,1100.0,3,1000,17,uniform,17,base,none,100.0,1.0,100.0,0.0,MIX12_EQ,128.0,0.0001,32.0,256.0,,none,none,4501,conditional_factorized_ac_trainMIX12_EQ_C1100_F3_T1000_flush17_tau100_seed4501_rscale100,19.0,0.4411764705882353,44.11764705882353,0.9926501070478176,0.9820846676357384,3.5958333333333337,54.53874999999999,44226.24708333333,12,/Users/qiubi/kwallet-rl/src/idea5/general_model/results_formal_main_grid_stable_C800_C900_C1100_10seeds/conditional_factorized_ac/runs/conditional_factorized_ac_trainMIX12_EQ_C1100_F3_T1000_flush17_tau100_seed4501_rscale100/20260525_174127_431647/cross_regime_results.json,0.0,3.5958333333333337,1.0,0.0,0.94546125,0.05453875,0.0,0.05453875,0.8726200000000004,src/idea5/general_model/results_formal_main_grid_stable_C800_C900_C1100_10seeds/aggregates/general_model_seed_level_results.csv,,,,Stable Conditional AC
conditional_factorized_ac,1100.0,3,1000,17,uniform,17,base,none,100.0,1.0,100.0,0.0,MIX12_EQ,128.0,0.0001,32.0,256.0,,none,none,6101,conditional_factorized_ac_trainMIX12_EQ_C1100_F3_T1000_flush17_tau100_seed6101_rscale100,19.0,0.4411764705882353,44.11764705882353,0.9930755824627878,0.9820168525521688,3.465416666666666,54.52375,44249.27208333334,12,/Users/qiubi/kwallet-rl/src/idea5/general_model/results_formal_main_grid_stable_C800_C900_C1100_10seeds/conditional_factorized_ac/runs/conditional_factorized_ac_trainMIX12_EQ_C1100_F3_T1000_flush17_tau100_seed6101_rscale100/20260525_180012_606443/cross_regime_results.json,0.0,3.465416666666666,1.0,0.0,0.94547625,0.05452375,0.0,0.05452375,0.87238,src/idea5/general_model/results_formal_main_grid_stable_C800_C900_C1100_10seeds/aggregates/general_model_seed_level_results.csv,,,,Stable Conditional AC
conditional_factorized_ac,1100.0,3,1000,17,uniform,17,base,none,100.0,1.0,100.0,0.0,MIX12_EQ,128.0,0.0001,32.0,256.0,,none,none,8888,conditional_factorized_ac_trainMIX12_EQ_C1100_F3_T1000_flush17_tau100_seed8888_rscale100,19.0,0.4411764705882353,44.11764705882353,0.992746881609388,0.9810550601536272,3.4599999999999995,53.87833333333333,44297.060416666674,12,/Users/qiubi/kwallet-rl/src/idea5/general_model/results_formal_main_grid_stable_C800_C900_C1100_10seeds/conditional_factorized_ac/runs/conditional_factorized_ac_trainMIX12_EQ_C1100_F3_T1000_flush17_tau100_seed8888_rscale100/20260525_181830_256839/cross_regime_results.json,0.0,3.4599999999999995,1.0,0.0,0.9461216666666664,0.0536370833333333,0.00024125,0.0538632552083333,0.8618120833333333,src/idea5/general_model/results_formal_main_grid_stable_C800_C900_C1100_10seeds/aggregates/general_model_seed_level_results.csv,,,,Stable Conditional AC
grid_threshold,1100.0,3,1000,17,uniform,17,base,none,1.0,1.0,100.0,0.0,MIX12_EQ,,,,,grid,none,none,123,grid_threshold_trainMIX12_EQ_C1100_F3_T1000_flush17_tau100_seed123_eta0p8,,,,0.9934260600117608,0.9811024242653064,2.9370833333333333,56.001250000000006,44119.00916666666,12,/Users/qiubi/kwallet-rl/src/idea5/general_model/results_formal_main_grid_stable_C800_C900_C1100_10seeds/grid_threshold/runs/grid_threshold_trainMIX12_EQ_C1100_F3_T1000_flush17_tau100_seed123_eta0p8/20260525_075952_630983/cross_regime_results.json,2.9370833333333333,0.0,,,,,,,,src/idea5/general_model/results_formal_main_grid_stable_C800_C900_C1100_10seeds/aggregates/general_model_seed_level_results.csv,,,,Tuned Threshold
grid_threshold,1100.0,3,1000,17,uniform,17,base,none,1.0,1.0,100.0,0.0,MIX12_EQ,,,,,grid,none,none,323,grid_threshold_trainMIX12_EQ_C1100_F3_T1000_flush17_tau100_seed323_eta0p8,,,,0.9934260600117608,0.9811024242653064,2.9370833333333333,56.001250000000006,44119.00916666666,12,/Users/qiubi/kwallet-rl/src/idea5/general_model/results_formal_main_grid_stable_C800_C900_C1100_10seeds/grid_threshold/runs/grid_threshold_trainMIX12_EQ_C1100_F3_T1000_flush17_tau100_seed323_eta0p8/20260525_080015_089215/cross_regime_results.json,2.9370833333333333,0.0,,,,,,,,src/idea5/general_model/results_formal_main_grid_stable_C800_C900_C1100_10seeds/aggregates/general_model_seed_level_results.csv,,,,Tuned Threshold
grid_threshold,1100.0,3,1000,17,uniform,17,base,none,1.0,1.0,100.0,0.0,MIX12_EQ,,,,,grid,none,none,532,grid_threshold_trainMIX12_EQ_C1100_F3_T1000_flush17_tau100_seed532_eta0p8,,,,0.9934260600117608,0.9811024242653064,2.9370833333333333,56.001250000000006,44119.00916666666,12,/Users/qiubi/kwallet-rl/src/idea5/general_model/results_formal_main_grid_stable_C800_C900_C1100_10seeds/grid_threshold/runs/grid_threshold_trainMIX12_EQ_C1100_F3_T1000_flush17_tau100_seed532_eta0p8/20260525_080037_512346/cross_regime_results.json,2.9370833333333333,0.0,,,,,,,,src/idea5/general_model/results_formal_main_grid_stable_C800_C900_C1100_10seeds/aggregates/general_model_seed_level_results.csv,,,,Tuned Threshold
grid_threshold,1100.0,3,1000,17,uniform,17,base,none,1.0,1.0,100.0,0.0,MIX12_EQ,,,,,grid,none,none,777,grid_threshold_trainMIX12_EQ_C1100_F3_T1000_flush17_tau100_seed777_eta0p8,,,,0.9934260600117608,0.9811024242653064,2.9370833333333333,56.001250000000006,44119.00916666666,12,/Users/qiubi/kwallet-rl/src/idea5/general_model/results_formal_main_grid_stable_C800_C900_C1100_10seeds/grid_threshold/runs/grid_threshold_trainMIX12_EQ_C1100_F3_T1000_flush17_tau100_seed777_eta0p8/20260525_080100_013485/cross_regime_results.json,2.9370833333333333,0.0,,,,,,,,src/idea5/general_model/results_formal_main_grid_stable_C800_C900_C1100_10seeds/aggregates/general_model_seed_level_results.csv,,,,Tuned Threshold
grid_threshold,1100.0,3,1000,17,uniform,17,base,none,1.0,1.0,100.0,0.0,MIX12_EQ,,,,,grid,none,none,999,grid_threshold_trainMIX12_EQ_C1100_F3_T1000_flush17_tau100_seed999_eta0p8,,,,0.9934260600117608,0.9811024242653064,2.9370833333333333,56.001250000000006,44119.00916666666,12,/Users/qiubi/kwallet-rl/src/idea5/general_model/results_formal_main_grid_stable_C800_C900_C1100_10seeds/grid_threshold/runs/grid_threshold_trainMIX12_EQ_C1100_F3_T1000_flush17_tau100_seed999_eta0p8/20260525_080122_586326/cross_regime_results.json,2.9370833333333333,0.0,,,,,,,,src/idea5/general_model/results_formal_main_grid_stable_C800_C900_C1100_10seeds/aggregates/general_model_seed_level_results.csv,,,,Tuned Threshold
grid_threshold,1100.0,3,1000,17,uniform,17,base,none,1.0,1.0,100.0,0.0,MIX12_EQ,,,,,grid,none,none,2027,grid_threshold_trainMIX12_EQ_C1100_F3_T1000_flush17_tau100_seed2027_eta0p8,,,,0.9934260600117608,0.9811024242653064,2.9370833333333333,56.001250000000006,44119.00916666666,12,/Users/qiubi/kwallet-rl/src/idea5/general_model/results_formal_main_grid_stable_C800_C900_C1100_10seeds/grid_threshold/runs/grid_threshold_trainMIX12_EQ_C1100_F3_T1000_flush17_tau100_seed2027_eta0p8/20260525_080145_021087/cross_regime_results.json,2.9370833333333333,0.0,,,,,,,,src/idea5/general_model/results_formal_main_grid_stable_C800_C900_C1100_10seeds/aggregates/general_model_seed_level_results.csv,,,,Tuned Threshold
grid_threshold,1100.0,3,1000,17,uniform,17,base,none,1.0,1.0,100.0,0.0,MIX12_EQ,,,,,grid,none,none,3407,grid_threshold_trainMIX12_EQ_C1100_F3_T1000_flush17_tau100_seed3407_eta0p8,,,,0.9934260600117608,0.9811024242653064,2.9370833333333333,56.001250000000006,44119.00916666666,12,/Users/qiubi/kwallet-rl/src/idea5/general_model/results_formal_main_grid_stable_C800_C900_C1100_10seeds/grid_threshold/runs/grid_threshold_trainMIX12_EQ_C1100_F3_T1000_flush17_tau100_seed3407_eta0p8/20260525_080207_790105/cross_regime_results.json,2.9370833333333333,0.0,,,,,,,,src/idea5/general_model/results_formal_main_grid_stable_C800_C900_C1100_10seeds/aggregates/general_model_seed_level_results.csv,,,,Tuned Threshold
grid_threshold,1100.0,3,1000,17,uniform,17,base,none,1.0,1.0,100.0,0.0,MIX12_EQ,,,,,grid,none,none,4501,grid_threshold_trainMIX12_EQ_C1100_F3_T1000_flush17_tau100_seed4501_eta0p8,,,,0.9934260600117608,0.9811024242653064,2.9370833333333333,56.001250000000006,44119.00916666666,12,/Users/qiubi/kwallet-rl/src/idea5/general_model/results_formal_main_grid_stable_C800_C900_C1100_10seeds/grid_threshold/runs/grid_threshold_trainMIX12_EQ_C1100_F3_T1000_flush17_tau100_seed4501_eta0p8/20260525_080230_253030/cross_regime_results.json,2.9370833333333333,0.0,,,,,,,,src/idea5/general_model/results_formal_main_grid_stable_C800_C900_C1100_10seeds/aggregates/general_model_seed_level_results.csv,,,,Tuned Threshold
grid_threshold,1100.0,3,1000,17,uniform,17,base,none,1.0,1.0,100.0,0.0,MIX12_EQ,,,,,grid,none,none,6101,grid_threshold_trainMIX12_EQ_C1100_F3_T1000_flush17_tau100_seed6101_eta0p8,,,,0.9934260600117608,0.9811024242653064,2.9370833333333333,56.001250000000006,44119.00916666666,12,/Users/qiubi/kwallet-rl/src/idea5/general_model/results_formal_main_grid_stable_C800_C900_C1100_10seeds/grid_threshold/runs/grid_threshold_trainMIX12_EQ_C1100_F3_T1000_flush17_tau100_seed6101_eta0p8/20260525_080252_695234/cross_regime_results.json,2.9370833333333333,0.0,,,,,,,,src/idea5/general_model/results_formal_main_grid_stable_C800_C900_C1100_10seeds/aggregates/general_model_seed_level_results.csv,,,,Tuned Threshold
grid_threshold,1100.0,3,1000,17,uniform,17,base,none,1.0,1.0,100.0,0.0,MIX12_EQ,,,,,grid,none,none,8888,grid_threshold_trainMIX12_EQ_C1100_F3_T1000_flush17_tau100_seed8888_eta0p8,,,,0.9934260600117608,0.9811024242653064,2.9370833333333333,56.001250000000006,44119.00916666666,12,/Users/qiubi/kwallet-rl/src/idea5/general_model/results_formal_main_grid_stable_C800_C900_C1100_10seeds/grid_threshold/runs/grid_threshold_trainMIX12_EQ_C1100_F3_T1000_flush17_tau100_seed8888_eta0p8/20260525_080315_300364/cross_regime_results.json,2.9370833333333333,0.0,,,,,,,,src/idea5/general_model/results_formal_main_grid_stable_C800_C900_C1100_10seeds/aggregates/general_model_seed_level_results.csv,,,,Tuned Threshold
