job_id,family,method,C,seed,training_required,checkpoint_source,condition_mode,evaluation_stream,output_path,primary_metric,dependencies,job_type,k,F,T,checkpoint_sha256,run_info_source
B-TRAIN-ZERO-C800-S777,B,SC-FAC-zero,800,777,true,NEW_INITIALIZATION_NOT_RESUME,zero_settle_embedding,OLD12_auto_post_training_only,/data/sijia/aamas2027_stage2/training/B-TRAIN-ZERO-C800-S777,validation_value_accept_ratio_for_selection,G0_STAGE1_APPROVED;G1_ARTIFACT_RUNTIME,training,24,3,1000,,six-recovered-config-consensus:837a3c32c95a5cb3373a8cf6210e8909e5fe07f9be81a628683e608a99635374
B-TRAIN-ZERO-C800-S999,B,SC-FAC-zero,800,999,true,NEW_INITIALIZATION_NOT_RESUME,zero_settle_embedding,OLD12_auto_post_training_only,/data/sijia/aamas2027_stage2/training/B-TRAIN-ZERO-C800-S999,validation_value_accept_ratio_for_selection,G0_STAGE1_APPROVED;G1_ARTIFACT_RUNTIME,training,24,3,1000,,six-recovered-config-consensus:837a3c32c95a5cb3373a8cf6210e8909e5fe07f9be81a628683e608a99635374
B-TRAIN-ZERO-C1200-S777,B,SC-FAC-zero,1200,777,true,NEW_INITIALIZATION_NOT_RESUME,zero_settle_embedding,OLD12_auto_post_training_only,/data/sijia/aamas2027_stage2/training/B-TRAIN-ZERO-C1200-S777,validation_value_accept_ratio_for_selection,G0_STAGE1_APPROVED;G1_ARTIFACT_RUNTIME,training,24,3,1000,,six-recovered-config-consensus:837a3c32c95a5cb3373a8cf6210e8909e5fe07f9be81a628683e608a99635374
B-TRAIN-ZERO-C1200-S999,B,SC-FAC-zero,1200,999,true,NEW_INITIALIZATION_NOT_RESUME,zero_settle_embedding,OLD12_auto_post_training_only,/data/sijia/aamas2027_stage2/training/B-TRAIN-ZERO-C1200-S999,validation_value_accept_ratio_for_selection,G0_STAGE1_APPROVED;G1_ARTIFACT_RUNTIME,training,24,3,1000,,six-recovered-config-consensus:837a3c32c95a5cb3373a8cf6210e8909e5fe07f9be81a628683e608a99635374
A-EVAL-JA-C800-S123,A,JA-PPO,800,123,false,/data/sijia/aamas2027_artifacts/checkpoints/basic_ppo/basic_ppo_trainMIX12_EQ_C800_k24_T1000_F3_seed123/20260508_222529_095916/best_model.pth,not_applicable,NEW12-v1,/data/sijia/aamas2027_stage2/evaluations/A-EVAL-JA-C800-S123,macro12_money,G0_STAGE1_APPROVED;G1_ARTIFACT_RUNTIME;G2_NEW12_FROZEN;G3_ADAPTER_ACCEPTED,evaluation,24,3,1000,bb00559d921e41f589618148e2b8c208faa4ccfbb92d8825b2b41fd3a65ca6d1,/data/sijia/aamas2027_artifacts/metadata/runs/basic_ppo/basic_ppo_trainMIX12_EQ_C800_k24_T1000_F3_seed123/20260508_222529_095916/run_info.json
A-EVAL-JA-C800-S323,A,JA-PPO,800,323,false,/data/sijia/aamas2027_artifacts/checkpoints/basic_ppo/basic_ppo_trainMIX12_EQ_C800_k24_T1000_F3_seed323/20260518_221753_427685/best_model.pth,not_applicable,NEW12-v1,/data/sijia/aamas2027_stage2/evaluations/A-EVAL-JA-C800-S323,macro12_money,G0_STAGE1_APPROVED;G1_ARTIFACT_RUNTIME;G2_NEW12_FROZEN;G3_ADAPTER_ACCEPTED,evaluation,24,3,1000,c625537a7a0fca183aa7f9f3e69c54e754a9a4a34014cdc881892c9fd53bb210,/data/sijia/aamas2027_artifacts/metadata/runs/basic_ppo/basic_ppo_trainMIX12_EQ_C800_k24_T1000_F3_seed323/20260518_221753_427685/run_info.json
A-EVAL-JA-C800-S532,A,JA-PPO,800,532,false,/data/sijia/aamas2027_artifacts/checkpoints/basic_ppo/basic_ppo_trainMIX12_EQ_C800_k24_T1000_F3_seed532/20260518_224719_801722/best_model.pth,not_applicable,NEW12-v1,/data/sijia/aamas2027_stage2/evaluations/A-EVAL-JA-C800-S532,macro12_money,G0_STAGE1_APPROVED;G1_ARTIFACT_RUNTIME;G2_NEW12_FROZEN;G3_ADAPTER_ACCEPTED,evaluation,24,3,1000,ea2c6d1a4d7c6049069effb5d3d7a5dad09b282cffaa01fb5b3a6767963d2a49,/data/sijia/aamas2027_artifacts/metadata/runs/basic_ppo/basic_ppo_trainMIX12_EQ_C800_k24_T1000_F3_seed532/20260518_224719_801722/run_info.json
A-EVAL-JA-C800-S777,A,JA-PPO,800,777,false,/data/sijia/aamas2027_artifacts/checkpoints/basic_ppo/basic_ppo_trainMIX12_EQ_C800_k24_T1000_F3_seed777/20260518_231658_207297/best_model.pth,not_applicable,NEW12-v1,/data/sijia/aamas2027_stage2/evaluations/A-EVAL-JA-C800-S777,macro12_money,G0_STAGE1_APPROVED;G1_ARTIFACT_RUNTIME;G2_NEW12_FROZEN;G3_ADAPTER_ACCEPTED,evaluation,24,3,1000,c1e39cf015bdcd1ca8ec6fa64c703bfff1921a6cf258fa862bf94c97b0cdc662,/data/sijia/aamas2027_artifacts/metadata/runs/basic_ppo/basic_ppo_trainMIX12_EQ_C800_k24_T1000_F3_seed777/20260518_231658_207297/run_info.json
A-EVAL-JA-C800-S999,A,JA-PPO,800,999,false,/data/sijia/aamas2027_artifacts/checkpoints/basic_ppo/basic_ppo_trainMIX12_EQ_C800_k24_T1000_F3_seed999/20260518_234622_339334/best_model.pth,not_applicable,NEW12-v1,/data/sijia/aamas2027_stage2/evaluations/A-EVAL-JA-C800-S999,macro12_money,G0_STAGE1_APPROVED;G1_ARTIFACT_RUNTIME;G2_NEW12_FROZEN;G3_ADAPTER_ACCEPTED,evaluation,24,3,1000,bf9bfa40054ca03e6ded8c0a61b495016cdaf55c10c3e76f3521df23256438f1,/data/sijia/aamas2027_artifacts/metadata/runs/basic_ppo/basic_ppo_trainMIX12_EQ_C800_k24_T1000_F3_seed999/20260518_234622_339334/run_info.json
A-EVAL-JA-C1200-S123,A,JA-PPO,1200,123,false,/data/sijia/aamas2027_artifacts/checkpoints/basic_ppo/basic_ppo_trainMIX12_EQ_C1200_k24_T1000_F3_seed123/20260519_024159_789634/best_model.pth,not_applicable,NEW12-v1,/data/sijia/aamas2027_stage2/evaluations/A-EVAL-JA-C1200-S123,macro12_money,G0_STAGE1_APPROVED;G1_ARTIFACT_RUNTIME;G2_NEW12_FROZEN;G3_ADAPTER_ACCEPTED,evaluation,24,3,1000,ccce13c42a33b68f55d05a3bfe17c0751d736c1f9df81d810f9bf019eeff6ce2,/data/sijia/aamas2027_artifacts/metadata/runs/basic_ppo/basic_ppo_trainMIX12_EQ_C1200_k24_T1000_F3_seed123/20260519_024159_789634/run_info.json
A-EVAL-JA-C1200-S323,A,JA-PPO,1200,323,false,/data/sijia/aamas2027_artifacts/checkpoints/basic_ppo/basic_ppo_trainMIX12_EQ_C1200_k24_T1000_F3_seed323/20260519_031121_041920/best_model.pth,not_applicable,NEW12-v1,/data/sijia/aamas2027_stage2/evaluations/A-EVAL-JA-C1200-S323,macro12_money,G0_STAGE1_APPROVED;G1_ARTIFACT_RUNTIME;G2_NEW12_FROZEN;G3_ADAPTER_ACCEPTED,evaluation,24,3,1000,6eb850d8a02012e4b67baf3352b9ba0f055b253e27b816e0d3f13b9720a44f43,/data/sijia/aamas2027_artifacts/metadata/runs/basic_ppo/basic_ppo_trainMIX12_EQ_C1200_k24_T1000_F3_seed323/20260519_031121_041920/run_info.json
A-EVAL-JA-C1200-S532,A,JA-PPO,1200,532,false,/data/sijia/aamas2027_artifacts/checkpoints/basic_ppo/basic_ppo_trainMIX12_EQ_C1200_k24_T1000_F3_seed532/20260519_034047_345279/best_model.pth,not_applicable,NEW12-v1,/data/sijia/aamas2027_stage2/evaluations/A-EVAL-JA-C1200-S532,macro12_money,G0_STAGE1_APPROVED;G1_ARTIFACT_RUNTIME;G2_NEW12_FROZEN;G3_ADAPTER_ACCEPTED,evaluation,24,3,1000,c415f1b5e3437abf9bcf96987a527c9891480a977008422e56f50ae065204aca,/data/sijia/aamas2027_artifacts/metadata/runs/basic_ppo/basic_ppo_trainMIX12_EQ_C1200_k24_T1000_F3_seed532/20260519_034047_345279/run_info.json
A-EVAL-JA-C1200-S777,A,JA-PPO,1200,777,false,/data/sijia/aamas2027_artifacts/checkpoints/basic_ppo/basic_ppo_trainMIX12_EQ_C1200_k24_T1000_F3_seed777/20260519_041041_286454/best_model.pth,not_applicable,NEW12-v1,/data/sijia/aamas2027_stage2/evaluations/A-EVAL-JA-C1200-S777,macro12_money,G0_STAGE1_APPROVED;G1_ARTIFACT_RUNTIME;G2_NEW12_FROZEN;G3_ADAPTER_ACCEPTED,evaluation,24,3,1000,ba91e2e556afdcd4d9cb197db8d20bec4487bd6c0c6bf14072cfecf4b94559e1,/data/sijia/aamas2027_artifacts/metadata/runs/basic_ppo/basic_ppo_trainMIX12_EQ_C1200_k24_T1000_F3_seed777/20260519_041041_286454/run_info.json
A-EVAL-JA-C1200-S999,A,JA-PPO,1200,999,false,/data/sijia/aamas2027_artifacts/checkpoints/basic_ppo/basic_ppo_trainMIX12_EQ_C1200_k24_T1000_F3_seed999/20260519_044006_987162/best_model.pth,not_applicable,NEW12-v1,/data/sijia/aamas2027_stage2/evaluations/A-EVAL-JA-C1200-S999,macro12_money,G0_STAGE1_APPROVED;G1_ARTIFACT_RUNTIME;G2_NEW12_FROZEN;G3_ADAPTER_ACCEPTED,evaluation,24,3,1000,e6dbaa4acbb1f81e7febe88431be11613b3154d72dc92b88f54f1fb3e6b5f524,/data/sijia/aamas2027_artifacts/metadata/runs/basic_ppo/basic_ppo_trainMIX12_EQ_C1200_k24_T1000_F3_seed999/20260519_044006_987162/run_info.json
A-EVAL-IF-C800-S123,A,IFAC,800,123,false,/data/sijia/aamas2027_artifacts/checkpoints/factorized_ac/factorized_ac_trainMIX12_EQ_C800_k24_T1000_F3_seed123/20260508_224206_743115/best_model.pth,not_applicable,NEW12-v1,/data/sijia/aamas2027_stage2/evaluations/A-EVAL-IF-C800-S123,macro12_money,G0_STAGE1_APPROVED;G1_ARTIFACT_RUNTIME;G2_NEW12_FROZEN;G3_ADAPTER_ACCEPTED,evaluation,24,3,1000,811d2759fb7112fa086380f3b7c49560402ff34fd0829af788b37192b44fdba7,/data/sijia/aamas2027_artifacts/metadata/runs/factorized_ac/factorized_ac_trainMIX12_EQ_C800_k24_T1000_F3_seed123/20260508_224206_743115/run_info.json
A-EVAL-IF-C800-S323,A,IFAC,800,323,false,/data/sijia/aamas2027_artifacts/checkpoints/factorized_ac/factorized_ac_trainMIX12_EQ_C800_k24_T1000_F3_seed323/20260518_223023_020401/best_model.pth,not_applicable,NEW12-v1,/data/sijia/aamas2027_stage2/evaluations/A-EVAL-IF-C800-S323,macro12_money,G0_STAGE1_APPROVED;G1_ARTIFACT_RUNTIME;G2_NEW12_FROZEN;G3_ADAPTER_ACCEPTED,evaluation,24,3,1000,9aea46c05faf40e17669bf404a00302086e39c8c9eec6701922e5d19fbafb6df,/data/sijia/aamas2027_artifacts/metadata/runs/factorized_ac/factorized_ac_trainMIX12_EQ_C800_k24_T1000_F3_seed323/20260518_223023_020401/run_info.json
A-EVAL-IF-C800-S532,A,IFAC,800,532,false,/data/sijia/aamas2027_artifacts/checkpoints/factorized_ac/factorized_ac_trainMIX12_EQ_C800_k24_T1000_F3_seed532/20260518_225934_742365/best_model.pth,not_applicable,NEW12-v1,/data/sijia/aamas2027_stage2/evaluations/A-EVAL-IF-C800-S532,macro12_money,G0_STAGE1_APPROVED;G1_ARTIFACT_RUNTIME;G2_NEW12_FROZEN;G3_ADAPTER_ACCEPTED,evaluation,24,3,1000,442ef7cd7177d9f759d3b74833d0113fa3af9a1cb1a06f89267300f3ca6a868e,/data/sijia/aamas2027_artifacts/metadata/runs/factorized_ac/factorized_ac_trainMIX12_EQ_C800_k24_T1000_F3_seed532/20260518_225934_742365/run_info.json
A-EVAL-IF-C800-S777,A,IFAC,800,777,false,/data/sijia/aamas2027_artifacts/checkpoints/factorized_ac/factorized_ac_trainMIX12_EQ_C800_k24_T1000_F3_seed777/20260518_232915_556325/best_model.pth,not_applicable,NEW12-v1,/data/sijia/aamas2027_stage2/evaluations/A-EVAL-IF-C800-S777,macro12_money,G0_STAGE1_APPROVED;G1_ARTIFACT_RUNTIME;G2_NEW12_FROZEN;G3_ADAPTER_ACCEPTED,evaluation,24,3,1000,7cd327b95f064872aa7f3db883e9f2b3169cc013d2388133c0973df542d6ab69,/data/sijia/aamas2027_artifacts/metadata/runs/factorized_ac/factorized_ac_trainMIX12_EQ_C800_k24_T1000_F3_seed777/20260518_232915_556325/run_info.json
A-EVAL-IF-C800-S999,A,IFAC,800,999,false,/data/sijia/aamas2027_artifacts/checkpoints/factorized_ac/factorized_ac_trainMIX12_EQ_C800_k24_T1000_F3_seed999/20260518_235842_316631/best_model.pth,not_applicable,NEW12-v1,/data/sijia/aamas2027_stage2/evaluations/A-EVAL-IF-C800-S999,macro12_money,G0_STAGE1_APPROVED;G1_ARTIFACT_RUNTIME;G2_NEW12_FROZEN;G3_ADAPTER_ACCEPTED,evaluation,24,3,1000,1aa0695126eeebb8a058a42c73c7c0d665be6579023c4630438334cae69f9ccc,/data/sijia/aamas2027_artifacts/metadata/runs/factorized_ac/factorized_ac_trainMIX12_EQ_C800_k24_T1000_F3_seed999/20260518_235842_316631/run_info.json
A-EVAL-IF-C1200-S123,A,IFAC,1200,123,false,/data/sijia/aamas2027_artifacts/checkpoints/factorized_ac/factorized_ac_trainMIX12_EQ_C1200_k24_T1000_F3_seed123/20260519_025420_675991/best_model.pth,not_applicable,NEW12-v1,/data/sijia/aamas2027_stage2/evaluations/A-EVAL-IF-C1200-S123,macro12_money,G0_STAGE1_APPROVED;G1_ARTIFACT_RUNTIME;G2_NEW12_FROZEN;G3_ADAPTER_ACCEPTED,evaluation,24,3,1000,8d2536f3f4d956062800fb4ca6ce96fd9d1ff1f395403b0ed4d4ad5ba47211c6,/data/sijia/aamas2027_artifacts/metadata/runs/factorized_ac/factorized_ac_trainMIX12_EQ_C1200_k24_T1000_F3_seed123/20260519_025420_675991/run_info.json
A-EVAL-IF-C1200-S323,A,IFAC,1200,323,false,/data/sijia/aamas2027_artifacts/checkpoints/factorized_ac/factorized_ac_trainMIX12_EQ_C1200_k24_T1000_F3_seed323/20260519_032345_740594/best_model.pth,not_applicable,NEW12-v1,/data/sijia/aamas2027_stage2/evaluations/A-EVAL-IF-C1200-S323,macro12_money,G0_STAGE1_APPROVED;G1_ARTIFACT_RUNTIME;G2_NEW12_FROZEN;G3_ADAPTER_ACCEPTED,evaluation,24,3,1000,da8581dab8c4e34f2890e53acf55a7a40ed1b089836c1df693fb72a2a4ea46a9,/data/sijia/aamas2027_artifacts/metadata/runs/factorized_ac/factorized_ac_trainMIX12_EQ_C1200_k24_T1000_F3_seed323/20260519_032345_740594/run_info.json
A-EVAL-IF-C1200-S532,A,IFAC,1200,532,false,/data/sijia/aamas2027_artifacts/checkpoints/factorized_ac/factorized_ac_trainMIX12_EQ_C1200_k24_T1000_F3_seed532/20260519_035315_785947/best_model.pth,not_applicable,NEW12-v1,/data/sijia/aamas2027_stage2/evaluations/A-EVAL-IF-C1200-S532,macro12_money,G0_STAGE1_APPROVED;G1_ARTIFACT_RUNTIME;G2_NEW12_FROZEN;G3_ADAPTER_ACCEPTED,evaluation,24,3,1000,05337b6e91fa78df218c5816bc6aecc3ef0d0f9f9868e924892821e9f9f35488,/data/sijia/aamas2027_artifacts/metadata/runs/factorized_ac/factorized_ac_trainMIX12_EQ_C1200_k24_T1000_F3_seed532/20260519_035315_785947/run_info.json
A-EVAL-IF-C1200-S777,A,IFAC,1200,777,false,/data/sijia/aamas2027_artifacts/checkpoints/factorized_ac/factorized_ac_trainMIX12_EQ_C1200_k24_T1000_F3_seed777/20260519_042305_814867/best_model.pth,not_applicable,NEW12-v1,/data/sijia/aamas2027_stage2/evaluations/A-EVAL-IF-C1200-S777,macro12_money,G0_STAGE1_APPROVED;G1_ARTIFACT_RUNTIME;G2_NEW12_FROZEN;G3_ADAPTER_ACCEPTED,evaluation,24,3,1000,0d9e9ad311b4788d019338ed55bc580c189ce49c2f047dc67838424bbead62a8,/data/sijia/aamas2027_artifacts/metadata/runs/factorized_ac/factorized_ac_trainMIX12_EQ_C1200_k24_T1000_F3_seed777/20260519_042305_814867/run_info.json
A-EVAL-IF-C1200-S999,A,IFAC,1200,999,false,/data/sijia/aamas2027_artifacts/checkpoints/factorized_ac/factorized_ac_trainMIX12_EQ_C1200_k24_T1000_F3_seed999/20260519_045231_365773/best_model.pth,not_applicable,NEW12-v1,/data/sijia/aamas2027_stage2/evaluations/A-EVAL-IF-C1200-S999,macro12_money,G0_STAGE1_APPROVED;G1_ARTIFACT_RUNTIME;G2_NEW12_FROZEN;G3_ADAPTER_ACCEPTED,evaluation,24,3,1000,5903e275ec7f85e214cef8ccb5747b152e5f40aa4aecba7d0f9d1ffdb292835b,/data/sijia/aamas2027_artifacts/metadata/runs/factorized_ac/factorized_ac_trainMIX12_EQ_C1200_k24_T1000_F3_seed999/20260519_045231_365773/run_info.json
A-EVAL-SC-C800-S123,A,SC-FAC,800,123,false,/data/sijia/aamas2027_artifacts/checkpoints/conditional_factorized_ac/conditional_factorized_ac_trainMIX12_EQ_C800_k24_T1000_F3_seed123_condE32_condH256/20260519_180310_098181/best_model.pth,full,NEW12-v1,/data/sijia/aamas2027_stage2/evaluations/A-EVAL-SC-C800-S123,macro12_money,G0_STAGE1_APPROVED;G1_ARTIFACT_RUNTIME;G2_NEW12_FROZEN;G3_ADAPTER_ACCEPTED,evaluation,24,3,1000,ab0f7102a41b31c97621722ad2906d677c85a0d8e1a3804191680eae5257cfb2,/data/sijia/aamas2027_artifacts/metadata/runs/conditional_factorized_ac/conditional_factorized_ac_trainMIX12_EQ_C800_k24_T1000_F3_seed123_condE32_condH256/20260519_180310_098181/run_info.json
A-EVAL-SC-C800-S323,A,SC-FAC,800,323,false,/data/sijia/aamas2027_artifacts/checkpoints/conditional_factorized_ac/conditional_factorized_ac_trainMIX12_EQ_C800_k24_T1000_F3_seed323_condE32_condH256/20260520_022720_005236/best_model.pth,full,NEW12-v1,/data/sijia/aamas2027_stage2/evaluations/A-EVAL-SC-C800-S323,macro12_money,G0_STAGE1_APPROVED;G1_ARTIFACT_RUNTIME;G2_NEW12_FROZEN;G3_ADAPTER_ACCEPTED,evaluation,24,3,1000,2ae29e0ccb832c63289ae74b8998c25670d9a4fe4f797b5f6b22b4721698b2b1,/data/sijia/aamas2027_artifacts/metadata/runs/conditional_factorized_ac/conditional_factorized_ac_trainMIX12_EQ_C800_k24_T1000_F3_seed323_condE32_condH256/20260520_022720_005236/run_info.json
A-EVAL-SC-C800-S532,A,SC-FAC,800,532,false,/data/sijia/aamas2027_artifacts/checkpoints/conditional_factorized_ac/conditional_factorized_ac_trainMIX12_EQ_C800_k24_T1000_F3_seed532_condE32_condH256/20260520_024910_030504/best_model.pth,full,NEW12-v1,/data/sijia/aamas2027_stage2/evaluations/A-EVAL-SC-C800-S532,macro12_money,G0_STAGE1_APPROVED;G1_ARTIFACT_RUNTIME;G2_NEW12_FROZEN;G3_ADAPTER_ACCEPTED,evaluation,24,3,1000,f07b24081fa01442a8547437b27835ff101be6bc269e6d99312914b2d7095b92,/data/sijia/aamas2027_artifacts/metadata/runs/conditional_factorized_ac/conditional_factorized_ac_trainMIX12_EQ_C800_k24_T1000_F3_seed532_condE32_condH256/20260520_024910_030504/run_info.json
A-EVAL-SC-C800-S777,A,SC-FAC,800,777,false,/data/sijia/aamas2027_artifacts/checkpoints/conditional_factorized_ac/conditional_factorized_ac_trainMIX12_EQ_C800_k24_T1000_F3_seed777_condE32_condH256/20260520_031048_321526/best_model.pth,full,NEW12-v1,/data/sijia/aamas2027_stage2/evaluations/A-EVAL-SC-C800-S777,macro12_money,G0_STAGE1_APPROVED;G1_ARTIFACT_RUNTIME;G2_NEW12_FROZEN;G3_ADAPTER_ACCEPTED,evaluation,24,3,1000,377b4a6ad94ef2ec2f5ffd44c1a83845271d9e0a1ffa7fb29766825f6bc5a8d8,/data/sijia/aamas2027_artifacts/metadata/runs/conditional_factorized_ac/conditional_factorized_ac_trainMIX12_EQ_C800_k24_T1000_F3_seed777_condE32_condH256/20260520_031048_321526/run_info.json
A-EVAL-SC-C800-S999,A,SC-FAC,800,999,false,/data/sijia/aamas2027_artifacts/checkpoints/conditional_factorized_ac/conditional_factorized_ac_trainMIX12_EQ_C800_k24_T1000_F3_seed999_condE32_condH256/20260520_033226_542926/best_model.pth,full,NEW12-v1,/data/sijia/aamas2027_stage2/evaluations/A-EVAL-SC-C800-S999,macro12_money,G0_STAGE1_APPROVED;G1_ARTIFACT_RUNTIME;G2_NEW12_FROZEN;G3_ADAPTER_ACCEPTED,evaluation,24,3,1000,5fa2cc934a0ae928ccd3f8d95602b939e398b282f86c981ce7f1eb3535e2998a,/data/sijia/aamas2027_artifacts/metadata/runs/conditional_factorized_ac/conditional_factorized_ac_trainMIX12_EQ_C800_k24_T1000_F3_seed999_condE32_condH256/20260520_033226_542926/run_info.json
A-EVAL-SC-C1200-S123,A,SC-FAC,1200,123,false,/data/sijia/aamas2027_artifacts/checkpoints/conditional_factorized_ac/conditional_factorized_ac_trainMIX12_EQ_C1200_k24_T1000_F3_seed123_condE32_condH256/20260519_205531_968350/best_model.pth,full,NEW12-v1,/data/sijia/aamas2027_stage2/evaluations/A-EVAL-SC-C1200-S123,macro12_money,G0_STAGE1_APPROVED;G1_ARTIFACT_RUNTIME;G2_NEW12_FROZEN;G3_ADAPTER_ACCEPTED,evaluation,24,3,1000,1cddad0e7db59a464e106e626eabc138c1b314b845d340d3f27cfafcdf1147de,/data/sijia/aamas2027_artifacts/metadata/runs/conditional_factorized_ac/conditional_factorized_ac_trainMIX12_EQ_C1200_k24_T1000_F3_seed123_condE32_condH256/20260519_205531_968350/run_info.json
A-EVAL-SC-C1200-S323,A,SC-FAC,1200,323,false,/data/sijia/aamas2027_artifacts/checkpoints/conditional_factorized_ac/conditional_factorized_ac_trainMIX12_EQ_C1200_k24_T1000_F3_seed323_condE32_condH256/20260520_081059_886585/best_model.pth,full,NEW12-v1,/data/sijia/aamas2027_stage2/evaluations/A-EVAL-SC-C1200-S323,macro12_money,G0_STAGE1_APPROVED;G1_ARTIFACT_RUNTIME;G2_NEW12_FROZEN;G3_ADAPTER_ACCEPTED,evaluation,24,3,1000,043d81a604db9f17d0803798a32f23313f98719a185f08303d6a25b44931c004,/data/sijia/aamas2027_artifacts/metadata/runs/conditional_factorized_ac/conditional_factorized_ac_trainMIX12_EQ_C1200_k24_T1000_F3_seed323_condE32_condH256/20260520_081059_886585/run_info.json
A-EVAL-SC-C1200-S532,A,SC-FAC,1200,532,false,/data/sijia/aamas2027_artifacts/checkpoints/conditional_factorized_ac/conditional_factorized_ac_trainMIX12_EQ_C1200_k24_T1000_F3_seed532_condE32_condH256/20260520_083306_953556/best_model.pth,full,NEW12-v1,/data/sijia/aamas2027_stage2/evaluations/A-EVAL-SC-C1200-S532,macro12_money,G0_STAGE1_APPROVED;G1_ARTIFACT_RUNTIME;G2_NEW12_FROZEN;G3_ADAPTER_ACCEPTED,evaluation,24,3,1000,80f83cbdd1cb7070d84ce3d100d37c4d5386f21f47546118cf1352a75d5a6736,/data/sijia/aamas2027_artifacts/metadata/runs/conditional_factorized_ac/conditional_factorized_ac_trainMIX12_EQ_C1200_k24_T1000_F3_seed532_condE32_condH256/20260520_083306_953556/run_info.json
A-EVAL-SC-C1200-S777,A,SC-FAC,1200,777,false,/data/sijia/aamas2027_artifacts/checkpoints/conditional_factorized_ac/conditional_factorized_ac_trainMIX12_EQ_C1200_k24_T1000_F3_seed777_condE32_condH256/20260520_085518_721730/best_model.pth,full,NEW12-v1,/data/sijia/aamas2027_stage2/evaluations/A-EVAL-SC-C1200-S777,macro12_money,G0_STAGE1_APPROVED;G1_ARTIFACT_RUNTIME;G2_NEW12_FROZEN;G3_ADAPTER_ACCEPTED,evaluation,24,3,1000,54cc2f0d15938aa26a7b7f92fb133d8f2b0065bb4c366a896b30b63f9a425e5a,/data/sijia/aamas2027_artifacts/metadata/runs/conditional_factorized_ac/conditional_factorized_ac_trainMIX12_EQ_C1200_k24_T1000_F3_seed777_condE32_condH256/20260520_085518_721730/run_info.json
A-EVAL-SC-C1200-S999,A,SC-FAC,1200,999,false,/data/sijia/aamas2027_artifacts/checkpoints/conditional_factorized_ac/conditional_factorized_ac_trainMIX12_EQ_C1200_k24_T1000_F3_seed999_condE32_condH256/20260520_091731_850008/best_model.pth,full,NEW12-v1,/data/sijia/aamas2027_stage2/evaluations/A-EVAL-SC-C1200-S999,macro12_money,G0_STAGE1_APPROVED;G1_ARTIFACT_RUNTIME;G2_NEW12_FROZEN;G3_ADAPTER_ACCEPTED,evaluation,24,3,1000,4142bb0b92d5e8962c164cf44ca8278e4f3e447208347eabeeb0b49ba21aacdb,/data/sijia/aamas2027_artifacts/metadata/runs/conditional_factorized_ac/conditional_factorized_ac_trainMIX12_EQ_C1200_k24_T1000_F3_seed999_condE32_condH256/20260520_091731_850008/run_info.json
B-EVAL-ZERO-C800-S123,B,SC-FAC-zero,800,123,false,/data/sijia/aamas2027_artifacts/checkpoints/conditional_factorized_ac/conditional_factorized_ac_trainMIX12_EQ_C800_k24_T1000_F3_seed123_condE32_condH256_conditionzero_settle_embedding/20260605_021448_926613/best_model.pth,zero_settle_embedding,NEW12-v1,/data/sijia/aamas2027_stage2/evaluations/B-EVAL-ZERO-C800-S123,macro12_money,G0_STAGE1_APPROVED;G1_ARTIFACT_RUNTIME;G2_NEW12_FROZEN;G3_ADAPTER_ACCEPTED,evaluation,24,3,1000,543880353dbd6bbde5a684f182b364ea9367ad6f8e964124fd85b8905ad4f2a7,/data/sijia/aamas2027_artifacts/metadata/runs/conditional_factorized_ac/conditional_factorized_ac_trainMIX12_EQ_C800_k24_T1000_F3_seed123_condE32_condH256_conditionzero_settle_embedding/20260605_021448_926613/run_info.json
B-EVAL-ZERO-C800-S323,B,SC-FAC-zero,800,323,false,/data/sijia/aamas2027_artifacts/checkpoints/conditional_factorized_ac/conditional_factorized_ac_trainMIX12_EQ_C800_k24_T1000_F3_seed323_condE32_condH256_conditionzero_settle_embedding/20260605_023723_903461/best_model.pth,zero_settle_embedding,NEW12-v1,/data/sijia/aamas2027_stage2/evaluations/B-EVAL-ZERO-C800-S323,macro12_money,G0_STAGE1_APPROVED;G1_ARTIFACT_RUNTIME;G2_NEW12_FROZEN;G3_ADAPTER_ACCEPTED,evaluation,24,3,1000,db65c331367459e550e4862697c0ffbf018f1bd83389c05f85c2842ab1396f0e,/data/sijia/aamas2027_artifacts/metadata/runs/conditional_factorized_ac/conditional_factorized_ac_trainMIX12_EQ_C800_k24_T1000_F3_seed323_condE32_condH256_conditionzero_settle_embedding/20260605_023723_903461/run_info.json
B-EVAL-ZERO-C800-S532,B,SC-FAC-zero,800,532,false,/data/sijia/aamas2027_artifacts/checkpoints/conditional_factorized_ac/conditional_factorized_ac_trainMIX12_EQ_C800_k24_T1000_F3_seed532_condE32_condH256_conditionzero_settle_embedding/20260605_025933_252988/best_model.pth,zero_settle_embedding,NEW12-v1,/data/sijia/aamas2027_stage2/evaluations/B-EVAL-ZERO-C800-S532,macro12_money,G0_STAGE1_APPROVED;G1_ARTIFACT_RUNTIME;G2_NEW12_FROZEN;G3_ADAPTER_ACCEPTED,evaluation,24,3,1000,c3481ab853b35ab5541724fddf68c7e4166009116d5230039cc388ca52e44cd6,/data/sijia/aamas2027_artifacts/metadata/runs/conditional_factorized_ac/conditional_factorized_ac_trainMIX12_EQ_C800_k24_T1000_F3_seed532_condE32_condH256_conditionzero_settle_embedding/20260605_025933_252988/run_info.json
B-EVAL-ZERO-C800-S777,B,SC-FAC-zero,800,777,false,receipt:/data/sijia/aamas2027_stage2/training/B-TRAIN-ZERO-C800-S777/receipt.json#best_checkpoint_path,zero_settle_embedding,NEW12-v1,/data/sijia/aamas2027_stage2/evaluations/B-EVAL-ZERO-C800-S777,macro12_money,G0_STAGE1_APPROVED;G1_ARTIFACT_RUNTIME;G2_NEW12_FROZEN;G3_ADAPTER_ACCEPTED;B-TRAIN-ZERO-C800-S777,evaluation,24,3,1000,FROM_TRAINING_RECEIPT_BEFORE_NEW12_EVAL,receipt:/data/sijia/aamas2027_stage2/training/B-TRAIN-ZERO-C800-S777/receipt.json#run_info_path
B-EVAL-ZERO-C800-S999,B,SC-FAC-zero,800,999,false,receipt:/data/sijia/aamas2027_stage2/training/B-TRAIN-ZERO-C800-S999/receipt.json#best_checkpoint_path,zero_settle_embedding,NEW12-v1,/data/sijia/aamas2027_stage2/evaluations/B-EVAL-ZERO-C800-S999,macro12_money,G0_STAGE1_APPROVED;G1_ARTIFACT_RUNTIME;G2_NEW12_FROZEN;G3_ADAPTER_ACCEPTED;B-TRAIN-ZERO-C800-S999,evaluation,24,3,1000,FROM_TRAINING_RECEIPT_BEFORE_NEW12_EVAL,receipt:/data/sijia/aamas2027_stage2/training/B-TRAIN-ZERO-C800-S999/receipt.json#run_info_path
B-EVAL-ZERO-C1200-S123,B,SC-FAC-zero,1200,123,false,/data/sijia/aamas2027_artifacts/checkpoints/conditional_factorized_ac/conditional_factorized_ac_trainMIX12_EQ_C1200_k24_T1000_F3_seed123_condE32_condH256_conditionzero_settle_embedding/20260605_053713_707635/best_model.pth,zero_settle_embedding,NEW12-v1,/data/sijia/aamas2027_stage2/evaluations/B-EVAL-ZERO-C1200-S123,macro12_money,G0_STAGE1_APPROVED;G1_ARTIFACT_RUNTIME;G2_NEW12_FROZEN;G3_ADAPTER_ACCEPTED,evaluation,24,3,1000,0bb31d4704e085a27017b9b3e116197e9dd399a36002408be3601d8f90ccffa3,/data/sijia/aamas2027_artifacts/metadata/runs/conditional_factorized_ac/conditional_factorized_ac_trainMIX12_EQ_C1200_k24_T1000_F3_seed123_condE32_condH256_conditionzero_settle_embedding/20260605_053713_707635/run_info.json
B-EVAL-ZERO-C1200-S323,B,SC-FAC-zero,1200,323,false,/data/sijia/aamas2027_artifacts/checkpoints/conditional_factorized_ac/conditional_factorized_ac_trainMIX12_EQ_C1200_k24_T1000_F3_seed323_condE32_condH256_conditionzero_settle_embedding/20260605_055946_134106/best_model.pth,zero_settle_embedding,NEW12-v1,/data/sijia/aamas2027_stage2/evaluations/B-EVAL-ZERO-C1200-S323,macro12_money,G0_STAGE1_APPROVED;G1_ARTIFACT_RUNTIME;G2_NEW12_FROZEN;G3_ADAPTER_ACCEPTED,evaluation,24,3,1000,69db13f4e49fc0777841917f7cd99eec30e85e7acd49f3c241ba9739743cf8c0,/data/sijia/aamas2027_artifacts/metadata/runs/conditional_factorized_ac/conditional_factorized_ac_trainMIX12_EQ_C1200_k24_T1000_F3_seed323_condE32_condH256_conditionzero_settle_embedding/20260605_055946_134106/run_info.json
B-EVAL-ZERO-C1200-S532,B,SC-FAC-zero,1200,532,false,/data/sijia/aamas2027_artifacts/checkpoints/conditional_factorized_ac/conditional_factorized_ac_trainMIX12_EQ_C1200_k24_T1000_F3_seed532_condE32_condH256_conditionzero_settle_embedding/20260605_062222_028865/best_model.pth,zero_settle_embedding,NEW12-v1,/data/sijia/aamas2027_stage2/evaluations/B-EVAL-ZERO-C1200-S532,macro12_money,G0_STAGE1_APPROVED;G1_ARTIFACT_RUNTIME;G2_NEW12_FROZEN;G3_ADAPTER_ACCEPTED,evaluation,24,3,1000,9d9199646afc1a23a2a088151bf1c89e5d408b907fb102c9a8b3c2de45983902,/data/sijia/aamas2027_artifacts/metadata/runs/conditional_factorized_ac/conditional_factorized_ac_trainMIX12_EQ_C1200_k24_T1000_F3_seed532_condE32_condH256_conditionzero_settle_embedding/20260605_062222_028865/run_info.json
B-EVAL-ZERO-C1200-S777,B,SC-FAC-zero,1200,777,false,receipt:/data/sijia/aamas2027_stage2/training/B-TRAIN-ZERO-C1200-S777/receipt.json#best_checkpoint_path,zero_settle_embedding,NEW12-v1,/data/sijia/aamas2027_stage2/evaluations/B-EVAL-ZERO-C1200-S777,macro12_money,G0_STAGE1_APPROVED;G1_ARTIFACT_RUNTIME;G2_NEW12_FROZEN;G3_ADAPTER_ACCEPTED;B-TRAIN-ZERO-C1200-S777,evaluation,24,3,1000,FROM_TRAINING_RECEIPT_BEFORE_NEW12_EVAL,receipt:/data/sijia/aamas2027_stage2/training/B-TRAIN-ZERO-C1200-S777/receipt.json#run_info_path
B-EVAL-ZERO-C1200-S999,B,SC-FAC-zero,1200,999,false,receipt:/data/sijia/aamas2027_stage2/training/B-TRAIN-ZERO-C1200-S999/receipt.json#best_checkpoint_path,zero_settle_embedding,NEW12-v1,/data/sijia/aamas2027_stage2/evaluations/B-EVAL-ZERO-C1200-S999,macro12_money,G0_STAGE1_APPROVED;G1_ARTIFACT_RUNTIME;G2_NEW12_FROZEN;G3_ADAPTER_ACCEPTED;B-TRAIN-ZERO-C1200-S999,evaluation,24,3,1000,FROM_TRAINING_RECEIPT_BEFORE_NEW12_EVAL,receipt:/data/sijia/aamas2027_stage2/training/B-TRAIN-ZERO-C1200-S999/receipt.json#run_info_path
C-EVAL-BFT05-C800,C,BF-T0.5,800,NA,false,NOT_APPLICABLE_RULE,not_applicable,NEW12-v1,/data/sijia/aamas2027_stage2/evaluations/C-EVAL-BFT05-C800,macro12_money,G0_STAGE1_APPROVED;G1_ARTIFACT_RUNTIME;G2_NEW12_FROZEN;G3_ADAPTER_ACCEPTED,evaluation,24,3,1000,NOT_APPLICABLE_RULE,RULE_SPEC_IN_STAGE2_EXECUTION_PLAN
C-EVAL-BFT05-C1200,C,BF-T0.5,1200,NA,false,NOT_APPLICABLE_RULE,not_applicable,NEW12-v1,/data/sijia/aamas2027_stage2/evaluations/C-EVAL-BFT05-C1200,macro12_money,G0_STAGE1_APPROVED;G1_ARTIFACT_RUNTIME;G2_NEW12_FROZEN;G3_ADAPTER_ACCEPTED,evaluation,24,3,1000,NOT_APPLICABLE_RULE,RULE_SPEC_IN_STAGE2_EXECUTION_PLAN
