arm,C,seed,fork_events,tx_sum,settled_A_sum,settled_B_sum,flushes_A_sum,flushes_B_sum,money_A_minus_B_sum,mean_money_A_minus_B,B_accept_rate
U,800,123,307,3404.0,0.0,3404.0,307,0,-6474.0,-21.087947882736156,1.0
U,800,323,298,2879.0,0.0,2879.0,298,0,-5859.0,-19.661073825503355,1.0
U,800,532,597,7079.0,0.0,7079.0,597,0,-13049.0,-21.857621440536015,1.0
U,800,777,0,0.0,0.0,0.0,0,0,0.0,0.0,0.0
U,800,999,258,2920.0,0.0,2920.0,258,0,-5500.0,-21.31782945736434,1.0
U,1200,123,312,5188.0,0.0,5188.0,312,0,-8308.0,-26.628205128205128,1.0
U,1200,323,379,6209.0,0.0,6209.0,379,0,-9999.0,-26.38258575197889,1.0
U,1200,532,6345,97834.0,0.0,97834.0,6345,0,-161284.0,-25.41907013396375,1.0
U,1200,777,107,1239.0,0.0,1239.0,107,0,-2309.0,-21.57943925233645,1.0
U,1200,999,3171,55694.0,0.0,55694.0,3171,0,-87404.0,-27.563544623147273,1.0
M,800,123,306,3393.0,0.0,3393.0,306,0,-6453.0,-21.08823529411765,1.0
M,800,323,297,2870.0,0.0,2870.0,297,0,-5840.0,-19.663299663299664,1.0
M,800,532,585,6924.0,0.0,6924.0,585,0,-12774.0,-21.835897435897436,1.0
M,800,777,0,0.0,0.0,0.0,0,0,0.0,0.0,0.0
M,800,999,259,2943.0,0.0,2943.0,259,0,-5533.0,-21.362934362934364,1.0
M,1200,123,317,5250.0,0.0,5250.0,317,0,-8420.0,-26.561514195583594,1.0
M,1200,323,371,6065.0,0.0,6065.0,371,0,-9775.0,-26.347708894878707,1.0
M,1200,532,6307,97353.0,0.0,97353.0,6307,0,-160423.0,-25.435706358014905,1.0
M,1200,777,110,1278.0,0.0,1278.0,110,0,-2378.0,-21.618181818181817,1.0
M,1200,999,3173,55249.0,0.0,55249.0,3173,0,-86979.0,-27.412228175228492,1.0
