arm,C,seed,refill_completions,refilled_value,episodes_refilled_never_used,episodes_terminal_pending,starvation_zero_usable_steps,starvation_zero_feasible_steps,ttr_hist_json,hard_starvation_hist_json,feasible_starvation_hist_json
U,800,123,488998,16299933.333328,2917,1019,0,81860,"{""<=3"": 488998}",{},"{""<=1"": 60169, ""<=2"": 10056, ""<=3"": 458, ""<=4"": 37, ""<=5"": 9, ""<=6"": 2}"
U,800,323,464222,15474066.666663,2651,974,0,104991,"{""<=3"": 464222}",{},"{""<=1"": 76316, ""<=2"": 13095, ""<=3"": 821, ""<=4"": 3, ""<=5"": 2}"
U,800,532,607840,20261333.333322,3485,1358,0,45283,"{""<=3"": 607840}",{},"{""<=1"": 36068, ""<=2"": 4572, ""<=3"": 18, ""<=4"": 3, ""<=5"": 1}"
U,800,777,355280,11842666.666665,1431,562,0,207276,"{""<=3"": 355280}",{},"{""<=1"": 125640, ""<=10"": 4, ""<=2"": 28622, ""<=3"": 5211, ""<=4"": 1373, ""<=5"": 406, ""<=6"": 130, ""<=8"": 58}"
U,800,999,695607,23186899.999985,3553,1043,0,33535,"{""<=3"": 695607}",{},"{""<=1"": 26108, ""<=2"": 3087, ""<=3"": 390, ""<=4"": 11, ""<=5"": 5, ""<=6"": 1, ""<=8"": 1}"
U,1200,123,1464690,73234500.0,11031,2949,0,18436,"{""<=3"": 1464690}",{},"{""<=1"": 16238, ""<=2"": 1099}"
U,1200,323,823162,41158100.0,2794,1283,0,409620,"{""<=3"": 823162}",{},"{""<=1"": 86701, ""<=10"": 2729, ""<=15"": 2315, ""<=2"": 37587, ""<=20"": 421, ""<=3"": 14877, ""<=30"": 106, ""<=4"": 9616, ""<=5"": 6407, ""<=50"": 6, ""<=6"": 4560, ""<=8"": 5518}"
U,1200,532,1336036,66801800.0,6609,2778,0,13096,"{""<=3"": 1336036}",{},"{""<=1"": 12786, ""<=2"": 155}"
U,1200,777,1177094,58854700.0,4381,2406,0,80312,"{""<=3"": 1177094}",{},"{""<=1"": 73393, ""<=10"": 1, ""<=2"": 3266, ""<=3"": 107, ""<=4"": 5, ""<=5"": 5, ""<=6"": 2}"
U,1200,999,1475128,73756400.0,11538,2934,0,2056,"{""<=3"": 1475128}",{},"{""<=1"": 1908, ""<=2"": 74}"
M,800,123,489007,16300233.333328,2919,1019,0,81825,"{""<=3"": 489007}",{},"{""<=1"": 60131, ""<=2"": 10057, ""<=3"": 457, ""<=4"": 38, ""<=5"": 9, ""<=6"": 2}"
M,800,323,464207,15473566.666663,2652,972,0,105003,"{""<=3"": 464207}",{},"{""<=1"": 76325, ""<=2"": 13095, ""<=3"": 822, ""<=4"": 3, ""<=5"": 2}"
M,800,532,608004,20266799.999989,3476,1371,0,45274,"{""<=3"": 608004}",{},"{""<=1"": 36075, ""<=2"": 4564, ""<=3"": 18, ""<=4"": 3, ""<=5"": 1}"
M,800,777,355280,11842666.666665,1431,562,0,207276,"{""<=3"": 355280}",{},"{""<=1"": 125640, ""<=10"": 4, ""<=2"": 28622, ""<=3"": 5211, ""<=4"": 1373, ""<=5"": 406, ""<=6"": 130, ""<=8"": 58}"
M,800,999,695654,23188466.666651,3556,1046,0,33493,"{""<=3"": 695654}",{},"{""<=1"": 26066, ""<=2"": 3084, ""<=3"": 392, ""<=4"": 11, ""<=5"": 5, ""<=6"": 1, ""<=8"": 1}"
M,1200,123,1464684,73234200.0,11027,2958,0,18434,"{""<=3"": 1464684}",{},"{""<=1"": 16236, ""<=2"": 1099}"
M,1200,323,823194,41159700.0,2801,1272,0,409572,"{""<=3"": 823194}",{},"{""<=1"": 86672, ""<=10"": 2729, ""<=15"": 2315, ""<=2"": 37593, ""<=20"": 421, ""<=3"": 14876, ""<=30"": 106, ""<=4"": 9613, ""<=5"": 6412, ""<=50"": 6, ""<=6"": 4552, ""<=8"": 5519}"
M,1200,532,1336635,66831750.0,6647,2776,0,13096,"{""<=3"": 1336635}",{},"{""<=1"": 12786, ""<=2"": 155}"
M,1200,777,1177105,58855250.0,4384,2402,0,80305,"{""<=3"": 1177105}",{},"{""<=1"": 73400, ""<=10"": 1, ""<=2"": 3259, ""<=3"": 107, ""<=4"": 5, ""<=5"": 5, ""<=6"": 2}"
M,1200,999,1475400,73770000.0,11577,2919,0,2056,"{""<=3"": 1475400}",{},"{""<=1"": 1908, ""<=2"": 74}"
BF,800,,617476,20582533.333322,7649,1246,0,0,"{""<=3"": 617476}",{},{}
BF,1200,,1297266,64863300.0,6580,2599,0,0,"{""<=3"": 1297266}",{},{}
