arm,C,seed,regime,money,settled,flushes,conflicts,conflicts_prefeasible,conflicts_executed,lost_settlement,mask_changed
U,800,123,US,3788.115,5693.665,190.555,0,0,0,0,0
U,800,123,TLS,2389.365,3524.065,113.47,28,28,28,28,0
U,800,123,LNS,4528.12,6947.67,241.955,74,74,74,74,0
U,800,123,TLNS,4257.8,6493.6,223.58,32,32,32,32,0
U,800,123,TPLS,5577.57,7893.97,231.64,0,0,0,0,0
U,800,123,PLS,6262.825,9036.275,277.345,0,0,0,0,0
U,800,123,UB,3459.15,5139.3,168.015,0,0,0,0,0
U,800,123,TLB,2128.41,3122.36,99.395,20,20,20,20,0
U,800,123,LNB,4456.7,6832.4,237.57,109,109,109,109,0
U,800,123,TLNB,4071.13,6200.78,212.965,44,44,44,44,0
U,800,123,TPLB,4941.245,7002.795,206.155,0,0,0,0,0
U,800,123,PLB,5480.555,7954.955,247.44,0,0,0,0,0
U,800,323,US,3689.895,5536.145,184.625,0,0,0,0,0
U,800,323,TLS,2399.155,3405.805,100.665,1,1,1,1,0
U,800,323,LNS,4270.265,6556.865,228.66,111,111,111,111,0
U,800,323,TLNS,4038.775,6146.125,210.735,25,25,25,25,0
U,800,323,TPLS,5410.36,7645.91,223.555,0,0,0,0,0
U,800,323,PLS,6045.225,8710.625,266.54,0,0,0,0,0
U,800,323,UB,3362.14,4983.39,162.125,0,0,0,0,0
U,800,323,TLB,2171.765,3050.465,87.87,3,3,3,3,0
U,800,323,LNB,4211.965,6456.065,224.41,129,129,129,129,0
U,800,323,TLNB,3849.38,5851.63,200.225,29,29,29,29,0
U,800,323,TPLB,4784.89,6769.54,198.465,0,0,0,0,0
U,800,323,PLB,5299.255,7680.305,238.105,0,0,0,0,0
U,800,532,US,3475.955,5645.955,217.0,0,0,0,0,0
U,800,532,TLS,2248.465,3523.665,127.52,17,17,17,17,0
U,800,532,LNS,4534.285,7554.085,301.98,194,194,194,194,0
U,800,532,TLNS,4230.25,6957.35,272.71,83,83,83,83,0
U,800,532,TPLS,5483.705,8509.455,302.575,0,0,0,0,0
U,800,532,PLS,6389.46,10036.16,364.67,0,0,0,0,0
U,800,532,UB,3213.855,5115.455,190.16,0,0,0,0,0
U,800,532,TLB,1969.04,3121.89,115.285,16,16,16,16,0
U,800,532,LNB,4429.45,7394.65,296.52,228,228,228,228,0
U,800,532,TLNB,4021.525,6648.125,262.66,59,59,59,59,0
U,800,532,TPLB,4870.23,7596.23,272.6,0,0,0,0,0
U,800,532,PLB,5630.845,8853.945,322.31,0,0,0,0,0
U,800,777,US,1468.9,1964.35,49.545,0,0,0,0,0
U,800,777,TLS,1986.77,2720.67,73.39,0,0,0,0,0
U,800,777,LNS,3563.81,5202.96,163.915,0,0,0,0,0
U,800,777,TLNS,2862.495,4129.145,126.665,0,0,0,0,0
U,800,777,TPLS,5498.315,7775.065,227.675,0,0,0,0,0
U,800,777,PLS,6262.06,9035.56,277.35,0,0,0,0,0
U,800,777,UB,1601.69,2163.54,56.185,0,0,0,0,0
U,800,777,TLB,1872.69,2547.19,67.45,0,0,0,0,0
U,800,777,LNB,3622.5,5282.3,165.98,0,0,0,0,0
U,800,777,TLNB,2812.395,4046.195,123.38,0,0,0,0,0
U,800,777,TPLB,4874.915,6902.065,202.715,0,0,0,0,0
U,800,777,PLB,5434.42,7884.02,244.96,0,0,0,0,0
U,800,999,US,3080.54,5854.19,277.365,0,0,0,0,0
U,800,999,TLS,1448.17,3526.07,207.79,6,6,6,6,0
U,800,999,LNS,4643.825,7884.575,324.075,75,75,75,75,0
U,800,999,TLNS,4199.54,7274.64,307.51,30,30,30,30,0
U,800,999,TPLS,5363.775,8462.825,309.905,0,0,0,0,0
U,800,999,PLS,6432.4,10021.95,358.955,0,0,0,0,0
U,800,999,UB,2630.67,5233.52,260.285,0,0,0,0,0
U,800,999,TLB,1127.08,3122.63,199.555,2,2,2,2,0
U,800,999,LNB,4516.905,7685.455,316.855,102,102,102,102,0
U,800,999,TLNB,3943.835,6913.235,296.94,43,43,43,43,0
U,800,999,TPLB,4626.11,7532.51,290.64,0,0,0,0,0
U,800,999,PLB,5528.055,8861.805,333.375,0,0,0,0,0
U,1200,123,US,12182.595,17895.145,571.255,13,13,13,13,0
U,1200,123,TLS,13873.56,19660.76,578.72,12,12,12,12,0
U,1200,123,LNS,12999.305,18908.455,590.915,89,89,89,89,0
U,1200,123,TLNS,13987.55,19916.0,592.845,43,43,43,43,0
U,1200,123,TPLS,18675.805,25627.105,695.13,0,0,0,0,0
U,1200,123,PLS,18006.235,25002.735,699.65,0,0,0,0,0
U,1200,123,UB,11025.025,16619.425,559.44,8,8,8,8,0
U,1200,123,TLB,11868.08,17459.93,559.185,8,8,8,8,0
U,1200,123,LNB,11890.49,17704.79,581.43,95,95,95,95,0
U,1200,123,TLNB,12686.105,18505.855,581.975,44,44,44,44,0
U,1200,123,TPLB,17469.55,24045.9,657.635,0,0,0,0,0
U,1200,123,PLB,17206.165,23906.315,670.015,0,0,0,0,0
U,1200,323,US,11553.82,15138.17,358.435,18,18,18,18,0
U,1200,323,TLS,12235.18,15853.18,361.8,9,9,9,9,0
U,1200,323,LNS,14032.09,18164.09,413.2,104,104,104,104,0
U,1200,323,TLNS,13600.94,17657.04,405.61,42,42,42,42,0
U,1200,323,TPLS,10077.105,13579.305,350.22,0,0,0,0,0
U,1200,323,PLS,7551.275,10233.325,268.205,0,0,0,0,0
U,1200,323,UB,10661.705,13973.205,331.15,9,9,9,9,0
U,1200,323,TLB,11209.99,14502.09,329.21,11,11,11,11,0
U,1200,323,LNB,13368.515,17278.615,391.01,145,145,145,145,0
U,1200,323,TLNB,12999.26,16854.96,385.57,41,41,41,41,0
U,1200,323,TPLB,9040.75,12101.1,306.035,0,0,0,0,0
U,1200,323,PLB,6435.55,8653.35,221.78,0,0,0,0,0
U,1200,532,US,12914.68,17875.98,496.13,241,241,241,241,0
U,1200,532,TLS,14533.745,19653.445,511.97,207,207,207,207,0
U,1200,532,LNS,13527.33,18791.73,526.44,1684,1684,1684,1684,0
U,1200,532,TLNS,14403.445,19847.495,544.405,933,933,933,933,0
U,1200,532,TPLS,18937.46,25790.61,685.315,0,0,0,0,0
U,1200,532,PLS,18202.83,25107.58,690.475,0,0,0,0,0
U,1200,532,UB,11981.195,16598.195,461.7,207,207,207,207,0
U,1200,532,TLB,12870.08,17451.08,458.1,177,177,177,177,0
U,1200,532,LNB,12592.965,17580.215,498.725,1895,1895,1895,1895,0
U,1200,532,TLNB,13285.05,18431.05,514.6,1001,1001,1001,1001,0
U,1200,532,TPLB,17983.82,24418.77,643.495,0,0,0,0,0
U,1200,532,PLB,17577.855,24205.005,662.715,0,0,0,0,0
U,1200,777,US,12912.7,17159.9,424.72,1,1,1,1,0
U,1200,777,TLS,14271.775,18674.775,440.3,7,7,7,7,0
U,1200,777,LNS,13963.66,18344.21,438.055,16,16,16,16,0
U,1200,777,TLNS,14447.51,19084.06,463.655,13,13,13,13,0
U,1200,777,TPLS,17730.38,24158.18,642.78,0,0,0,0,0
U,1200,777,PLS,17103.645,23614.145,651.05,0,0,0,0,0
U,1200,777,UB,12016.25,15970.75,395.45,2,2,2,2,0
U,1200,777,TLB,12766.545,16685.045,391.85,9,9,9,9,0
U,1200,777,LNB,13170.82,17265.77,409.495,46,46,46,46,0
U,1200,777,TLNB,13537.23,17853.13,431.59,13,13,13,13,0
U,1200,777,TPLB,16736.805,22694.405,595.76,0,0,0,0,0
U,1200,777,PLB,16282.325,22410.275,612.795,0,0,0,0,0
U,1200,999,US,12291.325,17881.525,559.02,191,191,191,191,0
U,1200,999,TLS,13807.085,19659.835,585.275,92,92,92,92,0
U,1200,999,LNS,13066.715,18854.515,578.78,754,754,754,754,0
U,1200,999,TLNS,13932.005,19870.905,593.89,566,566,566,566,0
U,1200,999,TPLS,19108.725,26340.875,723.215,0,0,0,0,0
U,1200,999,PLS,18574.015,25887.565,731.355,0,0,0,0,0
U,1200,999,UB,11179.25,16602.5,542.325,164,164,164,164,0
U,1200,999,TLB,11918.49,17457.54,553.905,74,74,74,74,0
U,1200,999,LNB,12013.805,17647.555,563.375,820,820,820,820,0
U,1200,999,TLNB,12719.315,18465.515,574.62,510,510,510,510,0
U,1200,999,TPLB,17772.58,24604.18,683.16,0,0,0,0,0
U,1200,999,PLB,17650.025,24663.925,701.39,0,0,0,0,0
M,800,123,US,3788.115,5693.665,190.555,0,0,0,0,0
M,800,123,TLS,2391.025,3525.675,113.465,28,28,0,0,28
M,800,123,LNS,4533.065,6952.515,241.945,73,73,0,0,73
M,800,123,TLNS,4260.95,6497.15,223.62,33,33,0,0,33
M,800,123,TPLS,5577.57,7893.97,231.64,0,0,0,0,0
M,800,123,PLS,6262.825,9036.275,277.345,0,0,0,0,0
M,800,123,UB,3459.15,5139.3,168.015,0,0,0,0,0
M,800,123,TLB,2129.54,3123.39,99.385,20,20,0,0,20
M,800,123,LNB,4464.415,6840.315,237.59,109,109,0,0,109
M,800,123,TLNB,4074.32,6204.07,212.975,43,43,0,0,43
M,800,123,TPLB,4941.245,7002.795,206.155,0,0,0,0,0
M,800,123,PLB,5480.555,7954.955,247.44,0,0,0,0,0
M,800,323,US,3689.895,5536.145,184.625,0,0,0,0,0
M,800,323,TLS,2399.205,3405.855,100.665,1,1,0,0,1
M,800,323,LNS,4275.45,6561.8,228.635,109,109,0,0,109
M,800,323,TLNS,4040.31,6147.71,210.74,25,25,0,0,25
M,800,323,TPLS,5410.36,7645.91,223.555,0,0,0,0,0
M,800,323,PLS,6045.225,8710.625,266.54,0,0,0,0,0
M,800,323,UB,3362.14,4983.39,162.125,0,0,0,0,0
M,800,323,TLB,2171.905,3050.605,87.87,3,3,0,0,3
M,800,323,LNB,4217.74,6461.34,224.36,130,130,0,0,130
M,800,323,TLNB,3850.965,5853.065,200.21,29,29,0,0,29
M,800,323,TPLB,4784.89,6769.54,198.465,0,0,0,0,0
M,800,323,PLB,5299.255,7680.305,238.105,0,0,0,0,0
M,800,532,US,3475.955,5645.955,217.0,0,0,0,0,0
M,800,532,TLS,2249.8,3524.65,127.485,17,17,0,0,17
M,800,532,LNS,4548.25,7568.0,301.975,191,191,0,0,191
M,800,532,TLNS,4233.795,6964.445,273.065,77,77,0,0,77
M,800,532,TPLS,5483.705,8509.455,302.575,0,0,0,0,0
M,800,532,PLS,6389.46,10036.16,364.67,0,0,0,0,0
M,800,532,UB,3213.855,5115.455,190.16,0,0,0,0,0
M,800,532,TLB,1970.515,3123.065,115.255,16,16,0,0,16
M,800,532,LNB,4436.545,7404.895,296.835,225,225,0,0,225
M,800,532,TLNB,4022.795,6652.245,262.945,59,59,0,0,59
M,800,532,TPLB,4870.23,7596.23,272.6,0,0,0,0,0
M,800,532,PLB,5630.845,8853.945,322.31,0,0,0,0,0
M,800,777,US,1468.9,1964.35,49.545,0,0,0,0,0
M,800,777,TLS,1986.77,2720.67,73.39,0,0,0,0,0
M,800,777,LNS,3563.81,5202.96,163.915,0,0,0,0,0
M,800,777,TLNS,2862.495,4129.145,126.665,0,0,0,0,0
M,800,777,TPLS,5498.315,7775.065,227.675,0,0,0,0,0
M,800,777,PLS,6262.06,9035.56,277.35,0,0,0,0,0
M,800,777,UB,1601.69,2163.54,56.185,0,0,0,0,0
M,800,777,TLB,1872.69,2547.19,67.45,0,0,0,0,0
M,800,777,LNB,3622.5,5282.3,165.98,0,0,0,0,0
M,800,777,TLNB,2812.395,4046.195,123.38,0,0,0,0,0
M,800,777,TPLB,4874.915,6902.065,202.715,0,0,0,0,0
M,800,777,PLB,5434.42,7884.02,244.96,0,0,0,0,0
M,800,999,US,3080.54,5854.19,277.365,0,0,0,0,0
M,800,999,TLS,1446.765,3526.465,207.97,6,6,0,0,6
M,800,999,LNS,4647.785,7886.035,323.825,74,74,0,0,74
M,800,999,TLNS,4203.895,7280.845,307.695,31,31,0,0,31
M,800,999,TPLS,5363.775,8462.825,309.905,0,0,0,0,0
M,800,999,PLS,6432.4,10021.95,358.955,0,0,0,0,0
M,800,999,UB,2630.67,5233.52,260.285,0,0,0,0,0
M,800,999,TLB,1127.21,3122.76,199.555,2,2,0,0,2
M,800,999,LNB,4524.33,7692.73,316.84,106,106,0,0,106
M,800,999,TLNB,3945.655,6916.555,297.09,40,40,0,0,40
M,800,999,TPLB,4626.11,7532.51,290.64,0,0,0,0,0
M,800,999,PLB,5528.055,8861.805,333.375,0,0,0,0,0
M,1200,123,US,12183.65,17896.65,571.3,14,14,0,0,14
M,1200,123,TLS,13873.425,19661.725,578.83,12,12,0,0,12
M,1200,123,LNS,13007.645,18915.195,590.755,93,93,0,0,93
M,1200,123,TLNS,13992.41,19920.51,592.81,42,42,0,0,42
M,1200,123,TPLS,18675.805,25627.105,695.13,0,0,0,0,0
M,1200,123,PLS,18006.235,25002.735,699.65,0,0,0,0,0
M,1200,123,UB,11025.665,16620.315,559.465,8,8,0,0,8
M,1200,123,TLB,11868.38,17460.68,559.23,8,8,0,0,8
M,1200,123,LNB,11897.915,17711.565,581.365,98,98,0,0,98
M,1200,123,TLNB,12689.695,18509.945,582.025,42,42,0,0,42
M,1200,123,TPLB,17469.55,24045.9,657.635,0,0,0,0,0
M,1200,123,PLB,17206.165,23906.315,670.015,0,0,0,0,0
M,1200,323,US,11526.655,15100.405,357.375,18,18,0,0,18
M,1200,323,TLS,12238.76,15857.71,361.895,9,9,0,0,9
M,1200,323,LNS,14039.87,18168.92,412.905,96,96,0,0,96
M,1200,323,TLNS,13632.105,17701.155,406.905,48,48,0,0,48
M,1200,323,TPLS,10077.105,13579.305,350.22,0,0,0,0,0
M,1200,323,PLS,7551.275,10233.325,268.205,0,0,0,0,0
M,1200,323,UB,10662.675,13975.075,331.24,9,9,0,0,9
M,1200,323,TLB,11215.315,14508.815,329.35,10,10,0,0,10
M,1200,323,LNB,13382.315,17291.465,390.915,138,138,0,0,138
M,1200,323,TLNB,13004.795,16859.845,385.505,43,43,0,0,43
M,1200,323,TPLB,9040.75,12101.1,306.035,0,0,0,0,0
M,1200,323,PLB,6435.55,8653.35,221.78,0,0,0,0,0
M,1200,532,US,12938.16,17903.31,496.515,236,236,0,0,236
M,1200,532,TLS,14546.79,19667.79,512.1,205,205,0,0,205
M,1200,532,LNS,13645.415,18915.415,527.0,1653,1653,0,0,1653
M,1200,532,TLNS,14476.235,19924.385,544.815,928,928,0,0,928
M,1200,532,TPLS,18937.46,25790.61,685.315,0,0,0,0,0
M,1200,532,PLS,18202.83,25107.58,690.475,0,0,0,0,0
M,1200,532,UB,11997.3,16621.5,462.42,209,209,0,0,209
M,1200,532,TLB,12880.565,17463.415,458.285,179,179,0,0,179
M,1200,532,LNB,12718.615,17711.565,499.295,1872,1872,0,0,1872
M,1200,532,TLNB,13364.73,18510.98,514.625,1025,1025,0,0,1025
M,1200,532,TPLB,17983.82,24418.77,643.495,0,0,0,0,0
M,1200,532,PLB,17577.855,24205.005,662.715,0,0,0,0,0
M,1200,777,US,12912.81,17160.01,424.72,1,1,0,0,1
M,1200,777,TLS,14271.94,18674.99,440.305,7,7,0,0,7
M,1200,777,LNS,13964.845,18345.445,438.06,16,16,0,0,16
M,1200,777,TLNS,14448.085,19084.535,463.645,12,12,0,0,12
M,1200,777,TPLS,17730.38,24158.18,642.78,0,0,0,0,0
M,1200,777,PLS,17103.645,23614.145,651.05,0,0,0,0,0
M,1200,777,UB,12016.475,15970.975,395.45,2,2,0,0,2
M,1200,777,TLB,12766.94,16685.19,391.825,9,9,0,0,9
M,1200,777,LNB,13173.9,17269.1,409.52,48,48,0,0,48
M,1200,777,TLNB,13538.395,17854.645,431.625,15,15,0,0,15
M,1200,777,TPLB,16736.805,22694.405,595.76,0,0,0,0,0
M,1200,777,PLB,16282.325,22410.275,612.795,0,0,0,0,0
M,1200,999,US,12313.56,17903.31,558.975,206,206,0,0,206
M,1200,999,TLS,13816.39,19667.79,585.14,86,86,0,0,86
M,1200,999,LNS,13123.565,18915.415,579.185,767,767,0,0,767
M,1200,999,TLNS,13988.285,19924.385,593.61,560,560,0,0,560
M,1200,999,TPLS,19108.725,26340.875,723.215,0,0,0,0,0
M,1200,999,PLS,18574.015,25887.565,731.355,0,0,0,0,0
M,1200,999,UB,11195.9,16621.5,542.56,171,171,0,0,171
M,1200,999,TLB,11924.365,17463.415,553.905,77,77,0,0,77
M,1200,999,LNB,12079.015,17711.565,563.255,819,819,0,0,819
M,1200,999,TLNB,12752.53,18510.98,575.845,487,487,0,0,487
M,1200,999,TPLB,17772.58,24604.18,683.16,0,0,0,0,0
M,1200,999,PLB,17650.025,24663.925,701.39,0,0,0,0,0
BF,800,,US,3766.075,6010.525,224.445,0,0,0,0,0
BF,800,,TLS,2256.845,3527.345,127.05,0,0,0,0,0
BF,800,,LNS,5316.15,8598.45,328.23,0,0,0,0,0
BF,800,,TLNS,4916.16,7891.01,297.485,0,0,0,0,0
BF,800,,TPLS,5894.555,8685.805,279.125,0,0,0,0,0
BF,800,,PLS,7134.33,10669.03,353.47,0,0,0,0,0
BF,800,,UB,3354.875,5323.525,196.865,0,0,0,0,0
BF,800,,TLB,1999.345,3123.795,112.445,0,0,0,0,0
BF,800,,LNB,5138.285,8311.535,317.325,0,0,0,0,0
BF,800,,TLNB,4629.135,7446.635,281.75,0,0,0,0,0
BF,800,,TPLB,5239.375,7771.525,253.215,0,0,0,0,0
BF,800,,PLB,6290.765,9512.815,322.205,0,0,0,0,0
BF,1200,,US,13370.06,17903.31,453.325,0,0,0,0,0
BF,1200,,TLS,14881.34,19667.79,478.645,0,0,0,0,0
BF,1200,,LNS,14120.515,18915.415,479.49,0,0,0,0,0
BF,1200,,TLNS,14862.685,19924.385,506.17,0,0,0,0,0
BF,1200,,TPLS,19177.535,26373.185,719.565,0,0,0,0,0
BF,1200,,PLS,18703.44,26072.49,736.905,0,0,0,0,0
BF,1200,,UB,12407.95,16621.5,421.355,0,0,0,0,0
BF,1200,,TLB,13216.015,17463.415,424.74,0,0,0,0,0
BF,1200,,LNB,13222.765,17711.565,448.88,0,0,0,0,0
BF,1200,,TLNB,13819.33,18510.98,469.165,0,0,0,0,0
BF,1200,,TPLB,17974.475,24618.575,664.41,0,0,0,0,0
BF,1200,,PLB,17830.575,24797.325,696.675,0,0,0,0,0
