source_path,scenario,model,model_mode,train_regime,seed,test_regime,C,F,T,T_max,flush_levels,flush_grid,num_flush_choices,state_feature_mode,mask_mode,reward_scale,imitation_mode,threshold_advantage_mode,money_p,money_tau,drop_penalty,value_accept_ratio,settled_value,total_transaction_value,drops,drop_rate,policy_discards,capacity_drops,flushes,money,total_steps,settle_accept_count,settle_reject_count,settle_accept_rate,settle_reject_rate,mean_flush_action,mean_flush_fraction,zero_flush_rate,full_flush_rate,middle_flush_rate,flush_action_histogram,flush_action_prob,hidden_size,learning_rate,settle_embed_dim,conditional_hidden_size,threshold_mode,selection_method,selected_eta,policy_output,output_reduction_vs_flat,output_reduction_pct
/Users/qiubi/kwallet-rl/src/idea5/general_model/results_pressure_imitation_C_sweep_seed123/conditional_factorized_ac/runs/conditional_factorized_ac_trainMIX12_EQ_C1000_F3_T1000_flush17_tau100_seed123_rscale100_pressure_imitThreshold100ep/20260524_090801_354873/cross_regime_results.json,conditional_factorized_ac_trainMIX12_EQ_C1000_F3_T1000_flush17_tau100_seed123_rscale100_pressure_imitThreshold100ep,conditional_factorized_ac,conditional_factorized_ac,MIX12_EQ,123,US,1000.0,3,1000,250.0,17,uniform,17,pressure,none,100.0,threshold_pretrain,none,1.0,100.0,0.0,0.9989850886436642,49934.53,49985.275,0.73,0.0007300000000000001,0.0,0.73,60.535,43881.03,1000.0,1000.0,0.0,1.0,0.0,0.96856,0.060535,0.9394649999999999,0.060535,0.0,"[939.465, 0.0, 0.0, 0.0, 0.0, 0.0, 0.0, 0.0, 0.0, 0.0, 0.0, 0.0, 0.0, 0.0, 0.0, 0.0, 60.535]","[0.939464999999997, 0.0, 0.0, 0.0, 0.0, 0.0, 0.0, 0.0, 0.0, 0.0, 0.0, 0.0, 0.0, 0.0, 0.0, 0.0, 0.06053499999999997]",128,0.0001,32,256,,,,19,0.4411764705882353,44.11764705882353
/Users/qiubi/kwallet-rl/src/idea5/general_model/results_pressure_imitation_C_sweep_seed123/conditional_factorized_ac/runs/conditional_factorized_ac_trainMIX12_EQ_C1000_F3_T1000_flush17_tau100_seed123_rscale100_pressure_imitThreshold100ep/20260524_090801_354873/cross_regime_results.json,conditional_factorized_ac_trainMIX12_EQ_C1000_F3_T1000_flush17_tau100_seed123_rscale100_pressure_imitThreshold100ep,conditional_factorized_ac,conditional_factorized_ac,MIX12_EQ,123,TLS,1000.0,3,1000,250.0,17,uniform,17,pressure,none,100.0,threshold_pretrain,none,1.0,100.0,0.0,0.9993960252706057,49934.89,49965.1,0.43,0.00043000000000000004,0.0,0.43,60.62,43872.89,1000.0,1000.0,0.0,1.0,0.0,0.9699199999999999,0.06061999999999999,0.9393799999999999,0.06061999999999999,0.0,"[939.38, 0.0, 0.0, 0.0, 0.0, 0.0, 0.0, 0.0, 0.0, 0.0, 0.0, 0.0, 0.0, 0.0, 0.0, 0.0, 60.62]","[0.9393799999999967, 0.0, 0.0, 0.0, 0.0, 0.0, 0.0, 0.0, 0.0, 0.0, 0.0, 0.0, 0.0, 0.0, 0.0, 0.0, 0.06061999999999995]",128,0.0001,32,256,,,,19,0.4411764705882353,44.11764705882353
/Users/qiubi/kwallet-rl/src/idea5/general_model/results_pressure_imitation_C_sweep_seed123/conditional_factorized_ac/runs/conditional_factorized_ac_trainMIX12_EQ_C1000_F3_T1000_flush17_tau100_seed123_rscale100_pressure_imitThreshold100ep/20260524_090801_354873/cross_regime_results.json,conditional_factorized_ac_trainMIX12_EQ_C1000_F3_T1000_flush17_tau100_seed123_rscale100_pressure_imitThreshold100ep,conditional_factorized_ac,conditional_factorized_ac,MIX12_EQ,123,LNS,1000.0,3,1000,250.0,17,uniform,17,pressure,none,100.0,threshold_pretrain,none,1.0,100.0,0.0,0.9839713072154825,49277.185,50081.5,8.165,0.008165,0.0,8.165,59.185,43358.685,1000.0,1000.0,0.0,1.0,0.0,0.94696,0.059185,0.9408150000000001,0.059185,0.0,"[940.815, 0.0, 0.0, 0.0, 0.0, 0.0, 0.0, 0.0, 0.0, 0.0, 0.0, 0.0, 0.0, 0.0, 0.0, 0.0, 59.185]","[0.9408149999999997, 0.0, 0.0, 0.0, 0.0, 0.0, 0.0, 0.0, 0.0, 0.0, 0.0, 0.0, 0.0, 0.0, 0.0, 0.0, 0.05918499999999996]",128,0.0001,32,256,,,,19,0.4411764705882353,44.11764705882353
/Users/qiubi/kwallet-rl/src/idea5/general_model/results_pressure_imitation_C_sweep_seed123/conditional_factorized_ac/runs/conditional_factorized_ac_trainMIX12_EQ_C1000_F3_T1000_flush17_tau100_seed123_rscale100_pressure_imitThreshold100ep/20260524_090801_354873/cross_regime_results.json,conditional_factorized_ac_trainMIX12_EQ_C1000_F3_T1000_flush17_tau100_seed123_rscale100_pressure_imitThreshold100ep,conditional_factorized_ac,conditional_factorized_ac,MIX12_EQ,123,TLNS,1000.0,3,1000,250.0,17,uniform,17,pressure,none,100.0,threshold_pretrain,none,1.0,100.0,0.0,0.992911968730052,49726.85,50082.31,4.325,0.004325,0.0,4.325,60.015,43725.35,1000.0,1000.0,0.0,1.0,0.0,0.96024,0.060015,0.9399850000000001,0.060015,0.0,"[939.985, 0.0, 0.0, 0.0, 0.0, 0.0, 0.0, 0.0, 0.0, 0.0, 0.0, 0.0, 0.0, 0.0, 0.0, 0.0, 60.015]","[0.939984999999999, 0.0, 0.0, 0.0, 0.0, 0.0, 0.0, 0.0, 0.0, 0.0, 0.0, 0.0, 0.0, 0.0, 0.0, 0.0, 0.06001499999999997]",128,0.0001,32,256,,,,19,0.4411764705882353,44.11764705882353
/Users/qiubi/kwallet-rl/src/idea5/general_model/results_pressure_imitation_C_sweep_seed123/conditional_factorized_ac/runs/conditional_factorized_ac_trainMIX12_EQ_C1000_F3_T1000_flush17_tau100_seed123_rscale100_pressure_imitThreshold100ep/20260524_090801_354873/cross_regime_results.json,conditional_factorized_ac_trainMIX12_EQ_C1000_F3_T1000_flush17_tau100_seed123_rscale100_pressure_imitThreshold100ep,conditional_factorized_ac,conditional_factorized_ac,MIX12_EQ,123,TPLS,1000.0,3,1000,250.0,17,uniform,17,pressure,none,100.0,threshold_pretrain,none,1.0,100.0,0.0,0.9945848592000934,49702.3,49973.61,3.34,0.003340000000000001,0.0,3.34,60.16,43686.3,1000.0,1000.0,0.0,1.0,0.0,0.96256,0.06016,0.9398399999999998,0.06016,0.0,"[939.84, 0.0, 0.0, 0.0, 0.0, 0.0, 0.0, 0.0, 0.0, 0.0, 0.0, 0.0, 0.0, 0.0, 0.0, 0.0, 60.16]","[0.9398399999999981, 0.0, 0.0, 0.0, 0.0, 0.0, 0.0, 0.0, 0.0, 0.0, 0.0, 0.0, 0.0, 0.0, 0.0, 0.0, 0.06015999999999996]",128,0.0001,32,256,,,,19,0.4411764705882353,44.11764705882353
/Users/qiubi/kwallet-rl/src/idea5/general_model/results_pressure_imitation_C_sweep_seed123/conditional_factorized_ac/runs/conditional_factorized_ac_trainMIX12_EQ_C1000_F3_T1000_flush17_tau100_seed123_rscale100_pressure_imitThreshold100ep/20260524_090801_354873/cross_regime_results.json,conditional_factorized_ac_trainMIX12_EQ_C1000_F3_T1000_flush17_tau100_seed123_rscale100_pressure_imitThreshold100ep,conditional_factorized_ac,conditional_factorized_ac,MIX12_EQ,123,PLS,1000.0,3,1000,250.0,17,uniform,17,pressure,none,100.0,threshold_pretrain,none,1.0,100.0,0.0,0.9805688008069344,49110.205,50088.115,7.94,0.007940000000000001,0.0,7.94,59.1,43200.205,1000.0,1000.0,0.0,1.0,0.0,0.9456,0.0591,0.9409000000000001,0.0591,0.0,"[940.9, 0.0, 0.0, 0.0, 0.0, 0.0, 0.0, 0.0, 0.0, 0.0, 0.0, 0.0, 0.0, 0.0, 0.0, 0.0, 59.1]","[0.9409000000000001, 0.0, 0.0, 0.0, 0.0, 0.0, 0.0, 0.0, 0.0, 0.0, 0.0, 0.0, 0.0, 0.0, 0.0, 0.0, 0.05909999999999996]",128,0.0001,32,256,,,,19,0.4411764705882353,44.11764705882353
/Users/qiubi/kwallet-rl/src/idea5/general_model/results_pressure_imitation_C_sweep_seed123/conditional_factorized_ac/runs/conditional_factorized_ac_trainMIX12_EQ_C1000_F3_T1000_flush17_tau100_seed123_rscale100_pressure_imitThreshold100ep/20260524_090801_354873/cross_regime_results.json,conditional_factorized_ac_trainMIX12_EQ_C1000_F3_T1000_flush17_tau100_seed123_rscale100_pressure_imitThreshold100ep,conditional_factorized_ac,conditional_factorized_ac,MIX12_EQ,123,UB,1000.0,3,1000,250.0,17,uniform,17,pressure,none,100.0,threshold_pretrain,none,1.0,100.0,0.0,0.9956212513430791,49762.8,49982.435,2.795,0.002795,0.0,2.795,60.26,43736.8,1000.0,1000.0,0.0,1.0,0.0,0.96416,0.06026,0.9397399999999999,0.06026,0.0,"[939.74, 0.0, 0.0, 0.0, 0.0, 0.0, 0.0, 0.0, 0.0, 0.0, 0.0, 0.0, 0.0, 0.0, 0.0, 0.0, 60.26]","[0.9397399999999979, 0.0, 0.0, 0.0, 0.0, 0.0, 0.0, 0.0, 0.0, 0.0, 0.0, 0.0, 0.0, 0.0, 0.0, 0.0, 0.06025999999999992]",128,0.0001,32,256,,,,19,0.4411764705882353,44.11764705882353
/Users/qiubi/kwallet-rl/src/idea5/general_model/results_pressure_imitation_C_sweep_seed123/conditional_factorized_ac/runs/conditional_factorized_ac_trainMIX12_EQ_C1000_F3_T1000_flush17_tau100_seed123_rscale100_pressure_imitThreshold100ep/20260524_090801_354873/cross_regime_results.json,conditional_factorized_ac_trainMIX12_EQ_C1000_F3_T1000_flush17_tau100_seed123_rscale100_pressure_imitThreshold100ep,conditional_factorized_ac,conditional_factorized_ac,MIX12_EQ,123,TLB,1000.0,3,1000,250.0,17,uniform,17,pressure,none,100.0,threshold_pretrain,none,1.0,100.0,0.0,0.9967060301479499,49818.43,49983.665,2.16,0.00216,0.0,2.16,60.415,43776.93,1000.0,1000.0,0.0,1.0,0.0,0.9666399999999998,0.06041499999999999,0.939585,0.06041499999999999,0.0,"[939.585, 0.0, 0.0, 0.0, 0.0, 0.0, 0.0, 0.0, 0.0, 0.0, 0.0, 0.0, 0.0, 0.0, 0.0, 0.0, 60.415]","[0.9395849999999978, 0.0, 0.0, 0.0, 0.0, 0.0, 0.0, 0.0, 0.0, 0.0, 0.0, 0.0, 0.0, 0.0, 0.0, 0.0, 0.06041499999999995]",128,0.0001,32,256,,,,19,0.4411764705882353,44.11764705882353
/Users/qiubi/kwallet-rl/src/idea5/general_model/results_pressure_imitation_C_sweep_seed123/conditional_factorized_ac/runs/conditional_factorized_ac_trainMIX12_EQ_C1000_F3_T1000_flush17_tau100_seed123_rscale100_pressure_imitThreshold100ep/20260524_090801_354873/cross_regime_results.json,conditional_factorized_ac_trainMIX12_EQ_C1000_F3_T1000_flush17_tau100_seed123_rscale100_pressure_imitThreshold100ep,conditional_factorized_ac,conditional_factorized_ac,MIX12_EQ,123,LNB,1000.0,3,1000,250.0,17,uniform,17,pressure,none,100.0,threshold_pretrain,none,1.0,100.0,0.0,0.9786134273287039,49237.53,50315.125,10.1,0.0101,0.0,10.1,58.965,43341.03,1000.0,1000.0,0.0,1.0,0.0,0.9434400000000001,0.058965000000000004,0.941035,0.058965000000000004,0.0,"[941.035, 0.0, 0.0, 0.0, 0.0, 0.0, 0.0, 0.0, 0.0, 0.0, 0.0, 0.0, 0.0, 0.0, 0.0, 0.0, 58.965]","[0.9410349999999997, 0.0, 0.0, 0.0, 0.0, 0.0, 0.0, 0.0, 0.0, 0.0, 0.0, 0.0, 0.0, 0.0, 0.0, 0.0, 0.05896499999999994]",128,0.0001,32,256,,,,19,0.4411764705882353,44.11764705882353
/Users/qiubi/kwallet-rl/src/idea5/general_model/results_pressure_imitation_C_sweep_seed123/conditional_factorized_ac/runs/conditional_factorized_ac_trainMIX12_EQ_C1000_F3_T1000_flush17_tau100_seed123_rscale100_pressure_imitThreshold100ep/20260524_090801_354873/cross_regime_results.json,conditional_factorized_ac_trainMIX12_EQ_C1000_F3_T1000_flush17_tau100_seed123_rscale100_pressure_imitThreshold100ep,conditional_factorized_ac,conditional_factorized_ac,MIX12_EQ,123,TLNB,1000.0,3,1000,250.0,17,uniform,17,pressure,none,100.0,threshold_pretrain,none,1.0,100.0,0.0,0.9904099995246551,49618.965,50101.145,5.535,0.005535000000000001,0.0,5.535,59.815,43637.465,1000.0,1000.0,0.0,1.0,0.0,0.9570399999999999,0.05981499999999999,0.9401849999999999,0.05981499999999999,0.0,"[940.185, 0.0, 0.0, 0.0, 0.0, 0.0, 0.0, 0.0, 0.0, 0.0, 0.0, 0.0, 0.0, 0.0, 0.0, 0.0, 59.815]","[0.9401849999999987, 0.0, 0.0, 0.0, 0.0, 0.0, 0.0, 0.0, 0.0, 0.0, 0.0, 0.0, 0.0, 0.0, 0.0, 0.0, 0.05981499999999993]",128,0.0001,32,256,,,,19,0.4411764705882353,44.11764705882353
/Users/qiubi/kwallet-rl/src/idea5/general_model/results_pressure_imitation_C_sweep_seed123/conditional_factorized_ac/runs/conditional_factorized_ac_trainMIX12_EQ_C1000_F3_T1000_flush17_tau100_seed123_rscale100_pressure_imitThreshold100ep/20260524_090801_354873/cross_regime_results.json,conditional_factorized_ac_trainMIX12_EQ_C1000_F3_T1000_flush17_tau100_seed123_rscale100_pressure_imitThreshold100ep,conditional_factorized_ac,conditional_factorized_ac,MIX12_EQ,123,TPLB,1000.0,3,1000,250.0,17,uniform,17,pressure,none,100.0,threshold_pretrain,none,1.0,100.0,0.0,0.9925363393096645,49596.005,49969.965,4.4,0.0044,0.0,4.4,59.91,43605.005,1000.0,1000.0,0.0,1.0,0.0,0.95856,0.05991,0.94009,0.05991,0.0,"[940.09, 0.0, 0.0, 0.0, 0.0, 0.0, 0.0, 0.0, 0.0, 0.0, 0.0, 0.0, 0.0, 0.0, 0.0, 0.0, 59.91]","[0.9400899999999984, 0.0, 0.0, 0.0, 0.0, 0.0, 0.0, 0.0, 0.0, 0.0, 0.0, 0.0, 0.0, 0.0, 0.0, 0.0, 0.05990999999999995]",128,0.0001,32,256,,,,19,0.4411764705882353,44.11764705882353
/Users/qiubi/kwallet-rl/src/idea5/general_model/results_pressure_imitation_C_sweep_seed123/conditional_factorized_ac/runs/conditional_factorized_ac_trainMIX12_EQ_C1000_F3_T1000_flush17_tau100_seed123_rscale100_pressure_imitThreshold100ep/20260524_090801_354873/cross_regime_results.json,conditional_factorized_ac_trainMIX12_EQ_C1000_F3_T1000_flush17_tau100_seed123_rscale100_pressure_imitThreshold100ep,conditional_factorized_ac,conditional_factorized_ac,MIX12_EQ,123,PLB,1000.0,3,1000,250.0,17,uniform,17,pressure,none,100.0,threshold_pretrain,none,1.0,100.0,0.0,0.9771676644906725,48917.895,50064.775,9.665,0.009665,0.0,9.665,58.785,43039.395,1000.0,1000.0,0.0,1.0,0.0,0.9405600000000001,0.058785000000000004,0.941215,0.058785000000000004,0.0,"[941.215, 0.0, 0.0, 0.0, 0.0, 0.0, 0.0, 0.0, 0.0, 0.0, 0.0, 0.0, 0.0, 0.0, 0.0, 0.0, 58.785]","[0.9412150000000001, 0.0, 0.0, 0.0, 0.0, 0.0, 0.0, 0.0, 0.0, 0.0, 0.0, 0.0, 0.0, 0.0, 0.0, 0.0, 0.058784999999999935]",128,0.0001,32,256,,,,19,0.4411764705882353,44.11764705882353
/Users/qiubi/kwallet-rl/src/idea5/general_model/results_pressure_imitation_C_sweep_seed123/conditional_factorized_ac/runs/conditional_factorized_ac_trainMIX12_EQ_C1200_F3_T1000_flush17_tau100_seed123_rscale100_pressure_imitThreshold100ep/20260524_092853_104633/cross_regime_results.json,conditional_factorized_ac_trainMIX12_EQ_C1200_F3_T1000_flush17_tau100_seed123_rscale100_pressure_imitThreshold100ep,conditional_factorized_ac,conditional_factorized_ac,MIX12_EQ,123,US,1200.0,3,1000,250.0,17,uniform,17,pressure,none,100.0,threshold_pretrain,none,1.0,100.0,0.0,0.9995008237785115,49960.265,49985.275,0.355,0.00035500000000000006,0.0,0.355,49.625,44997.765,1000.0,1000.0,0.0,1.0,0.0,0.7939999999999999,0.049624999999999996,0.950375,0.049624999999999996,0.0,"[950.375, 0.0, 0.0, 0.0, 0.0, 0.0, 0.0, 0.0, 0.0, 0.0, 0.0, 0.0, 0.0, 0.0, 0.0, 0.0, 49.625]","[0.950374999999997, 0.0, 0.0, 0.0, 0.0, 0.0, 0.0, 0.0, 0.0, 0.0, 0.0, 0.0, 0.0, 0.0, 0.0, 0.0, 0.04962500000000004]",128,0.0001,32,256,,,,19,0.4411764705882353,44.11764705882353
/Users/qiubi/kwallet-rl/src/idea5/general_model/results_pressure_imitation_C_sweep_seed123/conditional_factorized_ac/runs/conditional_factorized_ac_trainMIX12_EQ_C1200_F3_T1000_flush17_tau100_seed123_rscale100_pressure_imitThreshold100ep/20260524_092853_104633/cross_regime_results.json,conditional_factorized_ac_trainMIX12_EQ_C1200_F3_T1000_flush17_tau100_seed123_rscale100_pressure_imitThreshold100ep,conditional_factorized_ac,conditional_factorized_ac,MIX12_EQ,123,TLS,1200.0,3,1000,250.0,17,uniform,17,pressure,none,100.0,threshold_pretrain,none,1.0,100.0,0.0,0.999669400672277,49948.57,49965.1,0.24,0.00024,0.0,0.24,49.715,44977.07,1000.0,1000.0,0.0,1.0,0.0,0.7954399999999999,0.049714999999999995,0.9502849999999998,0.049714999999999995,0.0,"[950.285, 0.0, 0.0, 0.0, 0.0, 0.0, 0.0, 0.0, 0.0, 0.0, 0.0, 0.0, 0.0, 0.0, 0.0, 0.0, 49.715]","[0.950284999999997, 0.0, 0.0, 0.0, 0.0, 0.0, 0.0, 0.0, 0.0, 0.0, 0.0, 0.0, 0.0, 0.0, 0.0, 0.0, 0.04971500000000006]",128,0.0001,32,256,,,,19,0.4411764705882353,44.11764705882353
/Users/qiubi/kwallet-rl/src/idea5/general_model/results_pressure_imitation_C_sweep_seed123/conditional_factorized_ac/runs/conditional_factorized_ac_trainMIX12_EQ_C1200_F3_T1000_flush17_tau100_seed123_rscale100_pressure_imitThreshold100ep/20260524_092853_104633/cross_regime_results.json,conditional_factorized_ac_trainMIX12_EQ_C1200_F3_T1000_flush17_tau100_seed123_rscale100_pressure_imitThreshold100ep,conditional_factorized_ac,conditional_factorized_ac,MIX12_EQ,123,LNS,1200.0,3,1000,250.0,17,uniform,17,pressure,none,100.0,threshold_pretrain,none,1.0,100.0,0.0,0.9881678810663407,49487.46,50081.5,6.07,0.006070000000000001,0.0,6.07,48.77,44610.46,1000.0,1000.0,0.0,1.0,0.0,0.7803200000000001,0.04877000000000001,0.9512299999999999,0.04877000000000001,0.0,"[951.23, 0.0, 0.0, 0.0, 0.0, 0.0, 0.0, 0.0, 0.0, 0.0, 0.0, 0.0, 0.0, 0.0, 0.0, 0.0, 48.77]","[0.9512299999999976, 0.0, 0.0, 0.0, 0.0, 0.0, 0.0, 0.0, 0.0, 0.0, 0.0, 0.0, 0.0, 0.0, 0.0, 0.0, 0.048770000000000036]",128,0.0001,32,256,,,,19,0.4411764705882353,44.11764705882353
/Users/qiubi/kwallet-rl/src/idea5/general_model/results_pressure_imitation_C_sweep_seed123/conditional_factorized_ac/runs/conditional_factorized_ac_trainMIX12_EQ_C1200_F3_T1000_flush17_tau100_seed123_rscale100_pressure_imitThreshold100ep/20260524_092853_104633/cross_regime_results.json,conditional_factorized_ac_trainMIX12_EQ_C1200_F3_T1000_flush17_tau100_seed123_rscale100_pressure_imitThreshold100ep,conditional_factorized_ac,conditional_factorized_ac,MIX12_EQ,123,TLNS,1200.0,3,1000,250.0,17,uniform,17,pressure,none,100.0,threshold_pretrain,none,1.0,100.0,0.0,0.99489665717653,49825.91,50082.31,3.035,0.003035,0.0,3.035,49.385,44887.41,1000.0,1000.0,0.0,1.0,0.0,0.7901599999999999,0.04938499999999999,0.950615,0.04938499999999999,0.0,"[950.615, 0.0, 0.0, 0.0, 0.0, 0.0, 0.0, 0.0, 0.0, 0.0, 0.0, 0.0, 0.0, 0.0, 0.0, 0.0, 49.385]","[0.9506149999999974, 0.0, 0.0, 0.0, 0.0, 0.0, 0.0, 0.0, 0.0, 0.0, 0.0, 0.0, 0.0, 0.0, 0.0, 0.0, 0.04938500000000001]",128,0.0001,32,256,,,,19,0.4411764705882353,44.11764705882353
/Users/qiubi/kwallet-rl/src/idea5/general_model/results_pressure_imitation_C_sweep_seed123/conditional_factorized_ac/runs/conditional_factorized_ac_trainMIX12_EQ_C1200_F3_T1000_flush17_tau100_seed123_rscale100_pressure_imitThreshold100ep/20260524_092853_104633/cross_regime_results.json,conditional_factorized_ac_trainMIX12_EQ_C1200_F3_T1000_flush17_tau100_seed123_rscale100_pressure_imitThreshold100ep,conditional_factorized_ac,conditional_factorized_ac,MIX12_EQ,123,TPLS,1200.0,3,1000,250.0,17,uniform,17,pressure,none,100.0,threshold_pretrain,none,1.0,100.0,0.0,0.9960822176447824,49777.39,49973.61,2.39,0.00239,0.0,2.39,49.455,44831.89,1000.0,1000.0,0.0,1.0,0.0,0.79128,0.049455,0.9505449999999999,0.049455,0.0,"[950.545, 0.0, 0.0, 0.0, 0.0, 0.0, 0.0, 0.0, 0.0, 0.0, 0.0, 0.0, 0.0, 0.0, 0.0, 0.0, 49.455]","[0.9505449999999973, 0.0, 0.0, 0.0, 0.0, 0.0, 0.0, 0.0, 0.0, 0.0, 0.0, 0.0, 0.0, 0.0, 0.0, 0.0, 0.04945500000000006]",128,0.0001,32,256,,,,19,0.4411764705882353,44.11764705882353
/Users/qiubi/kwallet-rl/src/idea5/general_model/results_pressure_imitation_C_sweep_seed123/conditional_factorized_ac/runs/conditional_factorized_ac_trainMIX12_EQ_C1200_F3_T1000_flush17_tau100_seed123_rscale100_pressure_imitThreshold100ep/20260524_092853_104633/cross_regime_results.json,conditional_factorized_ac_trainMIX12_EQ_C1200_F3_T1000_flush17_tau100_seed123_rscale100_pressure_imitThreshold100ep,conditional_factorized_ac,conditional_factorized_ac,MIX12_EQ,123,PLS,1200.0,3,1000,250.0,17,uniform,17,pressure,none,100.0,threshold_pretrain,none,1.0,100.0,0.0,0.9851846717655925,49342.93,50088.115,6.375,0.0063750000000000005,0.0,6.375,48.785,44464.43,1000.0,1000.0,0.0,1.0,0.0,0.7805599999999999,0.048784999999999995,0.9512149999999999,0.048784999999999995,0.0,"[951.215, 0.0, 0.0, 0.0, 0.0, 0.0, 0.0, 0.0, 0.0, 0.0, 0.0, 0.0, 0.0, 0.0, 0.0, 0.0, 48.785]","[0.9512149999999977, 0.0, 0.0, 0.0, 0.0, 0.0, 0.0, 0.0, 0.0, 0.0, 0.0, 0.0, 0.0, 0.0, 0.0, 0.0, 0.048785000000000016]",128,0.0001,32,256,,,,19,0.4411764705882353,44.11764705882353
/Users/qiubi/kwallet-rl/src/idea5/general_model/results_pressure_imitation_C_sweep_seed123/conditional_factorized_ac/runs/conditional_factorized_ac_trainMIX12_EQ_C1200_F3_T1000_flush17_tau100_seed123_rscale100_pressure_imitThreshold100ep/20260524_092853_104633/cross_regime_results.json,conditional_factorized_ac_trainMIX12_EQ_C1200_F3_T1000_flush17_tau100_seed123_rscale100_pressure_imitThreshold100ep,conditional_factorized_ac,conditional_factorized_ac,MIX12_EQ,123,UB,1200.0,3,1000,250.0,17,uniform,17,pressure,none,100.0,threshold_pretrain,none,1.0,100.0,0.0,0.997008496960768,49832.52,49982.435,1.915,0.001915,0.0,1.915,49.53,44879.52,1000.0,1000.0,0.0,1.0,0.0,0.7924799999999999,0.04952999999999999,0.9504699999999999,0.04952999999999999,0.0,"[950.47, 0.0, 0.0, 0.0, 0.0, 0.0, 0.0, 0.0, 0.0, 0.0, 0.0, 0.0, 0.0, 0.0, 0.0, 0.0, 49.53]","[0.9504699999999972, 0.0, 0.0, 0.0, 0.0, 0.0, 0.0, 0.0, 0.0, 0.0, 0.0, 0.0, 0.0, 0.0, 0.0, 0.0, 0.049530000000000095]",128,0.0001,32,256,,,,19,0.4411764705882353,44.11764705882353
/Users/qiubi/kwallet-rl/src/idea5/general_model/results_pressure_imitation_C_sweep_seed123/conditional_factorized_ac/runs/conditional_factorized_ac_trainMIX12_EQ_C1200_F3_T1000_flush17_tau100_seed123_rscale100_pressure_imitThreshold100ep/20260524_092853_104633/cross_regime_results.json,conditional_factorized_ac_trainMIX12_EQ_C1200_F3_T1000_flush17_tau100_seed123_rscale100_pressure_imitThreshold100ep,conditional_factorized_ac,conditional_factorized_ac,MIX12_EQ,123,TLB,1200.0,3,1000,250.0,17,uniform,17,pressure,none,100.0,threshold_pretrain,none,1.0,100.0,0.0,0.9973840842821359,49852.485,49983.665,1.655,0.001655,0.0,1.655,49.55,44897.485,1000.0,1000.0,0.0,1.0,0.0,0.7928000000000001,0.049550000000000004,0.9504499999999999,0.049550000000000004,0.0,"[950.45, 0.0, 0.0, 0.0, 0.0, 0.0, 0.0, 0.0, 0.0, 0.0, 0.0, 0.0, 0.0, 0.0, 0.0, 0.0, 49.55]","[0.950449999999997, 0.0, 0.0, 0.0, 0.0, 0.0, 0.0, 0.0, 0.0, 0.0, 0.0, 0.0, 0.0, 0.0, 0.0, 0.0, 0.04955000000000007]",128,0.0001,32,256,,,,19,0.4411764705882353,44.11764705882353
/Users/qiubi/kwallet-rl/src/idea5/general_model/results_pressure_imitation_C_sweep_seed123/conditional_factorized_ac/runs/conditional_factorized_ac_trainMIX12_EQ_C1200_F3_T1000_flush17_tau100_seed123_rscale100_pressure_imitThreshold100ep/20260524_092853_104633/cross_regime_results.json,conditional_factorized_ac_trainMIX12_EQ_C1200_F3_T1000_flush17_tau100_seed123_rscale100_pressure_imitThreshold100ep,conditional_factorized_ac,conditional_factorized_ac,MIX12_EQ,123,LNB,1200.0,3,1000,250.0,17,uniform,17,pressure,none,100.0,threshold_pretrain,none,1.0,100.0,0.0,0.9845843238399011,49538.09,50315.125,7.53,0.007530000000000001,0.0,7.53,48.75,44663.09,1000.0,1000.0,0.0,1.0,0.0,0.78,0.04875,0.95125,0.04875,0.0,"[951.25, 0.0, 0.0, 0.0, 0.0, 0.0, 0.0, 0.0, 0.0, 0.0, 0.0, 0.0, 0.0, 0.0, 0.0, 0.0, 48.75]","[0.9512499999999983, 0.0, 0.0, 0.0, 0.0, 0.0, 0.0, 0.0, 0.0, 0.0, 0.0, 0.0, 0.0, 0.0, 0.0, 0.0, 0.048750000000000036]",128,0.0001,32,256,,,,19,0.4411764705882353,44.11764705882353
/Users/qiubi/kwallet-rl/src/idea5/general_model/results_pressure_imitation_C_sweep_seed123/conditional_factorized_ac/runs/conditional_factorized_ac_trainMIX12_EQ_C1200_F3_T1000_flush17_tau100_seed123_rscale100_pressure_imitThreshold100ep/20260524_092853_104633/cross_regime_results.json,conditional_factorized_ac_trainMIX12_EQ_C1200_F3_T1000_flush17_tau100_seed123_rscale100_pressure_imitThreshold100ep,conditional_factorized_ac,conditional_factorized_ac,MIX12_EQ,123,TLNB,1200.0,3,1000,250.0,17,uniform,17,pressure,none,100.0,threshold_pretrain,none,1.0,100.0,0.0,0.9926791221355182,49733.22,50101.145,4.385,0.004385,0.0,4.385,49.17,44816.22,1000.0,1000.0,0.0,1.0,0.0,0.78672,0.04917,0.95083,0.04917,0.0,"[950.83, 0.0, 0.0, 0.0, 0.0, 0.0, 0.0, 0.0, 0.0, 0.0, 0.0, 0.0, 0.0, 0.0, 0.0, 0.0, 49.17]","[0.950829999999998, 0.0, 0.0, 0.0, 0.0, 0.0, 0.0, 0.0, 0.0, 0.0, 0.0, 0.0, 0.0, 0.0, 0.0, 0.0, 0.049170000000000005]",128,0.0001,32,256,,,,19,0.4411764705882353,44.11764705882353
/Users/qiubi/kwallet-rl/src/idea5/general_model/results_pressure_imitation_C_sweep_seed123/conditional_factorized_ac/runs/conditional_factorized_ac_trainMIX12_EQ_C1200_F3_T1000_flush17_tau100_seed123_rscale100_pressure_imitThreshold100ep/20260524_092853_104633/cross_regime_results.json,conditional_factorized_ac_trainMIX12_EQ_C1200_F3_T1000_flush17_tau100_seed123_rscale100_pressure_imitThreshold100ep,conditional_factorized_ac,conditional_factorized_ac,MIX12_EQ,123,TPLB,1200.0,3,1000,250.0,17,uniform,17,pressure,none,100.0,threshold_pretrain,none,1.0,100.0,0.0,0.9947176767379333,49705.06,49969.965,3.175,0.0031750000000000007,0.0,3.175,49.315,44773.56,1000.0,1000.0,0.0,1.0,0.0,0.78904,0.049315,0.950685,0.049315,0.0,"[950.685, 0.0, 0.0, 0.0, 0.0, 0.0, 0.0, 0.0, 0.0, 0.0, 0.0, 0.0, 0.0, 0.0, 0.0, 0.0, 49.315]","[0.9506849999999973, 0.0, 0.0, 0.0, 0.0, 0.0, 0.0, 0.0, 0.0, 0.0, 0.0, 0.0, 0.0, 0.0, 0.0, 0.0, 0.04931500000000004]",128,0.0001,32,256,,,,19,0.4411764705882353,44.11764705882353
/Users/qiubi/kwallet-rl/src/idea5/general_model/results_pressure_imitation_C_sweep_seed123/conditional_factorized_ac/runs/conditional_factorized_ac_trainMIX12_EQ_C1200_F3_T1000_flush17_tau100_seed123_rscale100_pressure_imitThreshold100ep/20260524_092853_104633/cross_regime_results.json,conditional_factorized_ac_trainMIX12_EQ_C1200_F3_T1000_flush17_tau100_seed123_rscale100_pressure_imitThreshold100ep,conditional_factorized_ac,conditional_factorized_ac,MIX12_EQ,123,PLB,1200.0,3,1000,250.0,17,uniform,17,pressure,none,100.0,threshold_pretrain,none,1.0,100.0,0.0,0.9827923176104337,49200.295,50064.775,7.255,0.007255,0.0,7.255,48.56,44344.295,1000.0,1000.0,0.0,1.0,0.0,0.77696,0.04856,0.9514400000000001,0.04856,0.0,"[951.44, 0.0, 0.0, 0.0, 0.0, 0.0, 0.0, 0.0, 0.0, 0.0, 0.0, 0.0, 0.0, 0.0, 0.0, 0.0, 48.56]","[0.9514399999999982, 0.0, 0.0, 0.0, 0.0, 0.0, 0.0, 0.0, 0.0, 0.0, 0.0, 0.0, 0.0, 0.0, 0.0, 0.0, 0.048560000000000034]",128,0.0001,32,256,,,,19,0.4411764705882353,44.11764705882353
/Users/qiubi/kwallet-rl/src/idea5/general_model/results_pressure_imitation_C_sweep_seed123/conditional_factorized_ac/runs/conditional_factorized_ac_trainMIX12_EQ_C1200_F3_T1000_flush17_tau100_seed123_rscale100_pressure_imitThreshold50ep/20260524_082630_738902/cross_regime_results.json,conditional_factorized_ac_trainMIX12_EQ_C1200_F3_T1000_flush17_tau100_seed123_rscale100_pressure_imitThreshold50ep,conditional_factorized_ac,conditional_factorized_ac,MIX12_EQ,123,US,1200.0,3,1000,250.0,17,uniform,17,pressure,none,100.0,threshold_pretrain,none,1.0,100.0,0.0,0.9992702655975134,49948.745,49985.275,0.52,0.0005200000000000001,0.0,0.52,48.445,45104.245,1000.0,1000.0,0.0,1.0,0.0,0.77512,0.048445,0.951555,0.048445,0.0,"[951.555, 0.0, 0.0, 0.0, 0.0, 0.0, 0.0, 0.0, 0.0, 0.0, 0.0, 0.0, 0.0, 0.0, 0.0, 0.0, 48.445]","[0.951554999999997, 0.0, 0.0, 0.0, 0.0, 0.0, 0.0, 0.0, 0.0, 0.0, 0.0, 0.0, 0.0, 0.0, 0.0, 0.0, 0.048445000000000044]",128,0.0001,32,256,,,,19,0.4411764705882353,44.11764705882353
/Users/qiubi/kwallet-rl/src/idea5/general_model/results_pressure_imitation_C_sweep_seed123/conditional_factorized_ac/runs/conditional_factorized_ac_trainMIX12_EQ_C1200_F3_T1000_flush17_tau100_seed123_rscale100_pressure_imitThreshold50ep/20260524_082630_738902/cross_regime_results.json,conditional_factorized_ac_trainMIX12_EQ_C1200_F3_T1000_flush17_tau100_seed123_rscale100_pressure_imitThreshold50ep,conditional_factorized_ac,conditional_factorized_ac,MIX12_EQ,123,TLS,1200.0,3,1000,250.0,17,uniform,17,pressure,none,100.0,threshold_pretrain,none,1.0,100.0,0.0,0.9995006760274165,49940.085,49965.1,0.345,0.00034500000000000004,0.0,0.345,48.395,45100.585,1000.0,1000.0,0.0,1.0,0.0,0.77432,0.048395,0.9516050000000001,0.048395,0.0,"[951.605, 0.0, 0.0, 0.0, 0.0, 0.0, 0.0, 0.0, 0.0, 0.0, 0.0, 0.0, 0.0, 0.0, 0.0, 0.0, 48.395]","[0.9516049999999975, 0.0, 0.0, 0.0, 0.0, 0.0, 0.0, 0.0, 0.0, 0.0, 0.0, 0.0, 0.0, 0.0, 0.0, 0.0, 0.04839500000000002]",128,0.0001,32,256,,,,19,0.4411764705882353,44.11764705882353
/Users/qiubi/kwallet-rl/src/idea5/general_model/results_pressure_imitation_C_sweep_seed123/conditional_factorized_ac/runs/conditional_factorized_ac_trainMIX12_EQ_C1200_F3_T1000_flush17_tau100_seed123_rscale100_pressure_imitThreshold50ep/20260524_082630_738902/cross_regime_results.json,conditional_factorized_ac_trainMIX12_EQ_C1200_F3_T1000_flush17_tau100_seed123_rscale100_pressure_imitThreshold50ep,conditional_factorized_ac,conditional_factorized_ac,MIX12_EQ,123,LNS,1200.0,3,1000,250.0,17,uniform,17,pressure,none,100.0,threshold_pretrain,none,1.0,100.0,0.0,0.9867836380126588,49418.005,50081.5,6.66,0.00666,0.0,6.66,47.52,44666.005,1000.0,1000.0,0.0,1.0,0.0,0.7603200000000001,0.04752000000000001,0.95248,0.04752000000000001,0.0,"[952.48, 0.0, 0.0, 0.0, 0.0, 0.0, 0.0, 0.0, 0.0, 0.0, 0.0, 0.0, 0.0, 0.0, 0.0, 0.0, 47.52]","[0.95248, 0.0, 0.0, 0.0, 0.0, 0.0, 0.0, 0.0, 0.0, 0.0, 0.0, 0.0, 0.0, 0.0, 0.0, 0.0, 0.04752000000000001]",128,0.0001,32,256,,,,19,0.4411764705882353,44.11764705882353
/Users/qiubi/kwallet-rl/src/idea5/general_model/results_pressure_imitation_C_sweep_seed123/conditional_factorized_ac/runs/conditional_factorized_ac_trainMIX12_EQ_C1200_F3_T1000_flush17_tau100_seed123_rscale100_pressure_imitThreshold50ep/20260524_082630_738902/cross_regime_results.json,conditional_factorized_ac_trainMIX12_EQ_C1200_F3_T1000_flush17_tau100_seed123_rscale100_pressure_imitThreshold50ep,conditional_factorized_ac,conditional_factorized_ac,MIX12_EQ,123,TLNS,1200.0,3,1000,250.0,17,uniform,17,pressure,none,100.0,threshold_pretrain,none,1.0,100.0,0.0,0.9941125190778729,49786.905,50082.31,3.54,0.0035399999999999997,0.0,3.54,48.085,44978.405,1000.0,1000.0,0.0,1.0,0.0,0.76936,0.048085,0.951915,0.048085,0.0,"[951.915, 0.0, 0.0, 0.0, 0.0, 0.0, 0.0, 0.0, 0.0, 0.0, 0.0, 0.0, 0.0, 0.0, 0.0, 0.0, 48.085]","[0.9519149999999987, 0.0, 0.0, 0.0, 0.0, 0.0, 0.0, 0.0, 0.0, 0.0, 0.0, 0.0, 0.0, 0.0, 0.0, 0.0, 0.048085000000000065]",128,0.0001,32,256,,,,19,0.4411764705882353,44.11764705882353
/Users/qiubi/kwallet-rl/src/idea5/general_model/results_pressure_imitation_C_sweep_seed123/conditional_factorized_ac/runs/conditional_factorized_ac_trainMIX12_EQ_C1200_F3_T1000_flush17_tau100_seed123_rscale100_pressure_imitThreshold50ep/20260524_082630_738902/cross_regime_results.json,conditional_factorized_ac_trainMIX12_EQ_C1200_F3_T1000_flush17_tau100_seed123_rscale100_pressure_imitThreshold50ep,conditional_factorized_ac,conditional_factorized_ac,MIX12_EQ,123,TPLS,1200.0,3,1000,250.0,17,uniform,17,pressure,none,100.0,threshold_pretrain,none,1.0,100.0,0.0,0.9952807676937931,49737.39,49973.61,2.77,0.0027700000000000003,0.0,2.77,48.14,44923.39,1000.0,1000.0,0.0,1.0,0.0,0.77024,0.04814,0.9518599999999999,0.04814,0.0,"[951.86, 0.0, 0.0, 0.0, 0.0, 0.0, 0.0, 0.0, 0.0, 0.0, 0.0, 0.0, 0.0, 0.0, 0.0, 0.0, 48.14]","[0.9518599999999984, 0.0, 0.0, 0.0, 0.0, 0.0, 0.0, 0.0, 0.0, 0.0, 0.0, 0.0, 0.0, 0.0, 0.0, 0.0, 0.04814000000000001]",128,0.0001,32,256,,,,19,0.4411764705882353,44.11764705882353
/Users/qiubi/kwallet-rl/src/idea5/general_model/results_pressure_imitation_C_sweep_seed123/conditional_factorized_ac/runs/conditional_factorized_ac_trainMIX12_EQ_C1200_F3_T1000_flush17_tau100_seed123_rscale100_pressure_imitThreshold50ep/20260524_082630_738902/cross_regime_results.json,conditional_factorized_ac_trainMIX12_EQ_C1200_F3_T1000_flush17_tau100_seed123_rscale100_pressure_imitThreshold50ep,conditional_factorized_ac,conditional_factorized_ac,MIX12_EQ,123,PLS,1200.0,3,1000,250.0,17,uniform,17,pressure,none,100.0,threshold_pretrain,none,1.0,100.0,0.0,0.9843866928484126,49303.11,50088.115,6.54,0.0065400000000000015,0.0,6.54,47.565,44546.61,1000.0,1000.0,0.0,1.0,0.0,0.7610399999999998,0.04756499999999999,0.9524349999999998,0.04756499999999999,0.0,"[952.435, 0.0, 0.0, 0.0, 0.0, 0.0, 0.0, 0.0, 0.0, 0.0, 0.0, 0.0, 0.0, 0.0, 0.0, 0.0, 47.565]","[0.9524349999999998, 0.0, 0.0, 0.0, 0.0, 0.0, 0.0, 0.0, 0.0, 0.0, 0.0, 0.0, 0.0, 0.0, 0.0, 0.0, 0.047564999999999996]",128,0.0001,32,256,,,,19,0.4411764705882353,44.11764705882353
/Users/qiubi/kwallet-rl/src/idea5/general_model/results_pressure_imitation_C_sweep_seed123/conditional_factorized_ac/runs/conditional_factorized_ac_trainMIX12_EQ_C1200_F3_T1000_flush17_tau100_seed123_rscale100_pressure_imitThreshold50ep/20260524_082630_738902/cross_regime_results.json,conditional_factorized_ac_trainMIX12_EQ_C1200_F3_T1000_flush17_tau100_seed123_rscale100_pressure_imitThreshold50ep,conditional_factorized_ac,conditional_factorized_ac,MIX12_EQ,123,UB,1200.0,3,1000,250.0,17,uniform,17,pressure,none,100.0,threshold_pretrain,none,1.0,100.0,0.0,0.9963974988441936,49801.895,49982.435,2.31,0.00231,0.0,2.31,48.17,44984.895,1000.0,1000.0,0.0,1.0,0.0,0.7707200000000001,0.048170000000000004,0.95183,0.048170000000000004,0.0,"[951.83, 0.0, 0.0, 0.0, 0.0, 0.0, 0.0, 0.0, 0.0, 0.0, 0.0, 0.0, 0.0, 0.0, 0.0, 0.0, 48.17]","[0.9518299999999982, 0.0, 0.0, 0.0, 0.0, 0.0, 0.0, 0.0, 0.0, 0.0, 0.0, 0.0, 0.0, 0.0, 0.0, 0.0, 0.04817000000000002]",128,0.0001,32,256,,,,19,0.4411764705882353,44.11764705882353
/Users/qiubi/kwallet-rl/src/idea5/general_model/results_pressure_imitation_C_sweep_seed123/conditional_factorized_ac/runs/conditional_factorized_ac_trainMIX12_EQ_C1200_F3_T1000_flush17_tau100_seed123_rscale100_pressure_imitThreshold50ep/20260524_082630_738902/cross_regime_results.json,conditional_factorized_ac_trainMIX12_EQ_C1200_F3_T1000_flush17_tau100_seed123_rscale100_pressure_imitThreshold50ep,conditional_factorized_ac,conditional_factorized_ac,MIX12_EQ,123,TLB,1200.0,3,1000,250.0,17,uniform,17,pressure,none,100.0,threshold_pretrain,none,1.0,100.0,0.0,0.9971942725378352,49843.055,49983.665,1.82,0.0018200000000000004,0.0,1.82,48.305,45012.555,1000.0,1000.0,0.0,1.0,0.0,0.7728800000000001,0.04830500000000001,0.951695,0.04830500000000001,0.0,"[951.695, 0.0, 0.0, 0.0, 0.0, 0.0, 0.0, 0.0, 0.0, 0.0, 0.0, 0.0, 0.0, 0.0, 0.0, 0.0, 48.305]","[0.9516949999999978, 0.0, 0.0, 0.0, 0.0, 0.0, 0.0, 0.0, 0.0, 0.0, 0.0, 0.0, 0.0, 0.0, 0.0, 0.0, 0.04830500000000005]",128,0.0001,32,256,,,,19,0.4411764705882353,44.11764705882353
/Users/qiubi/kwallet-rl/src/idea5/general_model/results_pressure_imitation_C_sweep_seed123/conditional_factorized_ac/runs/conditional_factorized_ac_trainMIX12_EQ_C1200_F3_T1000_flush17_tau100_seed123_rscale100_pressure_imitThreshold50ep/20260524_082630_738902/cross_regime_results.json,conditional_factorized_ac_trainMIX12_EQ_C1200_F3_T1000_flush17_tau100_seed123_rscale100_pressure_imitThreshold50ep,conditional_factorized_ac,conditional_factorized_ac,MIX12_EQ,123,LNB,1200.0,3,1000,250.0,17,uniform,17,pressure,none,100.0,threshold_pretrain,none,1.0,100.0,0.0,0.9823330037973284,49423.4,50315.125,8.385,0.008385,0.0,8.385,47.43,44680.4,1000.0,1000.0,0.0,1.0,0.0,0.75888,0.04743,0.95257,0.04743,0.0,"[952.57, 0.0, 0.0, 0.0, 0.0, 0.0, 0.0, 0.0, 0.0, 0.0, 0.0, 0.0, 0.0, 0.0, 0.0, 0.0, 47.43]","[0.9525699999999998, 0.0, 0.0, 0.0, 0.0, 0.0, 0.0, 0.0, 0.0, 0.0, 0.0, 0.0, 0.0, 0.0, 0.0, 0.0, 0.04742999999999999]",128,0.0001,32,256,,,,19,0.4411764705882353,44.11764705882353
/Users/qiubi/kwallet-rl/src/idea5/general_model/results_pressure_imitation_C_sweep_seed123/conditional_factorized_ac/runs/conditional_factorized_ac_trainMIX12_EQ_C1200_F3_T1000_flush17_tau100_seed123_rscale100_pressure_imitThreshold50ep/20260524_082630_738902/cross_regime_results.json,conditional_factorized_ac_trainMIX12_EQ_C1200_F3_T1000_flush17_tau100_seed123_rscale100_pressure_imitThreshold50ep,conditional_factorized_ac,conditional_factorized_ac,MIX12_EQ,123,TLNB,1200.0,3,1000,250.0,17,uniform,17,pressure,none,100.0,threshold_pretrain,none,1.0,100.0,0.0,0.9918220054027739,49690.935,50101.145,4.77,0.00477,0.0,4.77,47.91,44899.935,1000.0,1000.0,0.0,1.0,0.0,0.7665599999999999,0.047909999999999994,0.95209,0.047909999999999994,0.0,"[952.09, 0.0, 0.0, 0.0, 0.0, 0.0, 0.0, 0.0, 0.0, 0.0, 0.0, 0.0, 0.0, 0.0, 0.0, 0.0, 47.91]","[0.9520899999999989, 0.0, 0.0, 0.0, 0.0, 0.0, 0.0, 0.0, 0.0, 0.0, 0.0, 0.0, 0.0, 0.0, 0.0, 0.0, 0.047910000000000036]",128,0.0001,32,256,,,,19,0.4411764705882353,44.11764705882353
/Users/qiubi/kwallet-rl/src/idea5/general_model/results_pressure_imitation_C_sweep_seed123/conditional_factorized_ac/runs/conditional_factorized_ac_trainMIX12_EQ_C1200_F3_T1000_flush17_tau100_seed123_rscale100_pressure_imitThreshold50ep/20260524_082630_738902/cross_regime_results.json,conditional_factorized_ac_trainMIX12_EQ_C1200_F3_T1000_flush17_tau100_seed123_rscale100_pressure_imitThreshold50ep,conditional_factorized_ac,conditional_factorized_ac,MIX12_EQ,123,TPLB,1200.0,3,1000,250.0,17,uniform,17,pressure,none,100.0,threshold_pretrain,none,1.0,100.0,0.0,0.9939531233289753,49667.005,49969.965,3.565,0.0035650000000000005,0.0,3.565,48.04,44863.005,1000.0,1000.0,0.0,1.0,0.0,0.76864,0.04804,0.95196,0.04804,0.0,"[951.96, 0.0, 0.0, 0.0, 0.0, 0.0, 0.0, 0.0, 0.0, 0.0, 0.0, 0.0, 0.0, 0.0, 0.0, 0.0, 48.04]","[0.9519599999999984, 0.0, 0.0, 0.0, 0.0, 0.0, 0.0, 0.0, 0.0, 0.0, 0.0, 0.0, 0.0, 0.0, 0.0, 0.0, 0.04804000000000005]",128,0.0001,32,256,,,,19,0.4411764705882353,44.11764705882353
/Users/qiubi/kwallet-rl/src/idea5/general_model/results_pressure_imitation_C_sweep_seed123/conditional_factorized_ac/runs/conditional_factorized_ac_trainMIX12_EQ_C1200_F3_T1000_flush17_tau100_seed123_rscale100_pressure_imitThreshold50ep/20260524_082630_738902/cross_regime_results.json,conditional_factorized_ac_trainMIX12_EQ_C1200_F3_T1000_flush17_tau100_seed123_rscale100_pressure_imitThreshold50ep,conditional_factorized_ac,conditional_factorized_ac,MIX12_EQ,123,PLB,1200.0,3,1000,250.0,17,uniform,17,pressure,none,100.0,threshold_pretrain,none,1.0,100.0,0.0,0.981380677589588,49129.865,50064.775,7.835,0.007835000000000002,0.0,7.835,47.235,44406.365,1000.0,1000.0,0.0,1.0,0.0,0.75576,0.047235,0.952765,0.047235,0.0,"[952.765, 0.0, 0.0, 0.0, 0.0, 0.0, 0.0, 0.0, 0.0, 0.0, 0.0, 0.0, 0.0, 0.0, 0.0, 0.0, 47.235]","[0.9527650000000001, 0.0, 0.0, 0.0, 0.0, 0.0, 0.0, 0.0, 0.0, 0.0, 0.0, 0.0, 0.0, 0.0, 0.0, 0.0, 0.04723500000000004]",128,0.0001,32,256,,,,19,0.4411764705882353,44.11764705882353
/Users/qiubi/kwallet-rl/src/idea5/general_model/results_pressure_imitation_C_sweep_seed123/conditional_factorized_ac/runs/conditional_factorized_ac_trainMIX12_EQ_C1600_F3_T1000_flush17_tau100_seed123_rscale100_pressure_imitThreshold100ep/20260524_094920_146574/cross_regime_results.json,conditional_factorized_ac_trainMIX12_EQ_C1600_F3_T1000_flush17_tau100_seed123_rscale100_pressure_imitThreshold100ep,conditional_factorized_ac,conditional_factorized_ac,MIX12_EQ,123,US,1600.0,3,1000,250.0,17,uniform,17,pressure,none,100.0,threshold_pretrain,none,1.0,100.0,0.0,0.9995248636332553,49961.46,49985.275,0.345,0.00034500000000000004,0.0,0.345,35.72,46389.46,1000.0,1000.0,0.0,1.0,0.0,0.5715199999999999,0.035719999999999995,0.9642800000000001,0.035719999999999995,0.0,"[964.28, 0.0, 0.0, 0.0, 0.0, 0.0, 0.0, 0.0, 0.0, 0.0, 0.0, 0.0, 0.0, 0.0, 0.0, 0.0, 35.72]","[0.9642799999999998, 0.0, 0.0, 0.0, 0.0, 0.0, 0.0, 0.0, 0.0, 0.0, 0.0, 0.0, 0.0, 0.0, 0.0, 0.0, 0.035719999999999884]",128,0.0001,32,256,,,,19,0.4411764705882353,44.11764705882353
/Users/qiubi/kwallet-rl/src/idea5/general_model/results_pressure_imitation_C_sweep_seed123/conditional_factorized_ac/runs/conditional_factorized_ac_trainMIX12_EQ_C1600_F3_T1000_flush17_tau100_seed123_rscale100_pressure_imitThreshold100ep/20260524_094920_146574/cross_regime_results.json,conditional_factorized_ac_trainMIX12_EQ_C1600_F3_T1000_flush17_tau100_seed123_rscale100_pressure_imitThreshold100ep,conditional_factorized_ac,conditional_factorized_ac,MIX12_EQ,123,TLS,1600.0,3,1000,250.0,17,uniform,17,pressure,none,100.0,threshold_pretrain,none,1.0,100.0,0.0,0.9997828404451652,49954.215,49965.1,0.175,0.00017500000000000003,0.0,0.175,35.755,46378.715,1000.0,1000.0,0.0,1.0,0.0,0.5720799999999999,0.035754999999999995,0.9642450000000002,0.035754999999999995,0.0,"[964.245, 0.0, 0.0, 0.0, 0.0, 0.0, 0.0, 0.0, 0.0, 0.0, 0.0, 0.0, 0.0, 0.0, 0.0, 0.0, 35.755]","[0.9642449999999998, 0.0, 0.0, 0.0, 0.0, 0.0, 0.0, 0.0, 0.0, 0.0, 0.0, 0.0, 0.0, 0.0, 0.0, 0.0, 0.0357549999999999]",128,0.0001,32,256,,,,19,0.4411764705882353,44.11764705882353
/Users/qiubi/kwallet-rl/src/idea5/general_model/results_pressure_imitation_C_sweep_seed123/conditional_factorized_ac/runs/conditional_factorized_ac_trainMIX12_EQ_C1600_F3_T1000_flush17_tau100_seed123_rscale100_pressure_imitThreshold100ep/20260524_094920_146574/cross_regime_results.json,conditional_factorized_ac_trainMIX12_EQ_C1600_F3_T1000_flush17_tau100_seed123_rscale100_pressure_imitThreshold100ep,conditional_factorized_ac,conditional_factorized_ac,MIX12_EQ,123,LNS,1600.0,3,1000,250.0,17,uniform,17,pressure,none,100.0,threshold_pretrain,none,1.0,100.0,0.0,0.9930012376382226,49730.55,50081.5,3.965,0.003965,0.0,3.965,35.545,46176.05,1000.0,1000.0,0.0,1.0,0.0,0.56872,0.035545,0.9644550000000001,0.035545,0.0,"[964.455, 0.0, 0.0, 0.0, 0.0, 0.0, 0.0, 0.0, 0.0, 0.0, 0.0, 0.0, 0.0, 0.0, 0.0, 0.0, 35.545]","[0.9644550000000004, 0.0, 0.0, 0.0, 0.0, 0.0, 0.0, 0.0, 0.0, 0.0, 0.0, 0.0, 0.0, 0.0, 0.0, 0.0, 0.03554499999999996]",128,0.0001,32,256,,,,19,0.4411764705882353,44.11764705882353
/Users/qiubi/kwallet-rl/src/idea5/general_model/results_pressure_imitation_C_sweep_seed123/conditional_factorized_ac/runs/conditional_factorized_ac_trainMIX12_EQ_C1600_F3_T1000_flush17_tau100_seed123_rscale100_pressure_imitThreshold100ep/20260524_094920_146574/cross_regime_results.json,conditional_factorized_ac_trainMIX12_EQ_C1600_F3_T1000_flush17_tau100_seed123_rscale100_pressure_imitThreshold100ep,conditional_factorized_ac,conditional_factorized_ac,MIX12_EQ,123,TLNS,1600.0,3,1000,250.0,17,uniform,17,pressure,none,100.0,threshold_pretrain,none,1.0,100.0,0.0,0.9965069673740902,49906.965,50082.31,2.295,0.002295,0.0,2.295,35.64,46342.965,1000.0,1000.0,0.0,1.0,0.0,0.57024,0.03564,0.9643600000000001,0.03564,0.0,"[964.36, 0.0, 0.0, 0.0, 0.0, 0.0, 0.0, 0.0, 0.0, 0.0, 0.0, 0.0, 0.0, 0.0, 0.0, 0.0, 35.64]","[0.9643600000000003, 0.0, 0.0, 0.0, 0.0, 0.0, 0.0, 0.0, 0.0, 0.0, 0.0, 0.0, 0.0, 0.0, 0.0, 0.0, 0.03563999999999996]",128,0.0001,32,256,,,,19,0.4411764705882353,44.11764705882353
/Users/qiubi/kwallet-rl/src/idea5/general_model/results_pressure_imitation_C_sweep_seed123/conditional_factorized_ac/runs/conditional_factorized_ac_trainMIX12_EQ_C1600_F3_T1000_flush17_tau100_seed123_rscale100_pressure_imitThreshold100ep/20260524_094920_146574/cross_regime_results.json,conditional_factorized_ac_trainMIX12_EQ_C1600_F3_T1000_flush17_tau100_seed123_rscale100_pressure_imitThreshold100ep,conditional_factorized_ac,conditional_factorized_ac,MIX12_EQ,123,TPLS,1600.0,3,1000,250.0,17,uniform,17,pressure,none,100.0,threshold_pretrain,none,1.0,100.0,0.0,0.9974782054294957,49847.365,49973.61,1.755,0.0017550000000000005,0.0,1.755,35.59,46288.365,1000.0,1000.0,0.0,1.0,0.0,0.56944,0.03559,0.96441,0.03559,0.0,"[964.41, 0.0, 0.0, 0.0, 0.0, 0.0, 0.0, 0.0, 0.0, 0.0, 0.0, 0.0, 0.0, 0.0, 0.0, 0.0, 35.59]","[0.9644100000000003, 0.0, 0.0, 0.0, 0.0, 0.0, 0.0, 0.0, 0.0, 0.0, 0.0, 0.0, 0.0, 0.0, 0.0, 0.0, 0.035589999999999955]",128,0.0001,32,256,,,,19,0.4411764705882353,44.11764705882353
/Users/qiubi/kwallet-rl/src/idea5/general_model/results_pressure_imitation_C_sweep_seed123/conditional_factorized_ac/runs/conditional_factorized_ac_trainMIX12_EQ_C1600_F3_T1000_flush17_tau100_seed123_rscale100_pressure_imitThreshold100ep/20260524_094920_146574/cross_regime_results.json,conditional_factorized_ac_trainMIX12_EQ_C1600_F3_T1000_flush17_tau100_seed123_rscale100_pressure_imitThreshold100ep,conditional_factorized_ac,conditional_factorized_ac,MIX12_EQ,123,PLS,1600.0,3,1000,250.0,17,uniform,17,pressure,none,100.0,threshold_pretrain,none,1.0,100.0,0.0,0.9908151239327723,49626.26,50088.115,4.605,0.004605000000000001,0.0,4.605,35.385,46087.76,1000.0,1000.0,0.0,1.0,0.0,0.56616,0.035385,0.964615,0.035385,0.0,"[964.615, 0.0, 0.0, 0.0, 0.0, 0.0, 0.0, 0.0, 0.0, 0.0, 0.0, 0.0, 0.0, 0.0, 0.0, 0.0, 35.385]","[0.9646150000000006, 0.0, 0.0, 0.0, 0.0, 0.0, 0.0, 0.0, 0.0, 0.0, 0.0, 0.0, 0.0, 0.0, 0.0, 0.0, 0.035384999999999965]",128,0.0001,32,256,,,,19,0.4411764705882353,44.11764705882353
/Users/qiubi/kwallet-rl/src/idea5/general_model/results_pressure_imitation_C_sweep_seed123/conditional_factorized_ac/runs/conditional_factorized_ac_trainMIX12_EQ_C1600_F3_T1000_flush17_tau100_seed123_rscale100_pressure_imitThreshold100ep/20260524_094920_146574/cross_regime_results.json,conditional_factorized_ac_trainMIX12_EQ_C1600_F3_T1000_flush17_tau100_seed123_rscale100_pressure_imitThreshold100ep,conditional_factorized_ac,conditional_factorized_ac,MIX12_EQ,123,UB,1600.0,3,1000,250.0,17,uniform,17,pressure,none,100.0,threshold_pretrain,none,1.0,100.0,0.0,0.9977117584294989,49867.635,49982.435,1.555,0.0015550000000000002,0.0,1.555,35.56,46311.635,1000.0,1000.0,0.0,1.0,0.0,0.5689599999999999,0.035559999999999994,0.9644399999999999,0.035559999999999994,0.0,"[964.44, 0.0, 0.0, 0.0, 0.0, 0.0, 0.0, 0.0, 0.0, 0.0, 0.0, 0.0, 0.0, 0.0, 0.0, 0.0, 35.56]","[0.9644400000000006, 0.0, 0.0, 0.0, 0.0, 0.0, 0.0, 0.0, 0.0, 0.0, 0.0, 0.0, 0.0, 0.0, 0.0, 0.0, 0.03555999999999995]",128,0.0001,32,256,,,,19,0.4411764705882353,44.11764705882353
/Users/qiubi/kwallet-rl/src/idea5/general_model/results_pressure_imitation_C_sweep_seed123/conditional_factorized_ac/runs/conditional_factorized_ac_trainMIX12_EQ_C1600_F3_T1000_flush17_tau100_seed123_rscale100_pressure_imitThreshold100ep/20260524_094920_146574/cross_regime_results.json,conditional_factorized_ac_trainMIX12_EQ_C1600_F3_T1000_flush17_tau100_seed123_rscale100_pressure_imitThreshold100ep,conditional_factorized_ac,conditional_factorized_ac,MIX12_EQ,123,TLB,1600.0,3,1000,250.0,17,uniform,17,pressure,none,100.0,threshold_pretrain,none,1.0,100.0,0.0,0.9980758063601357,49887.155,49983.665,1.335,0.001335,0.0,1.335,35.57,46330.155,1000.0,1000.0,0.0,1.0,0.0,0.56912,0.03557,0.96443,0.03557,0.0,"[964.43, 0.0, 0.0, 0.0, 0.0, 0.0, 0.0, 0.0, 0.0, 0.0, 0.0, 0.0, 0.0, 0.0, 0.0, 0.0, 35.57]","[0.9644300000000007, 0.0, 0.0, 0.0, 0.0, 0.0, 0.0, 0.0, 0.0, 0.0, 0.0, 0.0, 0.0, 0.0, 0.0, 0.0, 0.03556999999999994]",128,0.0001,32,256,,,,19,0.4411764705882353,44.11764705882353
/Users/qiubi/kwallet-rl/src/idea5/general_model/results_pressure_imitation_C_sweep_seed123/conditional_factorized_ac/runs/conditional_factorized_ac_trainMIX12_EQ_C1600_F3_T1000_flush17_tau100_seed123_rscale100_pressure_imitThreshold100ep/20260524_094920_146574/cross_regime_results.json,conditional_factorized_ac_trainMIX12_EQ_C1600_F3_T1000_flush17_tau100_seed123_rscale100_pressure_imitThreshold100ep,conditional_factorized_ac,conditional_factorized_ac,MIX12_EQ,123,LNB,1600.0,3,1000,250.0,17,uniform,17,pressure,none,100.0,threshold_pretrain,none,1.0,100.0,0.0,0.9903944022690419,49830.55,50315.125,5.155,0.005155000000000001,0.0,5.155,35.53,46277.55,1000.0,1000.0,0.0,1.0,0.0,0.56848,0.03553,0.96447,0.03553,0.0,"[964.47, 0.0, 0.0, 0.0, 0.0, 0.0, 0.0, 0.0, 0.0, 0.0, 0.0, 0.0, 0.0, 0.0, 0.0, 0.0, 35.53]","[0.96447, 0.0, 0.0, 0.0, 0.0, 0.0, 0.0, 0.0, 0.0, 0.0, 0.0, 0.0, 0.0, 0.0, 0.0, 0.0, 0.03552999999999994]",128,0.0001,32,256,,,,19,0.4411764705882353,44.11764705882353
/Users/qiubi/kwallet-rl/src/idea5/general_model/results_pressure_imitation_C_sweep_seed123/conditional_factorized_ac/runs/conditional_factorized_ac_trainMIX12_EQ_C1600_F3_T1000_flush17_tau100_seed123_rscale100_pressure_imitThreshold100ep/20260524_094920_146574/cross_regime_results.json,conditional_factorized_ac_trainMIX12_EQ_C1600_F3_T1000_flush17_tau100_seed123_rscale100_pressure_imitThreshold100ep,conditional_factorized_ac,conditional_factorized_ac,MIX12_EQ,123,TLNB,1600.0,3,1000,250.0,17,uniform,17,pressure,none,100.0,threshold_pretrain,none,1.0,100.0,0.0,0.9950760987919091,49853.615,50101.145,3.11,0.0031100000000000004,0.0,3.11,35.57,46296.615,1000.0,1000.0,0.0,1.0,0.0,0.56912,0.03557,0.9644300000000001,0.03557,0.0,"[964.43, 0.0, 0.0, 0.0, 0.0, 0.0, 0.0, 0.0, 0.0, 0.0, 0.0, 0.0, 0.0, 0.0, 0.0, 0.0, 35.57]","[0.9644300000000002, 0.0, 0.0, 0.0, 0.0, 0.0, 0.0, 0.0, 0.0, 0.0, 0.0, 0.0, 0.0, 0.0, 0.0, 0.0, 0.03556999999999994]",128,0.0001,32,256,,,,19,0.4411764705882353,44.11764705882353
/Users/qiubi/kwallet-rl/src/idea5/general_model/results_pressure_imitation_C_sweep_seed123/conditional_factorized_ac/runs/conditional_factorized_ac_trainMIX12_EQ_C1600_F3_T1000_flush17_tau100_seed123_rscale100_pressure_imitThreshold100ep/20260524_094920_146574/cross_regime_results.json,conditional_factorized_ac_trainMIX12_EQ_C1600_F3_T1000_flush17_tau100_seed123_rscale100_pressure_imitThreshold100ep,conditional_factorized_ac,conditional_factorized_ac,MIX12_EQ,123,TPLB,1600.0,3,1000,250.0,17,uniform,17,pressure,none,100.0,threshold_pretrain,none,1.0,100.0,0.0,0.9965267318045696,49795.655,49969.965,2.35,0.0023499999999999997,0.0,2.35,35.485,46247.155,1000.0,1000.0,0.0,1.0,0.0,0.5677599999999999,0.035484999999999996,0.964515,0.035484999999999996,0.0,"[964.515, 0.0, 0.0, 0.0, 0.0, 0.0, 0.0, 0.0, 0.0, 0.0, 0.0, 0.0, 0.0, 0.0, 0.0, 0.0, 35.485]","[0.9645150000000006, 0.0, 0.0, 0.0, 0.0, 0.0, 0.0, 0.0, 0.0, 0.0, 0.0, 0.0, 0.0, 0.0, 0.0, 0.0, 0.03548499999999996]",128,0.0001,32,256,,,,19,0.4411764705882353,44.11764705882353
/Users/qiubi/kwallet-rl/src/idea5/general_model/results_pressure_imitation_C_sweep_seed123/conditional_factorized_ac/runs/conditional_factorized_ac_trainMIX12_EQ_C1600_F3_T1000_flush17_tau100_seed123_rscale100_pressure_imitThreshold100ep/20260524_094920_146574/cross_regime_results.json,conditional_factorized_ac_trainMIX12_EQ_C1600_F3_T1000_flush17_tau100_seed123_rscale100_pressure_imitThreshold100ep,conditional_factorized_ac,conditional_factorized_ac,MIX12_EQ,123,PLB,1600.0,3,1000,250.0,17,uniform,17,pressure,none,100.0,threshold_pretrain,none,1.0,100.0,0.0,0.9885463861261783,49489.23,50064.775,5.515,0.005515000000000001,0.0,5.515,35.245,45964.73,1000.0,1000.0,0.0,1.0,0.0,0.56392,0.035245,0.9647549999999999,0.035245,0.0,"[964.755, 0.0, 0.0, 0.0, 0.0, 0.0, 0.0, 0.0, 0.0, 0.0, 0.0, 0.0, 0.0, 0.0, 0.0, 0.0, 35.245]","[0.9647550000000009, 0.0, 0.0, 0.0, 0.0, 0.0, 0.0, 0.0, 0.0, 0.0, 0.0, 0.0, 0.0, 0.0, 0.0, 0.0, 0.035244999999999964]",128,0.0001,32,256,,,,19,0.4411764705882353,44.11764705882353
/Users/qiubi/kwallet-rl/src/idea5/general_model/results_pressure_imitation_C_sweep_seed123/conditional_factorized_ac/runs/conditional_factorized_ac_trainMIX12_EQ_C1600_F3_T1000_flush17_tau100_seed123_rscale100_pressure_imitThreshold50ep/20260524_084706_541583/cross_regime_results.json,conditional_factorized_ac_trainMIX12_EQ_C1600_F3_T1000_flush17_tau100_seed123_rscale100_pressure_imitThreshold50ep,conditional_factorized_ac,conditional_factorized_ac,MIX12_EQ,123,US,1600.0,3,1000,250.0,17,uniform,17,pressure,none,100.0,threshold_pretrain,none,1.0,100.0,0.0,0.9998952416014061,49980.045,49985.275,0.075,7.500000000000001e-05,0.0,0.075,35.415,46438.545,1000.0,1000.0,0.0,1.0,0.0,0.56664,0.035415,0.964585,0.035415,0.0,"[964.585, 0.0, 0.0, 0.0, 0.0, 0.0, 0.0, 0.0, 0.0, 0.0, 0.0, 0.0, 0.0, 0.0, 0.0, 0.0, 35.415]","[0.9645850000000009, 0.0, 0.0, 0.0, 0.0, 0.0, 0.0, 0.0, 0.0, 0.0, 0.0, 0.0, 0.0, 0.0, 0.0, 0.0, 0.03541499999999997]",128,0.0001,32,256,,,,19,0.4411764705882353,44.11764705882353
/Users/qiubi/kwallet-rl/src/idea5/general_model/results_pressure_imitation_C_sweep_seed123/conditional_factorized_ac/runs/conditional_factorized_ac_trainMIX12_EQ_C1600_F3_T1000_flush17_tau100_seed123_rscale100_pressure_imitThreshold50ep/20260524_084706_541583/cross_regime_results.json,conditional_factorized_ac_trainMIX12_EQ_C1600_F3_T1000_flush17_tau100_seed123_rscale100_pressure_imitThreshold50ep,conditional_factorized_ac,conditional_factorized_ac,MIX12_EQ,123,TLS,1600.0,3,1000,250.0,17,uniform,17,pressure,none,100.0,threshold_pretrain,none,1.0,100.0,0.0,0.9999381696468981,49961.985,49965.1,0.04,4e-05,0.0,0.04,35.39,46422.985,1000.0,1000.0,0.0,1.0,0.0,0.5662400000000001,0.035390000000000005,0.9646100000000001,0.035390000000000005,0.0,"[964.61, 0.0, 0.0, 0.0, 0.0, 0.0, 0.0, 0.0, 0.0, 0.0, 0.0, 0.0, 0.0, 0.0, 0.0, 0.0, 35.39]","[0.9646100000000011, 0.0, 0.0, 0.0, 0.0, 0.0, 0.0, 0.0, 0.0, 0.0, 0.0, 0.0, 0.0, 0.0, 0.0, 0.0, 0.035389999999999984]",128,0.0001,32,256,,,,19,0.4411764705882353,44.11764705882353
/Users/qiubi/kwallet-rl/src/idea5/general_model/results_pressure_imitation_C_sweep_seed123/conditional_factorized_ac/runs/conditional_factorized_ac_trainMIX12_EQ_C1600_F3_T1000_flush17_tau100_seed123_rscale100_pressure_imitThreshold50ep/20260524_084706_541583/cross_regime_results.json,conditional_factorized_ac_trainMIX12_EQ_C1600_F3_T1000_flush17_tau100_seed123_rscale100_pressure_imitThreshold50ep,conditional_factorized_ac,conditional_factorized_ac,MIX12_EQ,123,LNS,1600.0,3,1000,250.0,17,uniform,17,pressure,none,100.0,threshold_pretrain,none,1.0,100.0,0.0,0.9932684622974741,49743.105,50081.5,3.18,0.0031800000000000005,0.0,3.18,35.02,46241.105,1000.0,1000.0,0.0,1.0,0.0,0.5603200000000002,0.03502000000000001,0.96498,0.03502000000000001,0.0,"[964.98, 0.0, 0.0, 0.0, 0.0, 0.0, 0.0, 0.0, 0.0, 0.0, 0.0, 0.0, 0.0, 0.0, 0.0, 0.0, 35.02]","[0.9649800000000017, 0.0, 0.0, 0.0, 0.0, 0.0, 0.0, 0.0, 0.0, 0.0, 0.0, 0.0, 0.0, 0.0, 0.0, 0.0, 0.035019999999999996]",128,0.0001,32,256,,,,19,0.4411764705882353,44.11764705882353
/Users/qiubi/kwallet-rl/src/idea5/general_model/results_pressure_imitation_C_sweep_seed123/conditional_factorized_ac/runs/conditional_factorized_ac_trainMIX12_EQ_C1600_F3_T1000_flush17_tau100_seed123_rscale100_pressure_imitThreshold50ep/20260524_084706_541583/cross_regime_results.json,conditional_factorized_ac_trainMIX12_EQ_C1600_F3_T1000_flush17_tau100_seed123_rscale100_pressure_imitThreshold50ep,conditional_factorized_ac,conditional_factorized_ac,MIX12_EQ,123,TLNS,1600.0,3,1000,250.0,17,uniform,17,pressure,none,100.0,threshold_pretrain,none,1.0,100.0,0.0,0.9974414296366332,49953.805,50082.31,1.435,0.001435,0.0,1.435,35.285,46425.305,1000.0,1000.0,0.0,1.0,0.0,0.5645600000000001,0.035285000000000004,0.9647149999999999,0.035285000000000004,0.0,"[964.715, 0.0, 0.0, 0.0, 0.0, 0.0, 0.0, 0.0, 0.0, 0.0, 0.0, 0.0, 0.0, 0.0, 0.0, 0.0, 35.285]","[0.9647150000000012, 0.0, 0.0, 0.0, 0.0, 0.0, 0.0, 0.0, 0.0, 0.0, 0.0, 0.0, 0.0, 0.0, 0.0, 0.0, 0.03528499999999999]",128,0.0001,32,256,,,,19,0.4411764705882353,44.11764705882353
/Users/qiubi/kwallet-rl/src/idea5/general_model/results_pressure_imitation_C_sweep_seed123/conditional_factorized_ac/runs/conditional_factorized_ac_trainMIX12_EQ_C1600_F3_T1000_flush17_tau100_seed123_rscale100_pressure_imitThreshold50ep/20260524_084706_541583/cross_regime_results.json,conditional_factorized_ac_trainMIX12_EQ_C1600_F3_T1000_flush17_tau100_seed123_rscale100_pressure_imitThreshold50ep,conditional_factorized_ac,conditional_factorized_ac,MIX12_EQ,123,TPLS,1600.0,3,1000,250.0,17,uniform,17,pressure,none,100.0,threshold_pretrain,none,1.0,100.0,0.0,0.9982813214262916,49887.465,49973.61,0.98,0.00098,0.0,0.98,35.285,46358.965,1000.0,1000.0,0.0,1.0,0.0,0.5645600000000001,0.035285000000000004,0.9647149999999999,0.035285000000000004,0.0,"[964.715, 0.0, 0.0, 0.0, 0.0, 0.0, 0.0, 0.0, 0.0, 0.0, 0.0, 0.0, 0.0, 0.0, 0.0, 0.0, 35.285]","[0.9647150000000014, 0.0, 0.0, 0.0, 0.0, 0.0, 0.0, 0.0, 0.0, 0.0, 0.0, 0.0, 0.0, 0.0, 0.0, 0.0, 0.03528499999999999]",128,0.0001,32,256,,,,19,0.4411764705882353,44.11764705882353
/Users/qiubi/kwallet-rl/src/idea5/general_model/results_pressure_imitation_C_sweep_seed123/conditional_factorized_ac/runs/conditional_factorized_ac_trainMIX12_EQ_C1600_F3_T1000_flush17_tau100_seed123_rscale100_pressure_imitThreshold50ep/20260524_084706_541583/cross_regime_results.json,conditional_factorized_ac_trainMIX12_EQ_C1600_F3_T1000_flush17_tau100_seed123_rscale100_pressure_imitThreshold50ep,conditional_factorized_ac,conditional_factorized_ac,MIX12_EQ,123,PLS,1600.0,3,1000,250.0,17,uniform,17,pressure,none,100.0,threshold_pretrain,none,1.0,100.0,0.0,0.9914500288169396,49657.765,50088.115,3.4,0.0034000000000000002,0.0,3.4,34.98,46159.765,1000.0,1000.0,0.0,1.0,0.0,0.5596800000000001,0.034980000000000004,0.96502,0.034980000000000004,0.0,"[965.02, 0.0, 0.0, 0.0, 0.0, 0.0, 0.0, 0.0, 0.0, 0.0, 0.0, 0.0, 0.0, 0.0, 0.0, 0.0, 34.98]","[0.9650200000000012, 0.0, 0.0, 0.0, 0.0, 0.0, 0.0, 0.0, 0.0, 0.0, 0.0, 0.0, 0.0, 0.0, 0.0, 0.0, 0.03497999999999999]",128,0.0001,32,256,,,,19,0.4411764705882353,44.11764705882353
/Users/qiubi/kwallet-rl/src/idea5/general_model/results_pressure_imitation_C_sweep_seed123/conditional_factorized_ac/runs/conditional_factorized_ac_trainMIX12_EQ_C1600_F3_T1000_flush17_tau100_seed123_rscale100_pressure_imitThreshold50ep/20260524_084706_541583/cross_regime_results.json,conditional_factorized_ac_trainMIX12_EQ_C1600_F3_T1000_flush17_tau100_seed123_rscale100_pressure_imitThreshold50ep,conditional_factorized_ac,conditional_factorized_ac,MIX12_EQ,123,UB,1600.0,3,1000,250.0,17,uniform,17,pressure,none,100.0,threshold_pretrain,none,1.0,100.0,0.0,0.9987241293869462,49918.475,49982.435,0.785,0.0007850000000000001,0.0,0.785,35.29,46389.475,1000.0,1000.0,0.0,1.0,0.0,0.56464,0.03529,0.9647100000000001,0.03529,0.0,"[964.71, 0.0, 0.0, 0.0, 0.0, 0.0, 0.0, 0.0, 0.0, 0.0, 0.0, 0.0, 0.0, 0.0, 0.0, 0.0, 35.29]","[0.9647100000000013, 0.0, 0.0, 0.0, 0.0, 0.0, 0.0, 0.0, 0.0, 0.0, 0.0, 0.0, 0.0, 0.0, 0.0, 0.0, 0.035289999999999974]",128,0.0001,32,256,,,,19,0.4411764705882353,44.11764705882353
/Users/qiubi/kwallet-rl/src/idea5/general_model/results_pressure_imitation_C_sweep_seed123/conditional_factorized_ac/runs/conditional_factorized_ac_trainMIX12_EQ_C1600_F3_T1000_flush17_tau100_seed123_rscale100_pressure_imitThreshold50ep/20260524_084706_541583/cross_regime_results.json,conditional_factorized_ac_trainMIX12_EQ_C1600_F3_T1000_flush17_tau100_seed123_rscale100_pressure_imitThreshold50ep,conditional_factorized_ac,conditional_factorized_ac,MIX12_EQ,123,TLB,1600.0,3,1000,250.0,17,uniform,17,pressure,none,100.0,threshold_pretrain,none,1.0,100.0,0.0,0.9991979236780282,49943.49,49983.665,0.48,0.00048,0.0,0.48,35.395,46403.99,1000.0,1000.0,0.0,1.0,0.0,0.56632,0.035395,0.9646049999999999,0.035395,0.0,"[964.605, 0.0, 0.0, 0.0, 0.0, 0.0, 0.0, 0.0, 0.0, 0.0, 0.0, 0.0, 0.0, 0.0, 0.0, 0.0, 35.395]","[0.9646050000000013, 0.0, 0.0, 0.0, 0.0, 0.0, 0.0, 0.0, 0.0, 0.0, 0.0, 0.0, 0.0, 0.0, 0.0, 0.0, 0.03539499999999998]",128,0.0001,32,256,,,,19,0.4411764705882353,44.11764705882353
/Users/qiubi/kwallet-rl/src/idea5/general_model/results_pressure_imitation_C_sweep_seed123/conditional_factorized_ac/runs/conditional_factorized_ac_trainMIX12_EQ_C1600_F3_T1000_flush17_tau100_seed123_rscale100_pressure_imitThreshold50ep/20260524_084706_541583/cross_regime_results.json,conditional_factorized_ac_trainMIX12_EQ_C1600_F3_T1000_flush17_tau100_seed123_rscale100_pressure_imitThreshold50ep,conditional_factorized_ac,conditional_factorized_ac,MIX12_EQ,123,LNB,1600.0,3,1000,250.0,17,uniform,17,pressure,none,100.0,threshold_pretrain,none,1.0,100.0,0.0,0.9904614121045158,49833.41,50315.125,4.38,0.00438,0.0,4.38,35.005,46332.91,1000.0,1000.0,0.0,1.0,0.0,0.5600800000000001,0.03500500000000001,0.9649949999999999,0.03500500000000001,0.0,"[964.995, 0.0, 0.0, 0.0, 0.0, 0.0, 0.0, 0.0, 0.0, 0.0, 0.0, 0.0, 0.0, 0.0, 0.0, 0.0, 35.005]","[0.9649950000000013, 0.0, 0.0, 0.0, 0.0, 0.0, 0.0, 0.0, 0.0, 0.0, 0.0, 0.0, 0.0, 0.0, 0.0, 0.0, 0.03500499999999997]",128,0.0001,32,256,,,,19,0.4411764705882353,44.11764705882353
/Users/qiubi/kwallet-rl/src/idea5/general_model/results_pressure_imitation_C_sweep_seed123/conditional_factorized_ac/runs/conditional_factorized_ac_trainMIX12_EQ_C1600_F3_T1000_flush17_tau100_seed123_rscale100_pressure_imitThreshold50ep/20260524_084706_541583/cross_regime_results.json,conditional_factorized_ac_trainMIX12_EQ_C1600_F3_T1000_flush17_tau100_seed123_rscale100_pressure_imitThreshold50ep,conditional_factorized_ac,conditional_factorized_ac,MIX12_EQ,123,TLNB,1600.0,3,1000,250.0,17,uniform,17,pressure,none,100.0,threshold_pretrain,none,1.0,100.0,0.0,0.9966690028294038,49933.47,50101.145,1.865,0.001865,0.0,1.865,35.215,46411.97,1000.0,1000.0,0.0,1.0,0.0,0.56344,0.035215,0.964785,0.035215,0.0,"[964.785, 0.0, 0.0, 0.0, 0.0, 0.0, 0.0, 0.0, 0.0, 0.0, 0.0, 0.0, 0.0, 0.0, 0.0, 0.0, 35.215]","[0.964785000000001, 0.0, 0.0, 0.0, 0.0, 0.0, 0.0, 0.0, 0.0, 0.0, 0.0, 0.0, 0.0, 0.0, 0.0, 0.0, 0.03521499999999999]",128,0.0001,32,256,,,,19,0.4411764705882353,44.11764705882353
/Users/qiubi/kwallet-rl/src/idea5/general_model/results_pressure_imitation_C_sweep_seed123/conditional_factorized_ac/runs/conditional_factorized_ac_trainMIX12_EQ_C1600_F3_T1000_flush17_tau100_seed123_rscale100_pressure_imitThreshold50ep/20260524_084706_541583/cross_regime_results.json,conditional_factorized_ac_trainMIX12_EQ_C1600_F3_T1000_flush17_tau100_seed123_rscale100_pressure_imitThreshold50ep,conditional_factorized_ac,conditional_factorized_ac,MIX12_EQ,123,TPLB,1600.0,3,1000,250.0,17,uniform,17,pressure,none,100.0,threshold_pretrain,none,1.0,100.0,0.0,0.9976312524256821,49850.965,49969.965,1.33,0.00133,0.0,1.33,35.275,46323.465,1000.0,1000.0,0.0,1.0,0.0,0.5644,0.035275,0.9647249999999999,0.035275,0.0,"[964.725, 0.0, 0.0, 0.0, 0.0, 0.0, 0.0, 0.0, 0.0, 0.0, 0.0, 0.0, 0.0, 0.0, 0.0, 0.0, 35.275]","[0.9647250000000009, 0.0, 0.0, 0.0, 0.0, 0.0, 0.0, 0.0, 0.0, 0.0, 0.0, 0.0, 0.0, 0.0, 0.0, 0.0, 0.03527499999999999]",128,0.0001,32,256,,,,19,0.4411764705882353,44.11764705882353
/Users/qiubi/kwallet-rl/src/idea5/general_model/results_pressure_imitation_C_sweep_seed123/conditional_factorized_ac/runs/conditional_factorized_ac_trainMIX12_EQ_C1600_F3_T1000_flush17_tau100_seed123_rscale100_pressure_imitThreshold50ep/20260524_084706_541583/cross_regime_results.json,conditional_factorized_ac_trainMIX12_EQ_C1600_F3_T1000_flush17_tau100_seed123_rscale100_pressure_imitThreshold50ep,conditional_factorized_ac,conditional_factorized_ac,MIX12_EQ,123,PLB,1600.0,3,1000,250.0,17,uniform,17,pressure,none,100.0,threshold_pretrain,none,1.0,100.0,0.0,0.988244394436982,49474.32,50064.775,4.395,0.004395,0.0,4.395,34.815,45992.82,1000.0,1000.0,0.0,1.0,0.0,0.5570400000000002,0.03481500000000001,0.9651849999999998,0.03481500000000001,0.0,"[965.185, 0.0, 0.0, 0.0, 0.0, 0.0, 0.0, 0.0, 0.0, 0.0, 0.0, 0.0, 0.0, 0.0, 0.0, 0.0, 34.815]","[0.9651850000000017, 0.0, 0.0, 0.0, 0.0, 0.0, 0.0, 0.0, 0.0, 0.0, 0.0, 0.0, 0.0, 0.0, 0.0, 0.0, 0.03481499999999998]",128,0.0001,32,256,,,,19,0.4411764705882353,44.11764705882353
