model,threshold_mode,C,F,T,flush_levels,num_flush_choices,policy_output,action_size,factorized_policy_output_size,reward_scale,money_tau,train_regime,state_feature_mode,mask_mode,imitation_mode,imitation_episodes,imitation_epochs,imitation_reg_coef,selected_eta,seed,scenario,seed_mean_value_accept_ratio,seed_worst_regime_value_accept_ratio,num_test_regimes,seed_mean_drops,seed_mean_flushes,seed_mean_money,seed_mean_flush_A_count,seed_mean_flush_B_count,seed_mean_drop_A_count,seed_mean_drop_B_count,seed_mean_settled_A_value,seed_mean_settled_B_value,seed_mean_settle_accept_rate,seed_mean_zero_flush_rate,seed_mean_no_flush_rate,seed_mean_full_flush_A_rate,seed_mean_full_flush_B_rate
conditional_factorized_ac,,1000.0,3,1000,17,33,35,66,35,100.0,100.0,MIX12_EQ,pressure,safe,threshold_pretrain,100,1,0.0,0.8,123,two_pool_conditional_factorized_ac_trainMIX12_EQ_C1000_F3_T1000_flush17_tau100_seed123_rscale100_pressure_maskSafe_imitThreshold100ep1,0.9909734467392143,0.9802464880509535,12,4.869583333333333,57.11291666666668,43884.77375,28.81833333333333,28.294583333333332,2.22625,2.6433333333333335,24854.724583333333,24741.340833333335,1.0,0.9428870833333333,0.9428870833333333,0.028818333333333345,0.02829458333333334
conditional_factorized_ac,,1000.0,3,1000,17,33,35,66,35,100.0,100.0,MIX12_EQ,pressure,safe,threshold_pretrain,100,1,0.0,0.8,2027,two_pool_conditional_factorized_ac_trainMIX12_EQ_C1000_F3_T1000_flush17_tau100_seed2027_rscale100_pressure_maskSafe_imitThreshold100ep1,0.9864192112155136,0.9759574866791177,12,8.186666666666667,56.1175,43756.29791666666,29.27333333333333,26.844166666666666,1.6795833333333334,6.507083333333334,24897.210000000003,24470.83791666667,1.0,0.9438824999999996,0.9438824999999996,0.02927083333333334,0.026833750000000007
conditional_factorized_ac,,1000.0,3,1000,17,33,35,66,35,100.0,100.0,MIX12_EQ,pressure,safe,threshold_pretrain,100,1,0.0,0.8,323,two_pool_conditional_factorized_ac_trainMIX12_EQ_C1000_F3_T1000_flush17_tau100_seed323_rscale100_pressure_maskSafe_imitThreshold100ep1,0.9874459896797688,0.9771322017023887,12,7.296250000000001,56.258333333333326,43793.65041666667,28.930833333333336,27.3275,1.9587500000000002,5.3374999999999995,24876.719583333335,24542.764166666664,1.0,0.9437416666666664,0.9437416666666664,0.02893083333333334,0.027327500000000005
conditional_factorized_ac,,1000.0,3,1000,17,33,35,66,35,100.0,100.0,MIX12_EQ,pressure,safe,threshold_pretrain,100,1,0.0,0.8,3407,two_pool_conditional_factorized_ac_trainMIX12_EQ_C1000_F3_T1000_flush17_tau100_seed3407_rscale100_pressure_maskSafe_imitThreshold100ep1,0.9875124675580967,0.9768642600881094,12,7.158749999999999,55.73416666666666,43849.200000000004,27.405,28.329166666666666,4.590416666666666,2.568333333333333,24675.345833333336,24747.270833333332,1.0,0.9442658333333335,0.9442658333333335,0.02740500000000001,0.028329166666666673
conditional_factorized_ac,,1000.0,3,1000,17,33,35,66,35,100.0,100.0,MIX12_EQ,pressure,safe,threshold_pretrain,100,1,0.0,0.8,4501,two_pool_conditional_factorized_ac_trainMIX12_EQ_C1000_F3_T1000_flush17_tau100_seed4501_rscale100_pressure_maskSafe_imitThreshold100ep1,0.9829130565961016,0.9714771619003097,12,10.442916666666667,54.547083333333326,43737.36708333334,27.265416666666667,27.281666666666663,5.4125000000000005,5.0304166666666665,24622.220416666667,24569.854999999996,1.0,0.9454529166666666,0.9454529166666666,0.02726541666666667,0.02724958333333334
conditional_factorized_ac,,1000.0,3,1000,17,33,35,66,35,100.0,100.0,MIX12_EQ,pressure,safe,threshold_pretrain,100,1,0.0,0.8,532,two_pool_conditional_factorized_ac_trainMIX12_EQ_C1000_F3_T1000_flush17_tau100_seed532_rscale100_pressure_maskSafe_imitThreshold100ep1,0.985695307497814,0.9733856614017177,12,8.3975,54.80833333333334,43850.739166666666,27.511666666666667,27.296666666666667,4.291666666666667,4.105833333333334,24701.369583333333,24630.202916666665,1.0,0.9451916666666665,0.9451916666666665,0.027511666666666674,0.027296666666666674
conditional_factorized_ac,,1000.0,3,1000,17,33,35,66,35,100.0,100.0,MIX12_EQ,pressure,safe,threshold_pretrain,100,1,0.0,0.8,6101,two_pool_conditional_factorized_ac_trainMIX12_EQ_C1000_F3_T1000_flush17_tau100_seed6101_rscale100_pressure_maskSafe_imitThreshold100ep1,0.9892789683896512,0.9778648226779921,12,5.951250000000001,56.97541666666666,43813.69041666666,28.580416666666665,28.394999999999996,2.2808333333333333,3.670416666666666,24847.08916666666,24664.142916666664,1.0,0.9430245833333332,0.9430245833333332,0.028580416666666667,0.027175000000000008
conditional_factorized_ac,,1000.0,3,1000,17,33,35,66,35,100.0,100.0,MIX12_EQ,pressure,safe,threshold_pretrain,100,1,0.0,0.8,777,two_pool_conditional_factorized_ac_trainMIX12_EQ_C1000_F3_T1000_flush17_tau100_seed777_rscale100_pressure_maskSafe_imitThreshold100ep1,0.9904602794852174,0.9799062942465424,12,5.187916666666666,56.635,43906.99291666666,29.156250000000004,27.478750000000005,1.3916666666666666,3.79625,24916.391250000004,24654.101666666666,1.0,0.9433650000000001,0.9433650000000001,0.029156250000000012,0.027478750000000007
conditional_factorized_ac,,1000.0,3,1000,17,33,35,66,35,100.0,100.0,MIX12_EQ,pressure,safe,threshold_pretrain,100,1,0.0,0.8,8888,two_pool_conditional_factorized_ac_trainMIX12_EQ_C1000_F3_T1000_flush17_tau100_seed8888_rscale100_pressure_maskSafe_imitThreshold100ep1,0.991554601810626,0.9809741969248844,12,4.567916666666666,57.996249999999996,43825.653750000005,29.054999999999996,28.94125,2.061666666666667,2.50625,24868.18625,24757.0925,1.0,0.94200375,0.94200375,0.02903416666666668,0.028941250000000005
conditional_factorized_ac,,1000.0,3,1000,17,33,35,66,35,100.0,100.0,MIX12_EQ,pressure,safe,threshold_pretrain,100,1,0.0,0.8,999,two_pool_conditional_factorized_ac_trainMIX12_EQ_C1000_F3_T1000_flush17_tau100_seed999_rscale100_pressure_maskSafe_imitThreshold100ep1,0.9882506836116592,0.9780374357221672,12,6.7683333333333335,56.1175,43847.865,29.092916666666667,27.02458333333333,1.9087500000000002,4.859583333333333,24883.08375,24576.531250000004,1.0,0.9438825000000001,0.9438825000000001,0.028887083333333338,0.027024583333333338
conditional_factorized_ac,,1200.0,3,1000,17,33,35,66,35,100.0,100.0,MIX12_EQ,pressure,safe,threshold_pretrain,100,1,0.0,0.8,123,two_pool_conditional_factorized_ac_trainMIX12_EQ_C1200_F3_T1000_flush17_tau100_seed123_rscale100_pressure_maskSafe_imitThreshold100ep1,0.988128409587279,0.9800538544570783,12,7.28875,45.29458333333333,44924.42458333334,22.008333333333336,23.28625,5.484583333333333,1.8041666666666665,24636.688333333335,24817.194583333334,1.0,0.9547054166666668,0.9547054166666668,0.022008333333333328,0.023286249999999998
conditional_factorized_ac,,1200.0,3,1000,17,33,35,66,35,100.0,100.0,MIX12_EQ,pressure,safe,threshold_pretrain,100,1,0.0,0.8,2027,two_pool_conditional_factorized_ac_trainMIX12_EQ_C1200_F3_T1000_flush17_tau100_seed2027_rscale100_pressure_maskSafe_imitThreshold100ep1,0.9917955615642106,0.9833040447462195,12,4.660833333333334,47.04166666666666,44933.58624999999,23.632500000000004,23.409166666666664,1.9825,2.6783333333333332,24883.41791666667,24754.334999999995,1.0,0.9529583333333332,0.9529583333333332,0.0236325,0.023409166666666665
conditional_factorized_ac,,1200.0,3,1000,17,33,35,66,35,100.0,100.0,MIX12_EQ,pressure,safe,threshold_pretrain,100,1,0.0,0.8,323,two_pool_conditional_factorized_ac_trainMIX12_EQ_C1200_F3_T1000_flush17_tau100_seed323_rscale100_pressure_maskSafe_imitThreshold100ep1,0.9791403366309925,0.9701602630422397,12,13.716666666666669,43.15,44688.525,21.360416666666666,21.789583333333336,8.350416666666666,5.36625,24444.625833333335,24558.899166666666,1.0,0.9568500000000002,0.9568500000000002,0.021360416666666663,0.02178958333333333
conditional_factorized_ac,,1200.0,3,1000,17,33,35,66,35,100.0,100.0,MIX12_EQ,pressure,safe,threshold_pretrain,100,1,0.0,0.8,3407,two_pool_conditional_factorized_ac_trainMIX12_EQ_C1200_F3_T1000_flush17_tau100_seed3407_rscale100_pressure_maskSafe_imitThreshold100ep1,0.9849604298605215,0.9761491243153299,12,9.4275,44.39083333333334,44856.076250000006,22.21708333333333,22.173750000000002,4.878750000000001,4.54875,24672.790416666667,24622.36916666667,1.0,0.9556091666666666,0.9556091666666666,0.022215833333333327,0.022173750000000002
conditional_factorized_ac,,1200.0,3,1000,17,33,35,66,35,100.0,100.0,MIX12_EQ,pressure,safe,threshold_pretrain,100,1,0.0,0.8,4501,two_pool_conditional_factorized_ac_trainMIX12_EQ_C1200_F3_T1000_flush17_tau100_seed4501_rscale100_pressure_maskSafe_imitThreshold100ep1,0.9885082887471529,0.9794401171726793,12,6.826249999999999,45.361250000000005,44936.61708333334,22.133333333333336,23.227916666666662,4.633749999999999,2.1925,24687.155,24785.587083333336,1.0,0.95463875,0.95463875,0.02211125,0.023227916666666664
conditional_factorized_ac,,1200.0,3,1000,17,33,35,66,35,100.0,100.0,MIX12_EQ,pressure,safe,threshold_pretrain,100,1,0.0,0.8,532,two_pool_conditional_factorized_ac_trainMIX12_EQ_C1200_F3_T1000_flush17_tau100_seed532_rscale100_pressure_maskSafe_imitThreshold100ep1,0.982824916640786,0.9735635077839606,12,10.88,43.79791666666666,44808.26,22.12375,21.674166666666668,4.475833333333333,6.404166666666666,24698.155833333327,24489.895833333332,1.0,0.9562020833333333,0.9562020833333333,0.022123749999999998,0.021674166666666664
conditional_factorized_ac,,1200.0,3,1000,17,33,35,66,35,100.0,100.0,MIX12_EQ,pressure,safe,threshold_pretrain,100,1,0.0,0.8,6101,two_pool_conditional_factorized_ac_trainMIX12_EQ_C1200_F3_T1000_flush17_tau100_seed6101_rscale100_pressure_maskSafe_imitThreshold100ep1,0.9840310137490226,0.9757717552283697,12,10.182083333333333,44.5975,44788.89541666666,21.73,22.867500000000003,6.205000000000001,3.977083333333333,24580.965,24667.680416666666,1.0,0.9554025,0.9554025,0.021729999999999996,0.02276041666666666
conditional_factorized_ac,,1200.0,3,1000,17,33,35,66,35,100.0,100.0,MIX12_EQ,pressure,safe,threshold_pretrain,100,1,0.0,0.8,777,two_pool_conditional_factorized_ac_trainMIX12_EQ_C1200_F3_T1000_flush17_tau100_seed777_rscale100_pressure_maskSafe_imitThreshold100ep1,0.985144314001651,0.9774047783838645,12,9.678333333333335,45.71208333333333,44733.41416666668,22.2925,23.419583333333335,5.119583333333334,4.558750000000001,24660.360000000004,24644.2625,1.0,0.9542879166666668,0.9542879166666668,0.022292500000000003,0.02341958333333333
conditional_factorized_ac,,1200.0,3,1000,17,33,35,66,35,100.0,100.0,MIX12_EQ,pressure,safe,threshold_pretrain,100,1,0.0,0.8,8888,two_pool_conditional_factorized_ac_trainMIX12_EQ_C1200_F3_T1000_flush17_tau100_seed8888_rscale100_pressure_maskSafe_imitThreshold100ep1,0.9820489070479415,0.9732836620903285,12,11.592916666666666,43.637916666666655,44785.10999999999,22.194999999999997,21.44291666666666,4.4725,7.120416666666667,24701.023750000004,24447.877916666668,1.0,0.9563620833333334,0.9563620833333334,0.022194999999999996,0.021442916666666662
conditional_factorized_ac,,1200.0,3,1000,17,33,35,66,35,100.0,100.0,MIX12_EQ,pressure,safe,threshold_pretrain,100,1,0.0,0.8,999,two_pool_conditional_factorized_ac_trainMIX12_EQ_C1200_F3_T1000_flush17_tau100_seed999_rscale100_pressure_maskSafe_imitThreshold100ep1,0.9896542599542594,0.9804076341147947,12,5.942916666666666,45.11666666666667,45018.56124999999,22.800833333333333,22.31583333333333,2.63875,3.304166666666667,24831.34708333333,24698.880833333333,1.0,0.9548833333333332,0.9548833333333332,0.022800833333333336,0.02231583333333333
conditional_factorized_ac,,800.0,3,1000,17,33,35,66,35,100.0,100.0,MIX12_EQ,pressure,safe,threshold_pretrain,100,1,0.0,0.75,123,two_pool_conditional_factorized_ac_trainMIX12_EQ_C800_F3_T1000_flush17_tau100_seed123_rscale100_pressure_maskSafe_imitThreshold100ep1,0.9756538929731603,0.9606472758148756,12,14.924583333333336,68.94291666666668,41933.90666666667,33.967083333333335,34.975833333333334,9.08375,5.840833333333333,24343.863750000004,24484.334583333333,1.0,0.9310570833333335,0.9310570833333335,0.033967083333333335,0.03497125
conditional_factorized_ac,,800.0,3,1000,17,33,35,66,35,100.0,100.0,MIX12_EQ,pressure,safe,threshold_pretrain,100,1,0.0,0.75,2027,two_pool_conditional_factorized_ac_trainMIX12_EQ_C800_F3_T1000_flush17_tau100_seed2027_rscale100_pressure_maskSafe_imitThreshold100ep1,0.9812773170067727,0.9659954925205916,12,10.8775,70.68041666666669,42041.989166666666,36.14791666666667,34.532500000000006,3.8454166666666665,7.032083333333333,24707.28833333333,24402.742500000004,1.0,0.9293195833333333,0.9293195833333333,0.03614791666666666,0.03453250000000001
conditional_factorized_ac,,800.0,3,1000,17,33,35,66,35,100.0,100.0,MIX12_EQ,pressure,safe,threshold_pretrain,100,1,0.0,0.75,323,two_pool_conditional_factorized_ac_trainMIX12_EQ_C800_F3_T1000_flush17_tau100_seed323_rscale100_pressure_maskSafe_imitThreshold100ep1,0.9836102682264758,0.9691996117489464,12,9.38875,71.82708333333333,42044.24166666666,36.515416666666674,35.31166666666667,3.7424999999999997,5.646249999999999,24726.31125,24500.638750000002,1.0,0.9281729166666666,0.9281729166666666,0.03651541666666666,0.03531166666666667
conditional_factorized_ac,,800.0,3,1000,17,33,35,66,35,100.0,100.0,MIX12_EQ,pressure,safe,threshold_pretrain,100,1,0.0,0.75,3407,two_pool_conditional_factorized_ac_trainMIX12_EQ_C800_F3_T1000_flush17_tau100_seed3407_rscale100_pressure_maskSafe_imitThreshold100ep1,0.9819726197859464,0.9667208393678456,12,10.432916666666667,71.03458333333333,42041.35541666666,35.65166666666667,35.38291666666667,5.29625,5.136666666666668,24609.56041666667,24535.25333333333,1.0,0.9289654166666668,0.9289654166666668,0.03565166666666667,0.035382916666666674
conditional_factorized_ac,,800.0,3,1000,17,33,35,66,35,100.0,100.0,MIX12_EQ,pressure,safe,threshold_pretrain,100,1,0.0,0.75,4501,two_pool_conditional_factorized_ac_trainMIX12_EQ_C800_F3_T1000_flush17_tau100_seed4501_rscale100_pressure_maskSafe_imitThreshold100ep1,0.9768575074358301,0.9628708223695006,12,14.221666666666664,69.4175,41946.566249999996,34.94291666666667,34.474583333333335,6.62125,7.600416666666668,24517.698749999996,24370.617499999997,1.0,0.9305825000000002,0.9305825000000002,0.034942916666666664,0.034474583333333336
conditional_factorized_ac,,800.0,3,1000,17,33,35,66,35,100.0,100.0,MIX12_EQ,pressure,safe,threshold_pretrain,100,1,0.0,0.75,532,two_pool_conditional_factorized_ac_trainMIX12_EQ_C800_F3_T1000_flush17_tau100_seed532_rscale100_pressure_maskSafe_imitThreshold100ep1,0.9780084884605927,0.9629603724707252,12,13.15125,69.30000000000001,42016.144583333335,34.28958333333333,35.010416666666664,7.632083333333333,5.519166666666667,24441.01541666666,24505.129166666666,1.0,0.9307000000000002,0.9307000000000002,0.03428958333333334,0.03501041666666667
conditional_factorized_ac,,800.0,3,1000,17,33,35,66,35,100.0,100.0,MIX12_EQ,pressure,safe,threshold_pretrain,100,1,0.0,0.75,6101,two_pool_conditional_factorized_ac_trainMIX12_EQ_C800_F3_T1000_flush17_tau100_seed6101_rscale100_pressure_maskSafe_imitThreshold100ep1,0.9799023240071477,0.9660800026834871,12,12.189583333333333,71.04625,41936.472083333334,37.63125,33.415,2.436666666666667,9.752916666666666,24823.985,24217.11208333333,1.0,0.9289537500000002,0.9289537500000002,0.03763125,0.03341500000000001
conditional_factorized_ac,,800.0,3,1000,17,33,35,66,35,100.0,100.0,MIX12_EQ,pressure,safe,threshold_pretrain,100,1,0.0,0.75,777,two_pool_conditional_factorized_ac_trainMIX12_EQ_C800_F3_T1000_flush17_tau100_seed777_rscale100_pressure_maskSafe_imitThreshold100ep1,0.9821662822390801,0.9668319231432045,12,10.265416666666667,71.14666666666666,42040.00666666666,35.65083333333334,35.49583333333333,4.91,5.355416666666667,24628.91791666667,24525.755416666663,1.0,0.9288533333333334,0.9288533333333334,0.03565083333333333,0.03549583333333333
conditional_factorized_ac,,800.0,3,1000,17,33,35,66,35,100.0,100.0,MIX12_EQ,pressure,safe,threshold_pretrain,100,1,0.0,0.75,8888,two_pool_conditional_factorized_ac_trainMIX12_EQ_C800_F3_T1000_flush17_tau100_seed8888_rscale100_pressure_maskSafe_imitThreshold100ep1,0.9836508450385525,0.9682028624606066,12,9.125416666666666,71.40541666666667,42088.557916666665,35.80708333333333,35.598333333333336,4.283333333333333,4.842083333333334,24671.44583333333,24557.653749999998,1.0,0.9285945833333336,0.9285945833333336,0.03580708333333333,0.035598333333333336
conditional_factorized_ac,,800.0,3,1000,17,33,35,66,35,100.0,100.0,MIX12_EQ,pressure,safe,threshold_pretrain,100,1,0.0,0.75,999,two_pool_conditional_factorized_ac_trainMIX12_EQ_C800_F3_T1000_flush17_tau100_seed999_rscale100_pressure_maskSafe_imitThreshold100ep1,0.9794702888422927,0.9642654399458257,12,12.167499999999999,70.00125,42019.29541666667,34.70083333333334,35.30041666666667,7.012083333333333,5.1554166666666665,24484.58875,24534.83166666667,1.0,0.9299987499999999,0.9299987499999999,0.03470083333333334,0.03530041666666667
global_threshold,global,1000.0,3,1000,17,33,35,66,35,1.0,100.0,MIX12_EQ,base,none,none,0,0,0.0,0.55,123,two_pool_global_threshold_trainMIX12_EQ_C1000_F3_T1000_flush17_tau100_seed123_eta0p55,0.984751291459852,0.9765505803005066,12,10.92125,61.413333333333334,43143.379583333335,30.730416666666667,30.682916666666667,5.4875,5.433750000000001,24677.41833333333,24607.294583333332,,,,,
global_threshold,global,1000.0,3,1000,17,33,35,66,35,1.0,100.0,MIX12_EQ,base,none,none,0,0,0.0,0.55,2027,two_pool_global_threshold_trainMIX12_EQ_C1000_F3_T1000_flush17_tau100_seed2027_eta0p55,0.984751291459852,0.9765505803005066,12,10.92125,61.413333333333334,43143.379583333335,30.730416666666667,30.682916666666667,5.4875,5.433750000000001,24677.41833333333,24607.294583333332,,,,,
global_threshold,global,1000.0,3,1000,17,33,35,66,35,1.0,100.0,MIX12_EQ,base,none,none,0,0,0.0,0.55,323,two_pool_global_threshold_trainMIX12_EQ_C1000_F3_T1000_flush17_tau100_seed323_eta0p55,0.984751291459852,0.9765505803005066,12,10.92125,61.413333333333334,43143.379583333335,30.730416666666667,30.682916666666667,5.4875,5.433750000000001,24677.41833333333,24607.294583333332,,,,,
global_threshold,global,1000.0,3,1000,17,33,35,66,35,1.0,100.0,MIX12_EQ,base,none,none,0,0,0.0,0.55,3407,two_pool_global_threshold_trainMIX12_EQ_C1000_F3_T1000_flush17_tau100_seed3407_eta0p55,0.984751291459852,0.9765505803005066,12,10.92125,61.413333333333334,43143.379583333335,30.730416666666667,30.682916666666667,5.4875,5.433750000000001,24677.41833333333,24607.294583333332,,,,,
global_threshold,global,1000.0,3,1000,17,33,35,66,35,1.0,100.0,MIX12_EQ,base,none,none,0,0,0.0,0.55,4501,two_pool_global_threshold_trainMIX12_EQ_C1000_F3_T1000_flush17_tau100_seed4501_eta0p55,0.984751291459852,0.9765505803005066,12,10.92125,61.413333333333334,43143.379583333335,30.730416666666667,30.682916666666667,5.4875,5.433750000000001,24677.41833333333,24607.294583333332,,,,,
global_threshold,global,1000.0,3,1000,17,33,35,66,35,1.0,100.0,MIX12_EQ,base,none,none,0,0,0.0,0.55,532,two_pool_global_threshold_trainMIX12_EQ_C1000_F3_T1000_flush17_tau100_seed532_eta0p55,0.984751291459852,0.9765505803005066,12,10.92125,61.413333333333334,43143.379583333335,30.730416666666667,30.682916666666667,5.4875,5.433750000000001,24677.41833333333,24607.294583333332,,,,,
global_threshold,global,1000.0,3,1000,17,33,35,66,35,1.0,100.0,MIX12_EQ,base,none,none,0,0,0.0,0.55,6101,two_pool_global_threshold_trainMIX12_EQ_C1000_F3_T1000_flush17_tau100_seed6101_eta0p55,0.984751291459852,0.9765505803005066,12,10.92125,61.413333333333334,43143.379583333335,30.730416666666667,30.682916666666667,5.4875,5.433750000000001,24677.41833333333,24607.294583333332,,,,,
global_threshold,global,1000.0,3,1000,17,33,35,66,35,1.0,100.0,MIX12_EQ,base,none,none,0,0,0.0,0.55,777,two_pool_global_threshold_trainMIX12_EQ_C1000_F3_T1000_flush17_tau100_seed777_eta0p55,0.984751291459852,0.9765505803005066,12,10.92125,61.413333333333334,43143.379583333335,30.730416666666667,30.682916666666667,5.4875,5.433750000000001,24677.41833333333,24607.294583333332,,,,,
global_threshold,global,1000.0,3,1000,17,33,35,66,35,1.0,100.0,MIX12_EQ,base,none,none,0,0,0.0,0.55,8888,two_pool_global_threshold_trainMIX12_EQ_C1000_F3_T1000_flush17_tau100_seed8888_eta0p55,0.984751291459852,0.9765505803005066,12,10.92125,61.413333333333334,43143.379583333335,30.730416666666667,30.682916666666667,5.4875,5.433750000000001,24677.41833333333,24607.294583333332,,,,,
global_threshold,global,1000.0,3,1000,17,33,35,66,35,1.0,100.0,MIX12_EQ,base,none,none,0,0,0.0,0.55,999,two_pool_global_threshold_trainMIX12_EQ_C1000_F3_T1000_flush17_tau100_seed999_eta0p55,0.984751291459852,0.9765505803005066,12,10.92125,61.413333333333334,43143.379583333335,30.730416666666667,30.682916666666667,5.4875,5.433750000000001,24677.41833333333,24607.294583333332,,,,,
global_threshold,global,1200.0,3,1000,17,33,35,66,35,1.0,100.0,MIX12_EQ,base,none,none,0,0,0.0,0.55,123,two_pool_global_threshold_trainMIX12_EQ_C1200_F3_T1000_flush17_tau100_seed123_eta0p55,0.9923258662975166,0.987221379180492,12,5.357083333333333,52.12125,44452.38541666666,26.08708333333333,26.034166666666664,2.725,2.6320833333333336,24869.10291666666,24795.4075,,,,,
global_threshold,global,1200.0,3,1000,17,33,35,66,35,1.0,100.0,MIX12_EQ,base,none,none,0,0,0.0,0.55,2027,two_pool_global_threshold_trainMIX12_EQ_C1200_F3_T1000_flush17_tau100_seed2027_eta0p55,0.9923258662975166,0.987221379180492,12,5.357083333333333,52.12125,44452.38541666666,26.08708333333333,26.034166666666664,2.725,2.6320833333333336,24869.10291666666,24795.4075,,,,,
global_threshold,global,1200.0,3,1000,17,33,35,66,35,1.0,100.0,MIX12_EQ,base,none,none,0,0,0.0,0.55,323,two_pool_global_threshold_trainMIX12_EQ_C1200_F3_T1000_flush17_tau100_seed323_eta0p55,0.9923258662975166,0.987221379180492,12,5.357083333333333,52.12125,44452.38541666666,26.08708333333333,26.034166666666664,2.725,2.6320833333333336,24869.10291666666,24795.4075,,,,,
global_threshold,global,1200.0,3,1000,17,33,35,66,35,1.0,100.0,MIX12_EQ,base,none,none,0,0,0.0,0.55,3407,two_pool_global_threshold_trainMIX12_EQ_C1200_F3_T1000_flush17_tau100_seed3407_eta0p55,0.9923258662975166,0.987221379180492,12,5.357083333333333,52.12125,44452.38541666666,26.08708333333333,26.034166666666664,2.725,2.6320833333333336,24869.10291666666,24795.4075,,,,,
global_threshold,global,1200.0,3,1000,17,33,35,66,35,1.0,100.0,MIX12_EQ,base,none,none,0,0,0.0,0.55,4501,two_pool_global_threshold_trainMIX12_EQ_C1200_F3_T1000_flush17_tau100_seed4501_eta0p55,0.9923258662975166,0.987221379180492,12,5.357083333333333,52.12125,44452.38541666666,26.08708333333333,26.034166666666664,2.725,2.6320833333333336,24869.10291666666,24795.4075,,,,,
global_threshold,global,1200.0,3,1000,17,33,35,66,35,1.0,100.0,MIX12_EQ,base,none,none,0,0,0.0,0.55,532,two_pool_global_threshold_trainMIX12_EQ_C1200_F3_T1000_flush17_tau100_seed532_eta0p55,0.9923258662975166,0.987221379180492,12,5.357083333333333,52.12125,44452.38541666666,26.08708333333333,26.034166666666664,2.725,2.6320833333333336,24869.10291666666,24795.4075,,,,,
global_threshold,global,1200.0,3,1000,17,33,35,66,35,1.0,100.0,MIX12_EQ,base,none,none,0,0,0.0,0.55,6101,two_pool_global_threshold_trainMIX12_EQ_C1200_F3_T1000_flush17_tau100_seed6101_eta0p55,0.9923258662975166,0.987221379180492,12,5.357083333333333,52.12125,44452.38541666666,26.08708333333333,26.034166666666664,2.725,2.6320833333333336,24869.10291666666,24795.4075,,,,,
global_threshold,global,1200.0,3,1000,17,33,35,66,35,1.0,100.0,MIX12_EQ,base,none,none,0,0,0.0,0.55,777,two_pool_global_threshold_trainMIX12_EQ_C1200_F3_T1000_flush17_tau100_seed777_eta0p55,0.9923258662975166,0.987221379180492,12,5.357083333333333,52.12125,44452.38541666666,26.08708333333333,26.034166666666664,2.725,2.6320833333333336,24869.10291666666,24795.4075,,,,,
global_threshold,global,1200.0,3,1000,17,33,35,66,35,1.0,100.0,MIX12_EQ,base,none,none,0,0,0.0,0.55,8888,two_pool_global_threshold_trainMIX12_EQ_C1200_F3_T1000_flush17_tau100_seed8888_eta0p55,0.9923258662975166,0.987221379180492,12,5.357083333333333,52.12125,44452.38541666666,26.08708333333333,26.034166666666664,2.725,2.6320833333333336,24869.10291666666,24795.4075,,,,,
global_threshold,global,1200.0,3,1000,17,33,35,66,35,1.0,100.0,MIX12_EQ,base,none,none,0,0,0.0,0.55,999,two_pool_global_threshold_trainMIX12_EQ_C1200_F3_T1000_flush17_tau100_seed999_eta0p55,0.9923258662975166,0.987221379180492,12,5.357083333333333,52.12125,44452.38541666666,26.08708333333333,26.034166666666664,2.725,2.6320833333333336,24869.10291666666,24795.4075,,,,,
global_threshold,global,800.0,3,1000,17,33,35,66,35,1.0,100.0,MIX12_EQ,base,none,none,0,0,0.0,0.5,123,two_pool_global_threshold_trainMIX12_EQ_C800_F3_T1000_flush17_tau100_seed123_eta0p5,0.9866546144368974,0.9768552494030384,12,8.699166666666668,82.38083333333333,41141.78666666666,41.24166666666667,41.13916666666666,4.385833333333333,4.3133333333333335,24724.9725,24654.897499999995,,,,,
global_threshold,global,800.0,3,1000,17,33,35,66,35,1.0,100.0,MIX12_EQ,base,none,none,0,0,0.0,0.5,2027,two_pool_global_threshold_trainMIX12_EQ_C800_F3_T1000_flush17_tau100_seed2027_eta0p5,0.9866546144368974,0.9768552494030384,12,8.699166666666668,82.38083333333333,41141.78666666666,41.24166666666667,41.13916666666666,4.385833333333333,4.3133333333333335,24724.9725,24654.897499999995,,,,,
global_threshold,global,800.0,3,1000,17,33,35,66,35,1.0,100.0,MIX12_EQ,base,none,none,0,0,0.0,0.5,323,two_pool_global_threshold_trainMIX12_EQ_C800_F3_T1000_flush17_tau100_seed323_eta0p5,0.9866546144368974,0.9768552494030384,12,8.699166666666668,82.38083333333333,41141.78666666666,41.24166666666667,41.13916666666666,4.385833333333333,4.3133333333333335,24724.9725,24654.897499999995,,,,,
global_threshold,global,800.0,3,1000,17,33,35,66,35,1.0,100.0,MIX12_EQ,base,none,none,0,0,0.0,0.5,3407,two_pool_global_threshold_trainMIX12_EQ_C800_F3_T1000_flush17_tau100_seed3407_eta0p5,0.9866546144368974,0.9768552494030384,12,8.699166666666668,82.38083333333333,41141.78666666666,41.24166666666667,41.13916666666666,4.385833333333333,4.3133333333333335,24724.9725,24654.897499999995,,,,,
global_threshold,global,800.0,3,1000,17,33,35,66,35,1.0,100.0,MIX12_EQ,base,none,none,0,0,0.0,0.5,4501,two_pool_global_threshold_trainMIX12_EQ_C800_F3_T1000_flush17_tau100_seed4501_eta0p5,0.9866546144368974,0.9768552494030384,12,8.699166666666668,82.38083333333333,41141.78666666666,41.24166666666667,41.13916666666666,4.385833333333333,4.3133333333333335,24724.9725,24654.897499999995,,,,,
global_threshold,global,800.0,3,1000,17,33,35,66,35,1.0,100.0,MIX12_EQ,base,none,none,0,0,0.0,0.5,532,two_pool_global_threshold_trainMIX12_EQ_C800_F3_T1000_flush17_tau100_seed532_eta0p5,0.9866546144368974,0.9768552494030384,12,8.699166666666668,82.38083333333333,41141.78666666666,41.24166666666667,41.13916666666666,4.385833333333333,4.3133333333333335,24724.9725,24654.897499999995,,,,,
global_threshold,global,800.0,3,1000,17,33,35,66,35,1.0,100.0,MIX12_EQ,base,none,none,0,0,0.0,0.5,6101,two_pool_global_threshold_trainMIX12_EQ_C800_F3_T1000_flush17_tau100_seed6101_eta0p5,0.9866546144368974,0.9768552494030384,12,8.699166666666668,82.38083333333333,41141.78666666666,41.24166666666667,41.13916666666666,4.385833333333333,4.3133333333333335,24724.9725,24654.897499999995,,,,,
global_threshold,global,800.0,3,1000,17,33,35,66,35,1.0,100.0,MIX12_EQ,base,none,none,0,0,0.0,0.5,777,two_pool_global_threshold_trainMIX12_EQ_C800_F3_T1000_flush17_tau100_seed777_eta0p5,0.9866546144368974,0.9768552494030384,12,8.699166666666668,82.38083333333333,41141.78666666666,41.24166666666667,41.13916666666666,4.385833333333333,4.3133333333333335,24724.9725,24654.897499999995,,,,,
global_threshold,global,800.0,3,1000,17,33,35,66,35,1.0,100.0,MIX12_EQ,base,none,none,0,0,0.0,0.5,8888,two_pool_global_threshold_trainMIX12_EQ_C800_F3_T1000_flush17_tau100_seed8888_eta0p5,0.9866546144368974,0.9768552494030384,12,8.699166666666668,82.38083333333333,41141.78666666666,41.24166666666667,41.13916666666666,4.385833333333333,4.3133333333333335,24724.9725,24654.897499999995,,,,,
global_threshold,global,800.0,3,1000,17,33,35,66,35,1.0,100.0,MIX12_EQ,base,none,none,0,0,0.0,0.5,999,two_pool_global_threshold_trainMIX12_EQ_C800_F3_T1000_flush17_tau100_seed999_eta0p5,0.9866546144368974,0.9768552494030384,12,8.699166666666668,82.38083333333333,41141.78666666666,41.24166666666667,41.13916666666666,4.385833333333333,4.3133333333333335,24724.9725,24654.897499999995,,,,,
grid_threshold,pool_specific,1000.0,3,1000,17,33,35,66,35,1.0,100.0,MIX12_EQ,base,none,none,0,0,0.0,0.8,123,two_pool_grid_threshold_trainMIX12_EQ_C1000_F3_T1000_flush17_tau100_seed123_eta0p8,0.9914894640238687,0.9817813824808852,12,4.6191666666666675,57.087916666666665,43913.27666666667,28.578750000000003,28.50916666666667,2.3283333333333336,2.290833333333333,24848.850416666668,24773.217916666665,,,,,
grid_threshold,pool_specific,1000.0,3,1000,17,33,35,66,35,1.0,100.0,MIX12_EQ,base,none,none,0,0,0.0,0.8,2027,two_pool_grid_threshold_trainMIX12_EQ_C1000_F3_T1000_flush17_tau100_seed2027_eta0p8,0.9914894640238687,0.9817813824808852,12,4.6191666666666675,57.087916666666665,43913.27666666667,28.578750000000003,28.50916666666667,2.3283333333333336,2.290833333333333,24848.850416666668,24773.217916666665,,,,,
grid_threshold,pool_specific,1000.0,3,1000,17,33,35,66,35,1.0,100.0,MIX12_EQ,base,none,none,0,0,0.0,0.8,323,two_pool_grid_threshold_trainMIX12_EQ_C1000_F3_T1000_flush17_tau100_seed323_eta0p8,0.9914894640238687,0.9817813824808852,12,4.6191666666666675,57.087916666666665,43913.27666666667,28.578750000000003,28.50916666666667,2.3283333333333336,2.290833333333333,24848.850416666668,24773.217916666665,,,,,
grid_threshold,pool_specific,1000.0,3,1000,17,33,35,66,35,1.0,100.0,MIX12_EQ,base,none,none,0,0,0.0,0.8,3407,two_pool_grid_threshold_trainMIX12_EQ_C1000_F3_T1000_flush17_tau100_seed3407_eta0p8,0.9914894640238687,0.9817813824808852,12,4.6191666666666675,57.087916666666665,43913.27666666667,28.578750000000003,28.50916666666667,2.3283333333333336,2.290833333333333,24848.850416666668,24773.217916666665,,,,,
grid_threshold,pool_specific,1000.0,3,1000,17,33,35,66,35,1.0,100.0,MIX12_EQ,base,none,none,0,0,0.0,0.8,4501,two_pool_grid_threshold_trainMIX12_EQ_C1000_F3_T1000_flush17_tau100_seed4501_eta0p8,0.9914894640238687,0.9817813824808852,12,4.6191666666666675,57.087916666666665,43913.27666666667,28.578750000000003,28.50916666666667,2.3283333333333336,2.290833333333333,24848.850416666668,24773.217916666665,,,,,
grid_threshold,pool_specific,1000.0,3,1000,17,33,35,66,35,1.0,100.0,MIX12_EQ,base,none,none,0,0,0.0,0.8,532,two_pool_grid_threshold_trainMIX12_EQ_C1000_F3_T1000_flush17_tau100_seed532_eta0p8,0.9914894640238687,0.9817813824808852,12,4.6191666666666675,57.087916666666665,43913.27666666667,28.578750000000003,28.50916666666667,2.3283333333333336,2.290833333333333,24848.850416666668,24773.217916666665,,,,,
grid_threshold,pool_specific,1000.0,3,1000,17,33,35,66,35,1.0,100.0,MIX12_EQ,base,none,none,0,0,0.0,0.8,6101,two_pool_grid_threshold_trainMIX12_EQ_C1000_F3_T1000_flush17_tau100_seed6101_eta0p8,0.9914894640238687,0.9817813824808852,12,4.6191666666666675,57.087916666666665,43913.27666666667,28.578750000000003,28.50916666666667,2.3283333333333336,2.290833333333333,24848.850416666668,24773.217916666665,,,,,
grid_threshold,pool_specific,1000.0,3,1000,17,33,35,66,35,1.0,100.0,MIX12_EQ,base,none,none,0,0,0.0,0.8,777,two_pool_grid_threshold_trainMIX12_EQ_C1000_F3_T1000_flush17_tau100_seed777_eta0p8,0.9914894640238687,0.9817813824808852,12,4.6191666666666675,57.087916666666665,43913.27666666667,28.578750000000003,28.50916666666667,2.3283333333333336,2.290833333333333,24848.850416666668,24773.217916666665,,,,,
grid_threshold,pool_specific,1000.0,3,1000,17,33,35,66,35,1.0,100.0,MIX12_EQ,base,none,none,0,0,0.0,0.8,8888,two_pool_grid_threshold_trainMIX12_EQ_C1000_F3_T1000_flush17_tau100_seed8888_eta0p8,0.9914894640238687,0.9817813824808852,12,4.6191666666666675,57.087916666666665,43913.27666666667,28.578750000000003,28.50916666666667,2.3283333333333336,2.290833333333333,24848.850416666668,24773.217916666665,,,,,
grid_threshold,pool_specific,1000.0,3,1000,17,33,35,66,35,1.0,100.0,MIX12_EQ,base,none,none,0,0,0.0,0.8,999,two_pool_grid_threshold_trainMIX12_EQ_C1000_F3_T1000_flush17_tau100_seed999_eta0p8,0.9914894640238687,0.9817813824808852,12,4.6191666666666675,57.087916666666665,43913.27666666667,28.578750000000003,28.50916666666667,2.3283333333333336,2.290833333333333,24848.850416666668,24773.217916666665,,,,,
grid_threshold,pool_specific,1200.0,3,1000,17,33,35,66,35,1.0,100.0,MIX12_EQ,base,none,none,0,0,0.0,0.8,123,two_pool_grid_threshold_trainMIX12_EQ_C1200_F3_T1000_flush17_tau100_seed123_eta0p8,0.9966929246632671,0.9904711659019125,12,1.5999999999999999,48.13083333333333,45070.207083333335,24.094583333333333,24.036249999999995,0.8125,0.7875,24979.381666666664,24903.908750000002,,,,,
grid_threshold,pool_specific,1200.0,3,1000,17,33,35,66,35,1.0,100.0,MIX12_EQ,base,none,none,0,0,0.0,0.8,2027,two_pool_grid_threshold_trainMIX12_EQ_C1200_F3_T1000_flush17_tau100_seed2027_eta0p8,0.9966929246632671,0.9904711659019125,12,1.5999999999999999,48.13083333333333,45070.207083333335,24.094583333333333,24.036249999999995,0.8125,0.7875,24979.381666666664,24903.908750000002,,,,,
grid_threshold,pool_specific,1200.0,3,1000,17,33,35,66,35,1.0,100.0,MIX12_EQ,base,none,none,0,0,0.0,0.8,323,two_pool_grid_threshold_trainMIX12_EQ_C1200_F3_T1000_flush17_tau100_seed323_eta0p8,0.9966929246632671,0.9904711659019125,12,1.5999999999999999,48.13083333333333,45070.207083333335,24.094583333333333,24.036249999999995,0.8125,0.7875,24979.381666666664,24903.908750000002,,,,,
grid_threshold,pool_specific,1200.0,3,1000,17,33,35,66,35,1.0,100.0,MIX12_EQ,base,none,none,0,0,0.0,0.8,3407,two_pool_grid_threshold_trainMIX12_EQ_C1200_F3_T1000_flush17_tau100_seed3407_eta0p8,0.9966929246632671,0.9904711659019125,12,1.5999999999999999,48.13083333333333,45070.207083333335,24.094583333333333,24.036249999999995,0.8125,0.7875,24979.381666666664,24903.908750000002,,,,,
grid_threshold,pool_specific,1200.0,3,1000,17,33,35,66,35,1.0,100.0,MIX12_EQ,base,none,none,0,0,0.0,0.8,4501,two_pool_grid_threshold_trainMIX12_EQ_C1200_F3_T1000_flush17_tau100_seed4501_eta0p8,0.9966929246632671,0.9904711659019125,12,1.5999999999999999,48.13083333333333,45070.207083333335,24.094583333333333,24.036249999999995,0.8125,0.7875,24979.381666666664,24903.908750000002,,,,,
grid_threshold,pool_specific,1200.0,3,1000,17,33,35,66,35,1.0,100.0,MIX12_EQ,base,none,none,0,0,0.0,0.8,532,two_pool_grid_threshold_trainMIX12_EQ_C1200_F3_T1000_flush17_tau100_seed532_eta0p8,0.9966929246632671,0.9904711659019125,12,1.5999999999999999,48.13083333333333,45070.207083333335,24.094583333333333,24.036249999999995,0.8125,0.7875,24979.381666666664,24903.908750000002,,,,,
grid_threshold,pool_specific,1200.0,3,1000,17,33,35,66,35,1.0,100.0,MIX12_EQ,base,none,none,0,0,0.0,0.8,6101,two_pool_grid_threshold_trainMIX12_EQ_C1200_F3_T1000_flush17_tau100_seed6101_eta0p8,0.9966929246632671,0.9904711659019125,12,1.5999999999999999,48.13083333333333,45070.207083333335,24.094583333333333,24.036249999999995,0.8125,0.7875,24979.381666666664,24903.908750000002,,,,,
grid_threshold,pool_specific,1200.0,3,1000,17,33,35,66,35,1.0,100.0,MIX12_EQ,base,none,none,0,0,0.0,0.8,777,two_pool_grid_threshold_trainMIX12_EQ_C1200_F3_T1000_flush17_tau100_seed777_eta0p8,0.9966929246632671,0.9904711659019125,12,1.5999999999999999,48.13083333333333,45070.207083333335,24.094583333333333,24.036249999999995,0.8125,0.7875,24979.381666666664,24903.908750000002,,,,,
grid_threshold,pool_specific,1200.0,3,1000,17,33,35,66,35,1.0,100.0,MIX12_EQ,base,none,none,0,0,0.0,0.8,8888,two_pool_grid_threshold_trainMIX12_EQ_C1200_F3_T1000_flush17_tau100_seed8888_eta0p8,0.9966929246632671,0.9904711659019125,12,1.5999999999999999,48.13083333333333,45070.207083333335,24.094583333333333,24.036249999999995,0.8125,0.7875,24979.381666666664,24903.908750000002,,,,,
grid_threshold,pool_specific,1200.0,3,1000,17,33,35,66,35,1.0,100.0,MIX12_EQ,base,none,none,0,0,0.0,0.8,999,two_pool_grid_threshold_trainMIX12_EQ_C1200_F3_T1000_flush17_tau100_seed999_eta0p8,0.9966929246632671,0.9904711659019125,12,1.5999999999999999,48.13083333333333,45070.207083333335,24.094583333333333,24.036249999999995,0.8125,0.7875,24979.381666666664,24903.908750000002,,,,,
grid_threshold,pool_specific,800.0,3,1000,17,33,35,66,35,1.0,100.0,MIX12_EQ,base,none,none,0,0,0.0,0.75,123,two_pool_grid_threshold_trainMIX12_EQ_C800_F3_T1000_flush17_tau100_seed123_eta0p75,0.9887515098676705,0.975258002158156,12,6.045833333333333,74.60958333333333,42023.497083333335,37.37125,37.23833333333334,2.997083333333333,3.04875,24785.599583333333,24698.85583333333,,,,,
grid_threshold,pool_specific,800.0,3,1000,17,33,35,66,35,1.0,100.0,MIX12_EQ,base,none,none,0,0,0.0,0.75,2027,two_pool_grid_threshold_trainMIX12_EQ_C800_F3_T1000_flush17_tau100_seed2027_eta0p75,0.9887515098676705,0.975258002158156,12,6.045833333333333,74.60958333333333,42023.497083333335,37.37125,37.23833333333334,2.997083333333333,3.04875,24785.599583333333,24698.85583333333,,,,,
grid_threshold,pool_specific,800.0,3,1000,17,33,35,66,35,1.0,100.0,MIX12_EQ,base,none,none,0,0,0.0,0.75,323,two_pool_grid_threshold_trainMIX12_EQ_C800_F3_T1000_flush17_tau100_seed323_eta0p75,0.9887515098676705,0.975258002158156,12,6.045833333333333,74.60958333333333,42023.497083333335,37.37125,37.23833333333334,2.997083333333333,3.04875,24785.599583333333,24698.85583333333,,,,,
grid_threshold,pool_specific,800.0,3,1000,17,33,35,66,35,1.0,100.0,MIX12_EQ,base,none,none,0,0,0.0,0.75,3407,two_pool_grid_threshold_trainMIX12_EQ_C800_F3_T1000_flush17_tau100_seed3407_eta0p75,0.9887515098676705,0.975258002158156,12,6.045833333333333,74.60958333333333,42023.497083333335,37.37125,37.23833333333334,2.997083333333333,3.04875,24785.599583333333,24698.85583333333,,,,,
grid_threshold,pool_specific,800.0,3,1000,17,33,35,66,35,1.0,100.0,MIX12_EQ,base,none,none,0,0,0.0,0.75,4501,two_pool_grid_threshold_trainMIX12_EQ_C800_F3_T1000_flush17_tau100_seed4501_eta0p75,0.9887515098676705,0.975258002158156,12,6.045833333333333,74.60958333333333,42023.497083333335,37.37125,37.23833333333334,2.997083333333333,3.04875,24785.599583333333,24698.85583333333,,,,,
grid_threshold,pool_specific,800.0,3,1000,17,33,35,66,35,1.0,100.0,MIX12_EQ,base,none,none,0,0,0.0,0.75,532,two_pool_grid_threshold_trainMIX12_EQ_C800_F3_T1000_flush17_tau100_seed532_eta0p75,0.9887515098676705,0.975258002158156,12,6.045833333333333,74.60958333333333,42023.497083333335,37.37125,37.23833333333334,2.997083333333333,3.04875,24785.599583333333,24698.85583333333,,,,,
grid_threshold,pool_specific,800.0,3,1000,17,33,35,66,35,1.0,100.0,MIX12_EQ,base,none,none,0,0,0.0,0.75,6101,two_pool_grid_threshold_trainMIX12_EQ_C800_F3_T1000_flush17_tau100_seed6101_eta0p75,0.9887515098676705,0.975258002158156,12,6.045833333333333,74.60958333333333,42023.497083333335,37.37125,37.23833333333334,2.997083333333333,3.04875,24785.599583333333,24698.85583333333,,,,,
grid_threshold,pool_specific,800.0,3,1000,17,33,35,66,35,1.0,100.0,MIX12_EQ,base,none,none,0,0,0.0,0.75,777,two_pool_grid_threshold_trainMIX12_EQ_C800_F3_T1000_flush17_tau100_seed777_eta0p75,0.9887515098676705,0.975258002158156,12,6.045833333333333,74.60958333333333,42023.497083333335,37.37125,37.23833333333334,2.997083333333333,3.04875,24785.599583333333,24698.85583333333,,,,,
grid_threshold,pool_specific,800.0,3,1000,17,33,35,66,35,1.0,100.0,MIX12_EQ,base,none,none,0,0,0.0,0.75,8888,two_pool_grid_threshold_trainMIX12_EQ_C800_F3_T1000_flush17_tau100_seed8888_eta0p75,0.9887515098676705,0.975258002158156,12,6.045833333333333,74.60958333333333,42023.497083333335,37.37125,37.23833333333334,2.997083333333333,3.04875,24785.599583333333,24698.85583333333,,,,,
grid_threshold,pool_specific,800.0,3,1000,17,33,35,66,35,1.0,100.0,MIX12_EQ,base,none,none,0,0,0.0,0.75,999,two_pool_grid_threshold_trainMIX12_EQ_C800_F3_T1000_flush17_tau100_seed999_eta0p75,0.9887515098676705,0.975258002158156,12,6.045833333333333,74.60958333333333,42023.497083333335,37.37125,37.23833333333334,2.997083333333333,3.04875,24785.599583333333,24698.85583333333,,,,,
