direction,parent_direction,comparison_reference,evidence_strength,all_run_count,dedup_latest_run_count,seed_count_all,mean_value_accept_ratio_all,std_value_accept_ratio_all,mean_value_accept_ratio_dedup_latest,worst_regime_value_accept_ratio_dedup_latest,mean_drops_dedup_latest,mean_flushes_dedup_latest,mean_eval_money_dedup_latest,best_observed_mean_value_accept_ratio,best_observed_worst_regime_value_accept_ratio,best_observed_mean_eval_money,best_observed_scenario,best_observed_result_path,representative_settings
Basic PPO,PPO/Actor-Critic,Factorized AC / DQN baseline,tentative,15,14,2,0.638200546713168,0.32223680680826927,0.6758092766501715,0.5901185856100856,228.07532738095236,595.8346726190476,20328.661111111112,0.9996253752654923,0.9974631397664752,,basic_ppo_trainMIX12_EQ_C1200_k3_T1000_F3_seed323,src/idea4/ac/results/basic_ppo/runs/basic_ppo_trainMIX12_EQ_C1200_k3_T1000_F3_seed323/20260507_213733_993592/cross_regime_results.json,C1200.0_k12_F3_T1000_seed123; C1200.0_k12_F3_T1000_seed323; C1200.0_k12_F6_T1000_seed123; C1200.0_k24_F3_T1000_seed123; C1200.0_k24_F3_T1000_seed323; C1200.0_k3_F3_T1000_seed123; C1200.0_k3_F3_T1000_seed323; C1200.0_k6_F3_T1000_seed123; C1200.0_k6_F3_T1000_seed323; C800.0_k12_F3_T1000_seed123; C800.0_k12_F3_T1000_seed323; C800.0_k12_F6_T1000_seed123; C800.0_k24_F3_T1000_seed123; C800.0_k24_F3_T1000_seed323
Capacity-only Dual,Dual Branch,Original Dual Branch AC,tentative,5,5,1,0.5905745261026054,0.2536791657686546,0.5905745261026054,0.4737659449066427,285.30924999999996,582.4289166666666,23718.473833333333,0.8032730245076914,0.6774962171038217,33794.47625,dual_branch_capacity_only_trainMIX12_EQ_C1200_k12_T1000_F3_seed123,src/idea4/ac/results/dual_branch_ac/runs/dual_branch_capacity_only_trainMIX12_EQ_C1200_k12_T1000_F3_seed123/20260508_191516_107694/cross_regime_results.json,C1200.0_k12_F3_T1000_seed123; C1200.0_k12_F6_T1000_seed123; C800.0_k12_F3_T1000_seed123; C800.0_k12_F6_T1000_seed123; C800.0_k24_F3_T1000_seed123
DQN baseline,DQN,none,tentative,10,9,2,0.4491836565871543,0.3231478217808065,0.39688431390198875,0.35620750029443987,524.5669791666667,610.32296875,,0.9325542410556203,0.9129752447160491,,baseline_trainMIX12_EQ_C1200_k3_T1000_F3_seed123,src/idea3/results/old_fair_benchmark_results/runs/baseline_trainMIX12_EQ_C1200_k3_T1000_F3_seed123/20260504_015024_611040/cross_regime_results.json,C1200.0_k24_F3_T1000_seed123; C1200.0_k24_F3_T1000_seed323; C1200.0_k3_F3_T1000_seed123; C800.0_k12_F3_T1000_seed123; C800.0_k12_F3_T1000_seed323; C800.0_k24_F3_T1000_seed123; C800.0_k24_F3_T1000_seed323
Dual Critic,Dual Branch,Gate-balanced Dual Branch AC,strong,4,4,4,0.8103605962786751,0.002139812609011262,0.8103605962786751,0.6837208815671325,89.79479166666667,659.4141666666667,33947.387291666666,0.8129149727512318,0.6825967245123116,33992.10875,dual_branch_factorized_ac_gate_balanced_trainMIX12_EQ_C1200_k12_T1000_F3_seed123_dualCritic_coef0p1,src/idea4/ac/results/dual_critic/runs/dual_branch_factorized_ac_gate_balanced_trainMIX12_EQ_C1200_k12_T1000_F3_seed123_dualCritic_coef0p1/20260516_085346_184336/cross_regime_results.json,C1200.0_k12_F3_T1000_seed123; C1200.0_k12_F3_T1000_seed323; C1200.0_k12_F3_T1000_seed532; C1200.0_k12_F3_T1000_seed777
Dual Critic + Aux Risk,Dual Branch,Gate-balanced Dual Branch AC,strong,4,4,4,0.8123035284637767,0.006374590384582181,0.8123035284637767,0.6858145394614442,88.7084375,668.2057291666667,33956.89333333333,0.8206311101952416,0.6924683237691198,34073.76083333334,dual_branch_factorized_ac_auxrisk_trainMIX12_EQ_C1200_k12_T1000_F3_seed123_dualCritic_coef0p1,src/idea4/ac/results/dual_critic/runs/dual_branch_factorized_ac_auxrisk_trainMIX12_EQ_C1200_k12_T1000_F3_seed123_dualCritic_coef0p1/20260516_153742_607618/cross_regime_results.json,C1200.0_k12_F3_T1000_seed123; C1200.0_k12_F3_T1000_seed323; C1200.0_k12_F3_T1000_seed532; C1200.0_k12_F3_T1000_seed777
Factorized AC,PPO/Actor-Critic,DQN baseline,strong,17,16,4,0.648283271305299,0.2998829617833857,0.6804764812054311,0.5857870700020855,219.20476562500002,522.3269791666667,25989.3025,0.9950876120389608,0.9808484046161613,,factorized_ac_trainMIX12_EQ_C1200_k3_T1000_F3_seed123,src/idea4/ac/results/factorized_ac/runs/factorized_ac_trainMIX12_EQ_C1200_k3_T1000_F3_seed123/20260505_212833_781649/cross_regime_results.json,C1200.0_k12_F3_T1000_seed123; C1200.0_k12_F3_T1000_seed323; C1200.0_k12_F3_T1000_seed532; C1200.0_k12_F3_T1000_seed999; C1200.0_k12_F6_T1000_seed123; C1200.0_k24_F3_T1000_seed123; C1200.0_k24_F3_T1000_seed323; C1200.0_k3_F3_T1000_seed123; C1200.0_k3_F3_T1000_seed323; C1200.0_k6_F3_T1000_seed123; C1200.0_k6_F3_T1000_seed323; C800.0_k12_F3_T1000_seed123; C800.0_k12_F3_T1000_seed323; C800.0_k12_F6_T1000_seed123; C800.0_k24_F3_T1000_seed123; C800.0_k24_F3_T1000_seed323
Gate-balanced Dual Branch AC,Dual Branch,Original Dual Branch AC,strong,12,9,5,0.791252425637322,0.12179105196584729,0.7787766869288265,0.6533632591098713,117.34087962962963,693.8992129629629,30208.522333333334,0.8312938172425458,0.698411920709484,,dual_branch_factorized_ac_gate_balanced_trainMIX12_EQ_C1200_k12_T1000_F3_seed323,src/idea4/ac/results/dual_branch_ac/runs/dual_branch_factorized_ac_gate_balanced_trainMIX12_EQ_C1200_k12_T1000_F3_seed323/20260506_211708_693134/cross_regime_results.json,C1200.0_k12_F3_T1000_seed123; C1200.0_k12_F3_T1000_seed323; C1200.0_k12_F3_T1000_seed532; C1200.0_k12_F3_T1000_seed777; C1200.0_k12_F3_T1000_seed999; C1200.0_k24_F3_T1000_seed123
MaskA / Masked Factorized AC,Factorized AC,Factorized AC,tentative,3,2,1,0.09795867929733001,0.012387659368535498,0.09068102174925408,0.04972066009594808,825.1754166666667,139.93416666666667,3136.9175000000005,0.1125139943934819,0.05904218286593951,3822.306666666667,maskA_factorized_ac_trainMIX12_EQ_C800_k24_T1000_F3_seed123_MaskA_hard,src/idea4/ac/results/factorized_ac/runs/maskA_factorized_ac_trainMIX12_EQ_C800_k24_T1000_F3_seed123_MaskA_hard/20260510_120212_307891/cross_regime_results.json,C800.0_k24_F3_T1000_seed123
Original Dual Branch AC,Dual Branch,Factorized AC,strong,15,15,4,0.7839699810370169,0.21446906505913468,0.7839699810370169,0.6816575113234241,132.86808333333335,541.6017777777778,26700.933154761904,0.9954937879270237,0.9809315441784782,,dual_branch_factorized_ac_trainMIX12_EQ_C1200_k3_T1000_F3_seed323,src/idea4/ac/results/dual_branch_ac/runs/dual_branch_factorized_ac_trainMIX12_EQ_C1200_k3_T1000_F3_seed323/20260505_165828_143067/cross_regime_results.json,C1200.0_k12_F3_T1000_seed123; C1200.0_k12_F3_T1000_seed323; C1200.0_k12_F3_T1000_seed532; C1200.0_k12_F3_T1000_seed999; C1200.0_k12_F6_T1000_seed123; C1200.0_k3_F3_T1000_seed123; C1200.0_k3_F3_T1000_seed323; C1200.0_k6_F3_T1000_seed123; C1200.0_k6_F3_T1000_seed323; C800.0_k12_F3_T1000_seed123; C800.0_k12_F6_T1000_seed123; C800.0_k24_F3_T1000_seed123
Residual Risk Dual,Dual Branch,Original Dual Branch AC,tentative,5,5,1,0.6002811606931349,0.25319503860507236,0.6002811606931349,0.4793050503447018,274.4574166666667,603.6423333333333,23991.78066666667,0.8087232063444633,0.679526222051194,33952.02291666667,dual_branch_residual_risk_trainMIX12_EQ_C1200_k12_T1000_F3_seed123,src/idea4/ac/results/dual_branch_ac/runs/dual_branch_residual_risk_trainMIX12_EQ_C1200_k12_T1000_F3_seed123/20260508_194136_365825/cross_regime_results.json,C1200.0_k12_F3_T1000_seed123; C1200.0_k12_F6_T1000_seed123; C800.0_k12_F3_T1000_seed123; C800.0_k12_F6_T1000_seed123; C800.0_k24_F3_T1000_seed123
Reward shaping / money reward,Dual Branch,same model under original reward,tentative,5,5,2,0.002415264608896216,0.0007358512014677262,0.002415264608896216,0.002240061177565865,996.4193333333334,267.2,-3245.8733333333334,0.0037561422416888344,0.0034601145340276834,,dual_branch_factorized_ac_trainMIX12_EQ_C1200_k12_T1000_F3_seed323_rewardMONEY_p1_tau10,src/idea4/ac/results/dual_branch_ac/runs/dual_branch_factorized_ac_trainMIX12_EQ_C1200_k12_T1000_F3_seed323_rewardMONEY_p1_tau10/20260508_135514_790066/cross_regime_results.json,C1200.0_k12_F3_T1000_seed123; C1200.0_k12_F3_T1000_seed323
