hybrid,C,regime,hybrid_money,SC123_money,BF_money,delta_vs_SC,delta_vs_BF,hybrid_settled,hybrid_flushes,SC_settled,SC_flushes,BF_settled,BF_flushes,hybrid_accepted,hybrid_insufficient_drops,hybrid_oversize_drops
H1,800,US,3788.115,3508.94,3766.075,279.1749999999997,22.039999999999964,5693.665,190.555,5513.14,200.42,6010.525,224.445,212.82,11.855,775.325
H1,800,TLS,2389.365,2029.415,2256.845,359.9499999999998,132.51999999999998,3524.065,113.47,3209.565,118.015,3527.345,127.05,135.325,0.195,864.48
H1,800,LNS,4528.12,3917.6,5316.15,610.52,-788.0299999999997,6947.67,241.955,6590.9,267.33,8598.45,328.23,315.155,67.975,616.87
H1,800,TLNS,4257.8,3867.725,4916.16,390.0750000000003,-658.3599999999997,6493.6,223.58,6338.575,247.085,7891.01,297.485,269.96,54.78,675.26
H1,800,TPLS,5577.57,5297.285,5894.555,280.28499999999985,-316.9850000000006,7893.97,231.64,7704.685,240.74,8685.805,279.125,253.925,25.505,720.57
H1,800,PLS,6262.825,5944.585,7134.33,318.2399999999998,-871.5050000000001,9036.275,277.345,8789.185,284.46,10669.03,353.47,299.655,54.155,646.19
H1,800,UB,3459.15,3174.835,3354.875,284.31500000000005,104.27500000000009,5139.3,168.015,4956.185,178.135,5323.525,196.865,190.215,6.87,802.915
H1,800,TLB,2128.41,1803.155,1999.345,325.2549999999999,129.06499999999983,3122.36,99.395,2852.205,104.905,3123.795,112.445,120.085,0.115,879.8
H1,800,LNB,4456.7,3784.07,5138.285,672.6299999999997,-681.585,6832.4,237.57,6385.22,260.115,8311.535,317.325,318.315,62.015,619.67
H1,800,TLNB,4071.13,3637.89,4629.135,433.24000000000024,-558.0050000000001,6200.78,212.965,6003.49,236.56,7446.635,281.75,261.96,49.465,688.575
H1,800,TPLB,4941.245,4654.98,5239.375,286.2650000000003,-298.1300000000001,7002.795,206.155,6807.23,215.225,7771.525,253.215,228.415,25.08,746.505
H1,800,PLB,5480.555,5155.225,6290.765,325.3299999999999,-810.21,7954.955,247.44,7696.175,254.095,9512.815,322.205,269.725,52.825,677.45
H1,1200,US,12182.595,12226.785,13370.06,-44.19000000000051,-1187.4650000000001,17895.145,571.255,17894.685,566.79,17903.31,453.325,507.425,0.245,492.33
H1,1200,TLS,13873.56,13880.72,14881.34,-7.1599999999998545,-1007.7800000000007,19660.76,578.72,19597.47,571.675,19667.79,478.645,512.295,0.215,487.49
H1,1200,LNS,12999.305,12352.96,14120.515,646.3450000000012,-1121.2099999999991,18908.455,590.915,18448.11,609.515,18915.415,479.49,632.175,0.45,367.375
H1,1200,TLNS,13987.55,13470.625,14862.685,516.9249999999993,-875.1350000000002,19916.0,592.845,19623.625,615.3,19924.385,506.17,614.34,0.34,385.32
H1,1200,TPLS,18675.805,19093.12,19177.535,-417.3149999999987,-501.72999999999956,25627.105,695.13,26313.92,722.08,26373.185,719.565,699.945,20.345,279.71
H1,1200,PLS,18006.235,18511.975,18703.44,-505.73999999999796,-697.2049999999981,25002.735,699.65,25821.175,730.92,26072.49,736.905,707.3,30.315,262.385
H1,1200,UB,11025.025,11157.63,12407.95,-132.60499999999956,-1382.925000000001,16619.425,559.44,16616.28,545.865,16621.5,421.355,465.99,0.07,533.94
H1,1200,TLB,11868.08,11973.355,13216.015,-105.27499999999964,-1347.9349999999995,17459.93,559.185,17415.355,544.2,17463.415,424.74,454.55,0.105,545.345
H1,1200,LNB,11890.49,11429.095,13222.765,461.39500000000044,-1332.2749999999996,17704.79,581.43,17328.345,589.925,17711.565,448.88,606.755,0.475,392.77
H1,1200,TLNB,12686.105,12369.705,13819.33,316.39999999999964,-1133.2250000000004,18505.855,581.975,18292.405,592.27,18510.98,469.165,577.58,0.25,422.17
H1,1200,TPLB,17469.55,17815.205,17974.475,-345.6550000000025,-504.9249999999993,24045.9,657.635,24595.405,678.02,24618.575,664.41,649.435,15.655,334.91
H1,1200,PLB,17206.165,17642.94,17830.575,-436.7749999999978,-624.4099999999999,23906.315,670.015,24625.19,698.225,24797.325,696.675,672.1,25.275,302.625
H2,800,US,3763.695,3508.94,3766.075,254.7550000000001,-2.3799999999996544,6006.695,224.3,5513.14,200.42,6010.525,224.445,224.53,0.145,775.325
H2,800,TLS,1673.695,2029.415,2256.845,-355.72,-583.1499999999999,2611.495,93.78,3209.565,118.015,3527.345,127.05,102.885,32.635,864.48
H2,800,LNS,3690.415,3917.6,5316.15,-227.18499999999995,-1625.7349999999997,5967.265,227.685,6590.9,267.33,8598.45,328.23,282.165,100.965,616.87
H2,800,TLNS,3223.475,3867.725,4916.16,-644.25,-1692.685,5151.125,192.765,6338.575,247.085,7891.01,297.485,220.46,104.28,675.26
H2,800,TPLS,5891.55,5297.285,5894.555,594.2650000000003,-3.005000000000109,8681.35,278.98,7704.685,240.74,8685.805,279.125,279.285,0.145,720.57
H2,800,PLS,7120.365,5944.585,7134.33,1175.7799999999997,-13.965000000000146,10648.165,352.78,8789.185,284.46,10669.03,353.47,353.115,0.695,646.19
H2,800,UB,3353.205,3174.835,3354.875,178.3699999999999,-1.6700000000000728,5320.805,196.76,4956.185,178.135,5323.525,196.865,196.98,0.105,802.915
H2,800,TLB,1468.005,1803.155,1999.345,-335.14999999999986,-531.3399999999999,2288.055,82.005,2852.205,104.905,3123.795,112.445,90.47,29.73,879.8
H2,800,LNB,3607.54,3784.07,5138.285,-176.5300000000002,-1530.745,5843.54,223.6,6385.22,260.115,8311.535,317.325,285.63,94.7,619.67
H2,800,TLNB,3059.69,3637.89,4629.135,-578.1999999999998,-1569.4450000000002,4901.49,184.18,6003.49,236.56,7446.635,281.75,214.06,97.365,688.575
H2,800,TPLB,5235.265,4654.98,5239.375,580.2850000000008,-4.109999999999673,7765.465,253.02,6807.23,215.225,7771.525,253.215,253.3,0.195,746.505
H2,800,PLB,6272.43,5155.225,6290.765,1117.205,-18.335000000000036,9485.03,321.26,7696.175,254.095,9512.815,322.205,321.605,0.945,677.45
H2,1200,US,8627.335,12226.785,13370.06,-3599.4500000000007,-4742.725,11475.035,284.77,17894.685,566.79,17903.31,453.325,340.6,167.07,492.33
H2,1200,TLS,10705.73,13880.72,14881.34,-3174.99,-4175.610000000001,14125.58,341.985,19597.47,571.675,19667.79,478.645,378.345,134.165,487.49
H2,1200,LNS,10423.51,12352.96,14120.515,-1929.449999999999,-3697.004999999999,14019.01,359.55,18448.11,609.515,18915.415,479.49,506.665,125.96,367.375
H2,1200,TLNS,10619.545,13470.625,14862.685,-2851.08,-4243.139999999999,14238.545,361.9,19623.625,615.3,19924.385,506.17,468.45,146.23,385.32
H2,1200,TPLS,19177.535,19093.12,19177.535,84.41500000000087,0.0,26373.185,719.565,26313.92,722.08,26373.185,719.565,720.29,0.0,279.71
H2,1200,PLS,18703.44,18511.975,18703.44,191.46500000000015,0.0,26072.49,736.905,25821.175,730.92,26072.49,736.905,737.615,0.0,262.385
H2,1200,UB,8193.62,11157.63,12407.95,-2964.0099999999984,-4214.33,10907.17,271.355,16616.28,545.865,16621.5,421.355,318.0,148.06,533.94
H2,1200,TLB,9733.4,11973.355,13216.015,-2239.955,-3482.615,12831.9,309.85,17415.355,544.2,17463.415,424.74,342.6,112.055,545.345
H2,1200,LNB,9902.475,11429.095,13222.765,-1526.619999999999,-3320.289999999999,13326.025,342.355,17328.345,589.925,17711.565,448.88,494.72,112.51,392.77
H2,1200,TLNB,9986.385,12369.705,13819.33,-2383.3199999999997,-3832.9449999999997,13382.885,339.65,18292.405,592.27,18510.98,469.165,446.215,131.615,422.17
H2,1200,TPLB,17974.475,17815.205,17974.475,159.2699999999968,0.0,24618.575,664.41,24595.405,678.02,24618.575,664.41,665.09,0.0,334.91
H2,1200,PLB,17830.575,17642.94,17830.575,187.63500000000204,0.0,24797.325,696.675,24625.19,698.225,24797.325,696.675,697.375,0.0,302.625
