threshold_mode,eta,val_money,val_value_accept_ratio,val_drops,val_flushes
pool_specific,0.05,-2216.785,1.0,0.0,522.78
pool_specific,0.1,13622.215,1.0,0.0,364.39
pool_specific,0.15,21757.215,1.0,0.0,283.04
pool_specific,0.2,27051.215,1.0,0.0,230.1
pool_specific,0.25,30659.95,0.9999946461401702,0.005,194.01
pool_specific,0.3,33263.3,0.9999720132457182,0.01,167.965
pool_specific,0.35,35273.785,0.9999914076710829,0.01,147.87
pool_specific,0.4,36852.2,0.9999705622898368,0.01,132.075
pool_specific,0.45,38132.525,0.9999070943819055,0.03,119.24
pool_specific,0.5,39172.29,0.9996831081761932,0.115,108.73
pool_specific,0.55,40047.82,0.9993762529249048,0.225,99.82
pool_specific,0.6,40768.515,0.9988313091008478,0.485,92.34
pool_specific,0.65,41356.29,0.9974229750575846,1.17,85.755
pool_specific,0.7,41788.215,0.9942419715655068,2.635,79.835
pool_specific,0.75,42043.23,0.9889864785374078,5.835,74.65
pool_specific,0.8,41966.185,0.9773665412248572,13.74,69.595
pool_specific,0.85,41496.71,0.9586711072567641,28.48,64.93
pool_specific,0.9,40489.14,0.9295786999529699,53.03,60.44
pool_specific,0.95,38380.925,0.8772563522568675,99.655,55.32
