C,seed,h1_money,sc_money,delta,sd,se,ci95_lo,ci95_hi,t,df,p_two_sided_raw,n_positive,n_negative
800,123,4278.415416666667,3897.9754166666667,380.44000000000005,,,,,,,,,
800,323,4127.755833333334,3909.2991666666667,218.45666666666693,,,,,,,,,
800,532,4208.08875,3991.3020833333335,216.7866666666664,,,,,,,,,
800,777,3488.4133333333334,4054.1558333333332,-565.7424999999998,,,,,,,,,
800,999,3961.742083333333,3919.08875,42.653333333333194,,,,,,,,,
800,summary,4012.8830833333336,3954.36425,58.51883333333335,368.854978796809,164.9569612857817,-399.4751143968767,516.5127810635433,0.35475212975069104,4,0.7406887860306264,4,1
1200,123,14322.53875,14327.009583333333,-4.470833333332848,,,,,,,,,
1200,323,11063.848333333333,14381.02125,-3317.1729166666664,,,,,,,,,
1200,532,14900.87125,14221.867916666666,679.003333333334,,,,,,,,,
1200,777,14578.303750000001,14547.966666666667,30.337083333333794,,,,,,,,,
1200,999,14502.777916666666,14387.055833333334,115.7220833333322,,,,,,,,,
1200,summary,13873.668,14372.98425,-499.31624999999985,1599.4084864193685,715.2772198847514,-2485.244186008502,1486.611686008502,-0.698073748357947,4,0.523583180094287,3,2
