eta,val_money,val_value_accept_ratio,val_drops,val_flushes
0.05,2945.715,1.0,0.0,471.155
0.1,18117.215,1.0,0.0,319.44
0.15,25910.715,1.0,0.0,241.505
0.2,30660.215,1.0,0.0,194.01
0.25,33814.215,1.0,0.0,162.47
0.3,36100.715,1.0,0.0,139.605
0.35,37846.215,1.0,0.0,122.15
0.4,39183.215,1.0,0.0,108.78
0.45,40262.715,1.0,0.0,97.985
0.5,41147.795,0.9999423948604631,0.02,89.105
0.55,41898.885,0.9998648894043403,0.05,81.555
0.6,42516.72,0.9997322669017201,0.09,75.31
0.65,43046.54,0.9994485186745499,0.18,69.87
0.7,43470.81,0.998489575413521,0.58,65.145
0.75,43794.7,0.9967644017167975,1.42,61.04
0.8,43905.17,0.9910564175357055,4.705,57.07
0.85,43654.68,0.978636059124335,13.155,53.35
0.9,42888.42,0.9560735068149612,31.425,49.715
0.95,41168.855,0.9143367714858275,68.235,46.005
