contrast_id,family,C,money_delta,settled_delta,flushes_delta,regimes_positive,regimes_negative,flush_cost_delta
A_C800_SC-FAC_minus_JA-PPO,A,800,585.37575,948.78325,36.34075,12,0,363.4075
A_C800_IFAC_minus_JA-PPO,A,800,313.1299166666669,405.7224166666667,9.259249999999998,6,6,92.59249999999997
A_C800_SC-FAC_minus_IFAC,A,800,272.2458333333332,543.0608333333333,27.081500000000002,8,4,270.815
A_C1200_SC-FAC_minus_JA-PPO,A,1200,370.82758333333334,166.7742499999998,-20.405333333333335,12,0,-204.05333333333334
A_C1200_IFAC_minus_JA-PPO,A,1200,95.72466666666696,-726.627,-82.23516666666667,7,5,-822.3516666666667
A_C1200_SC-FAC_minus_IFAC,A,1200,275.1029166666664,893.4012499999998,61.829833333333326,8,4,618.2983333333333
B_C800_SC-FAC_minus_SC-FAC-zero,B,800,-107.0814166666668,-209.36225000000002,-10.228083333333332,2,10,-102.28083333333332
B_C1200_SC-FAC_minus_SC-FAC-zero,B,1200,-106.32691666666688,112.10474999999981,21.843166666666665,2,10,218.43166666666664
C_C800_SC-FAC_minus_BF-T0.5,C,800,-706.9603333333331,-1065.7795,-35.88191666666667,0,12,-358.81916666666666
C_C1200_SC-FAC_minus_BF-T0.5,C,1200,-925.9061666666672,-300.2070000000005,62.569916666666664,0,12,625.6991666666667
