method,C,deterministic,n_training_seeds,n,mean,SD,SE,ci95_low,ci95_high,df,t_critical
JA-PPO,800,False,5,5,3368.9885,449.4754860966149,201.01154822635849,2810.8909708386955,3927.0860291613044,4,2.7764451051977987
IFAC,800,False,5,5,3682.1184166666667,631.6402147467163,282.47809149924456,2897.8335021979733,4466.4033311353605,4,2.7764451051977987
SC-FAC,800,False,5,5,3954.36425,66.66649607621403,29.814163409627515,3871.5868619357725,4037.1416380642277,4,2.7764451051977987
SC-FAC-zero,800,False,5,5,4061.445666666667,299.29938166503047,133.85075260533245,3689.81639976855,4433.074933564783,4,2.7764451051977987
BF-T0.5,800,True,0,0,4661.324583333333,,,,,,
JA-PPO,1200,False,5,5,14002.156666666666,324.7199200085318,145.21916295747423,13598.963632492465,14405.349700840867,4,2.7764451051977987
IFAC,1200,False,5,5,14097.881333333333,404.42702092437855,180.86526214492804,13595.718861550731,14600.043805115934,4,2.7764451051977987
SC-FAC,1200,False,5,5,14372.98425,118.14320245388276,52.83524635328036,14226.290088880514,14519.678411119485,4,2.7764451051977987
SC-FAC-zero,1200,False,5,5,14479.311166666666,98.80235511313904,44.18575647401056,14356.631839384938,14601.990493948395,4,2.7764451051977987
BF-T0.5,1200,True,0,0,15298.890416666667,,,,,,
