path,size,sha256
run_benchmark.py,17413,9d4ed7fb35c13b9bda6bb6c55f3efa8aadd35022d32ed47525e8847a6fab0d52
MAC_RUNTIME_APPROVED.json,5200,62c35c15a4c2e1bf65ac733dbc6b53740d5c35c85c8174d12cdb655b7d0b37f0
run_stage2b_mac.sh,11038,e20a68d42647d3718dc97a53bf247b93c1803c68ee7524e44141a1f3064314e3
stage2b_orchestrator.py,20752,74d52e5c4e1583dfda19a56f72ed133b95dc86e2238f6d2ff4e0d3efa61776cc
README.md,595,93c2a7ffaaf5b8c10f5dfd3e50122eaa69c2b7115a5ec702c21aefad9f9c73ff
SHA256SUMS.txt,16608,8e58350b2dd9cb7af51fae50420ede4159acf81ff7cc320253eb7b8b891d072c
new12/overlap_report.json,5090,d455e1d08d72e3fa4726a68382c751f3832c6458facf83b577f9e524d9714cd5
new12/new12_manifest.json,246952,3a89e6023680752cd76b1eed953353a2d5163b751da1c9c4f3d407a98883cac5
new12/freeze_receipt.json,1842,3706c6364fe3c6320e7fdc8a53b10f706ee4dc836b8c04ee7dcd3d9a3b3bdfc1
output/result.json,745931,9ba7794d1fc94d2f585c5e7ed5fdb86fc3f4421cb9e6d1139fe4734eed13f7bd
output/episodes.csv,1030616,c772eccb917ff5d922c8090991deaeef5ea3a644adbe977bc8d0eeee0c9d365c
output/stage2b_full.log,38328,54b632dd4a531989eb6b4dd83e3e2c05890d348c93fe5e4189b2f84f6956aff3
output/progress_ledger.json,26392,cd312388813433b7166df00da0dff009953be494b2fcdab3802d0b99710b62a3
output/A-EVAL-JA-C800-S999/result.json,745813,8f4e156de4761461a43cc59bde2f8989df0814e95499291deebb4ccfb1325ec7
output/A-EVAL-JA-C800-S999/episodes.csv,1030563,b5534656e459fdadc1b6585c87193339c83ca4e31faeebc6ae9b8752d2c3a12d
output/A-EVAL-SC-C800-S123/result.json,926558,cedd8dfeee72939ee48f949630aa029b022408b9c4fbf5f36e4fdfbb919f035e
output/A-EVAL-SC-C800-S123/diagnostics.json,335083,41f4fe87a38537d293a9008522beb7a213bce862cb8c836330c9058653edcc74
output/A-EVAL-SC-C800-S123/episodes.csv,1006152,ffcbb566f9ee3264bbdedd352d0fed55da13f74e7b304002204db0c09785260b
output/A-EVAL-JA-C800-S532/result.json,745831,d8837d3bd1e0034097826312676da606069f9e07c93299865c1ef030cd3b67b5
output/A-EVAL-JA-C800-S532/episodes.csv,1030535,038bfcf7f9615660d3ae68c12e3883d63dd83fc48047e55a0e339e9993fbf829
output/C-EVAL-BFT05-C800/result.json,743264,594f8d7c89a20baa269465d987b781d9b2124a21a9d756c92f688b60f67e7288
output/C-EVAL-BFT05-C800/episodes.csv,827064,820f8ec0d4ee835697adaa883a7251b2512c712ac8ee3e8e3be36be5490ecd78
output/B-EVAL-ZERO-C1200-S777/result.json,946273,3db757f38bca55096406306d4454eabf3bcc01f90854907acb9c59a78509784a
output/B-EVAL-ZERO-C1200-S777/diagnostics.json,335083,41f4fe87a38537d293a9008522beb7a213bce862cb8c836330c9058653edcc74
output/B-EVAL-ZERO-C1200-S777/episodes.csv,1104864,cbe4962d7318d09c1e99bf0e73c152734b1ec5d159330f40d8e5a83c2778b747
output/A-EVAL-SC-C1200-S999/result.json,946961,e21bf1a10a6125a2910561cdba55fcc424a98e425367506a92ade15ede512813
output/A-EVAL-SC-C1200-S999/diagnostics.json,335083,41f4fe87a38537d293a9008522beb7a213bce862cb8c836330c9058653edcc74
output/A-EVAL-SC-C1200-S999/episodes.csv,1033426,e97edcc1c280ad5aa1093e8e43fccddd4ba375157290b8404fa58add4e80911e
output/A-EVAL-SC-C1200-S532/result.json,946811,cc2b1406e6f3ad211bdaf03774883bcf06efc0f3ab450fbfd4078d3d227c3dea
output/A-EVAL-SC-C1200-S532/diagnostics.json,335083,41f4fe87a38537d293a9008522beb7a213bce862cb8c836330c9058653edcc74
output/A-EVAL-SC-C1200-S532/episodes.csv,1033281,beeb5f44bfa8f6da43b67ddcc037de06a8cf159edfa7541eb9ddde1fdb1e087c
output/A-EVAL-IF-C1200-S532/result.json,766087,56525c565ccb956174ba6c27708972f20bfac8e9669be2923d1ad7cc1abe6ba6
output/A-EVAL-IF-C1200-S532/episodes.csv,1052865,7e5554e81f279cff7da100d5950f2bbfab419b624209c99e0d29ea6dab8eca43
output/A-EVAL-JA-C1200-S532/result.json,763395,2ace64d3f175e8d8946a4dbdc6303a31da1f3b6a355bb0a9a204652bf117992d
output/A-EVAL-JA-C1200-S532/episodes.csv,1055286,b42262214b695747184cb8cb1c645c9ea6c0bea195292d3bb98f56edd9ac6cdc
output/A-EVAL-IF-C1200-S999/result.json,767206,f89563c4e51cf60816fa133c01d6c400cab2d12b776b683b7579d753b6b983fe
output/A-EVAL-IF-C1200-S999/episodes.csv,1053932,686b51177bf72b56c4c87edd549ab8eb1e14779a01b4bc3deb5e2e3d53e7f490
output/A-EVAL-JA-C1200-S999/result.json,765569,f6bc207648765a91ae43206a13369ca584cc1ab9118a5d341f8ed84dedb57d40
output/A-EVAL-JA-C1200-S999/episodes.csv,1057236,c4cd7a93414cef4a4b15db809c7135930546786bfe9d7f2c864a7d8f641f73a0
output/B-EVAL-ZERO-C1200-S323/result.json,946209,cd36e0bad1d6c4e8b03453b32aa4975a21e221a475c6b71a1e524c626bf5c219
output/B-EVAL-ZERO-C1200-S323/diagnostics.json,335083,41f4fe87a38537d293a9008522beb7a213bce862cb8c836330c9058653edcc74
output/B-EVAL-ZERO-C1200-S323/episodes.csv,1090050,b5d6b8d974249648adbda4161524afc02b8673501320a7334fb832f0b0753f2a
output/A-EVAL-SC-C1200-S323/result.json,946361,263529c9df46659a29262b41ab9a787b726988d44958fe6978bf44057d4d740f
output/A-EVAL-SC-C1200-S323/diagnostics.json,335083,41f4fe87a38537d293a9008522beb7a213bce862cb8c836330c9058653edcc74
output/A-EVAL-SC-C1200-S323/episodes.csv,1032827,fc076e54058173f01fdd748e49a9edf703d301ddf18ef4e7538cdfaf07428ec6
output/B-EVAL-ZERO-C1200-S999/result.json,946681,e712a9e8b647814d8619bb32098a7127617280c801201270df2af6dc3b65ac0e
output/B-EVAL-ZERO-C1200-S999/diagnostics.json,335083,41f4fe87a38537d293a9008522beb7a213bce862cb8c836330c9058653edcc74
output/B-EVAL-ZERO-C1200-S999/episodes.csv,1105241,9a5d6593a63ad7c681945381ac130044209acd142da740d69bfe9886b380a65c
output/B-EVAL-ZERO-C1200-S532/result.json,946696,6759ac86b26408d6c26814bbb1f539f5304804609b84953f7879b498b22b622a
output/B-EVAL-ZERO-C1200-S532/diagnostics.json,335083,41f4fe87a38537d293a9008522beb7a213bce862cb8c836330c9058653edcc74
output/B-EVAL-ZERO-C1200-S532/episodes.csv,1090555,7b3fffd3a1b2b6579def231de5f728700d48a3f649889119071d6efd2f30ec19
output/A-EVAL-JA-C1200-S323/result.json,766151,0b7eb7c1b1e3554aeec16da8b8296ad712393905e6bd331ccaf54fc34161dde7
output/A-EVAL-JA-C1200-S323/episodes.csv,1057802,9dce5d4106c0c8895d6200145d2ef7bdbe6ea3dd46ffd75b22fec19fd920fc9c
output/A-EVAL-IF-C1200-S323/result.json,765783,18e9db541c3c3e92caefe1862885c7d7aa1234a608205008f93bb60ff759a5c4
output/A-EVAL-IF-C1200-S323/episodes.csv,1052442,4bc994ef7bf3cad85ac121cb31e526bf3c8dbddd70c2c22519222c535f313e31
output/A-EVAL-SC-C1200-S777/result.json,945246,8d086060ec1166e23060019312e0ad57b01957a3d1547e1fdc5e79faf949ddf8
output/A-EVAL-SC-C1200-S777/diagnostics.json,335083,41f4fe87a38537d293a9008522beb7a213bce862cb8c836330c9058653edcc74
output/A-EVAL-SC-C1200-S777/episodes.csv,1031705,81d4673a423b4a8c24e0daded2b64b43cfe57135931178e189be320b9aa4264f
output/B-EVAL-ZERO-C800-S123/result.json,927417,6c2859a13e19be1338c157a17769ed90205d8f15a225b18ee19aeb9785babadc
output/B-EVAL-ZERO-C800-S123/diagnostics.json,335083,41f4fe87a38537d293a9008522beb7a213bce862cb8c836330c9058653edcc74
output/B-EVAL-ZERO-C800-S123/episodes.csv,1064347,c2cfe9ced5caceb0fee8e33fa67a751940b203389d1c87cb0e611b5ecf6a6ae7
output/A-EVAL-JA-C1200-S777/result.json,765765,398ed196e648f80ecf07e958fcb5ea788b078302ee9e17ca837bbdf514dd5c4f
output/A-EVAL-JA-C1200-S777/episodes.csv,1057505,6e7e09c2078d3eeb3c03ff6c2494d7387da725b6d814132ba485d5452207fc49
output/A-EVAL-IF-C1200-S777/result.json,766186,2e6e0505c31498d2650eacb05470e81c44aaf28c8efdfd53e3cf7faea1d5ff9a
output/A-EVAL-IF-C1200-S777/episodes.csv,1052967,7067f3c584a0e9a3d4db557a23a7eaca6fdfe22ea3d8fa049c6360e0ef9ac810
output/A-EVAL-IF-C800-S123/result.json,744950,9323473da2b875dbe7467b010cd3bb3b5c14769692ddd4875c994ee405c92917
output/A-EVAL-IF-C800-S123/episodes.csv,1024907,596bbb1df69a882cc5afd3382905962889e15ff26142972c5058ee510cacd79c
output/A-EVAL-JA-C800-S323/result.json,746087,99a743e0ebba205e7e30aaa4a706068d77cf2260aa31148ee5c3bf47ae7ce27c
output/A-EVAL-JA-C800-S323/episodes.csv,1030788,49b74102b4252da307913adcf6f8bbd6811fe74be87f0e4e93b10fbf468274a9
output/A-EVAL-JA-C800-S777/result.json,745821,2fb345efbee02b645d3b7f18fd756bc8652234d0e87d8beaea975092c13490e1
output/A-EVAL-JA-C800-S777/episodes.csv,1030436,81c0f960aaacaf837a1c3659de162dd8ff69a2d37d0a8ffa5b8677c3901bcd05
output/_logs/B-EVAL-ZERO-C800-S323.log,2329,d0d645af7bf6c852af79c2d6f81d72ff0a465e1feb3f19f49eeb8e8ffb523245
output/_logs/B-EVAL-ZERO-C800-S532.log,2329,4580c9abfb28171761210d33ef69bfc7be800877bec489854af88e18e5ebc76b
output/_logs/A-EVAL-JA-C800-S777.log,2145,3a13adbe88043e75a33d55394be80670f7fde40ede8c5e2d2149bde4e3a534e4
output/_logs/A-EVAL-SC-C1200-S777.log,2251,90857b676ea1c8804e97448766d12a27ccf6e0c266b2fd444ba88737abd2df3a
output/_logs/A-EVAL-JA-C1200-S999.log,2155,541c271e80787131cf52fd2f57560bb1e8e8d289d39332713d51cff9dba263a3
output/_logs/B-EVAL-ZERO-C1200-S999.log,2085,f8b1c7a4ac8640d634b7a7dbae4e08cfdee9bd3de6108645bbc5df4c606a9e50
output/_logs/A-EVAL-JA-C1200-S323.log,2155,34a9d7caef48b88f5fa171a09fed20bbe0618cffdd7fc3dfaf85efc675fe3c3c
output/_logs/B-EVAL-ZERO-C1200-S323.log,2339,9edd13797e53c711ab4fd67bb3cd2ca097309e5892cdac1f3cd4b9c251c2bb53
output/_logs/A-EVAL-JA-C1200-S532.log,2155,adc2639a1441f7d6f81099104b8ed4da72b4f23491248f60aed032209ed92363
output/_logs/B-EVAL-ZERO-C1200-S123.log,2339,c8e5104be7277d94cf67994ee7c924bfb14eb6a687c02b7d6542210432e72f9b
output/_logs/B-EVAL-ZERO-C1200-S532.log,2339,ab3558b00a9397e95e5d8dd4b9feb887bec498f0d61e30857354ef68d4fc21c5
output/_logs/A-EVAL-JA-C1200-S123.log,2155,6855edbe0a602b72808057964905da20dc7394ed8178cd69014d6e5a848cab79
output/_logs/A-EVAL-SC-C800-S777.log,2241,6ef9af20863ad3935f6d2c04bb67f4a3593221e7a07bd8626d9ffcb995c00ac1
output/_logs/A-EVAL-IF-C1200-S777.log,2141,6d1db3854c08e18d5e15b26e5a5a21c1d89e629487afd9f73d352f2782fc7b1a
output/_logs/A-EVAL-IF-C800-S777.log,2138,fb7a20ced81afac1607dc4cbb06487f50f7fb4fc6ded2c4b6c434930b8c6787e
output/_logs/B-EVAL-ZERO-C800-S999.log,2084,722d24e429553c0e701609c821891e61e1879271c4167d7d4fd9765f2d08e9db
output/_logs/C-EVAL-BFT05-C1200.log,2063,50c9c0aa54a2239aa7c9d031a26f87509ed1ac07df3f0972b6b2276929a4f2d7
output/_logs/A-EVAL-SC-C800-S999.log,2233,ad93dc61ef0e1e776565a680ad6d706718de5b6dd35b2509f386e0aac1773d66
output/_logs/A-EVAL-SC-C1200-S323.log,2244,85d42e52d7c931d95013fe4085c362d505ae13983e7768259d9202832a5673d5
output/_logs/A-EVAL-IF-C1200-S999.log,2149,dcecb6986a3e1a8016f82246d6876555d77c80e6ceecc0226bda61905e1be8a0
output/_logs/A-EVAL-SC-C1200-S123.log,2251,8913d3e689ed8a4788b236a44b5e87336a88a48862003a9eae053eeae50cdd43
output/_logs/A-EVAL-SC-C1200-S532.log,2251,828d3b89a3a8646271fc3bd804822aa31fa3b4705d07adc4884f4e130f36b785
output/_logs/B-EVAL-ZERO-C800-S777.log,2075,ef01981484f692922aba54133f2d037cf30bedd9f4fd3a4241208124118c35f1
output/_logs/A-EVAL-JA-C800-S123.log,2144,0fd1fd6f0eca137c5542ea362684026a1f5ca1eca87ab3ddab1e4981e8d2d4a2
output/_logs/A-EVAL-JA-C800-S532.log,2144,2fd975d9b9919c3990ea0bdf8fdca86c31032029e217112dbc5fe3a84c5e34ec
output/_logs/A-EVAL-IF-C800-S999.log,2138,4cb9d9725e57c15394937cc0ca6292f503e6be799bcf0485f0c2d89b9323baa5
output/_logs/A-EVAL-JA-C800-S323.log,2135,f383aa3c297f7040d8aefbeca785d724637949822b2ab7904914759c7ace41e4
output/_logs/A-EVAL-IF-C800-S323.log,2129,56949c322152fb42764e9efc7355e9b1ec1631463e5b31766a05817ad8c77d8e
output/_logs/A-EVAL-JA-C800-S999.log,2144,e543fc4ae6af532542239fadbb688ebaea95784d0fdcd03b7cce035db8ec0bea
output/_logs/A-EVAL-IF-C800-S532.log,2129,1b500ec6a312356562fc78f9048b7f8dc741619df96afa32b0b9776315efb9f0
output/_logs/A-EVAL-JA-C1200-S777.log,2146,31a1c7772788fefe0b013d89c5ac3b1a566589a398a6cdbc274ec7f5ecc07c42
output/_logs/A-EVAL-IF-C1200-S123.log,2149,321f59617d12233be18e82840258ae96f3d522b6bf98f574530323a6becc1ebc
output/_logs/B-EVAL-ZERO-C1200-S777.log,2085,1a4221c552c639f08df7d9ef9d1b20ccf654b85b1b499e6d1e08c4ce1d649862
output/_logs/A-EVAL-SC-C800-S532.log,2241,0acc688dc29377c542b0bdfe195e2893a4a7a7b76c88210f5d4e8cf79fdeef95
output/_logs/A-EVAL-IF-C1200-S532.log,2142,80e799c428a2e844fbd8c8fb5051be19e8e4609fa466156b7d4ea471f462c8c8
output/_logs/A-EVAL-IF-C1200-S323.log,2149,69fe31ccb91c0ce9a96b4affdb829fc45c1d3bbf6c1c1f776d8695b1d9f5f878
output/_logs/A-EVAL-SC-C800-S323.log,2241,2c1164a646df33910d6435ca39d46879a84484622b9be31ce5b4964e5a643491
output/_logs/A-EVAL-SC-C1200-S999.log,2251,03d03fdec55f3119e084c1d5178b98a6d94e7af6bfd7dd0b61cfcaa632b0e3eb
output/A-EVAL-SC-C800-S777/result.json,926376,052d2cc22839ab7cf246cd14ad3d4602039e46b3a7a32ba621aee012e21372f9
output/A-EVAL-SC-C800-S777/diagnostics.json,335083,41f4fe87a38537d293a9008522beb7a213bce862cb8c836330c9058653edcc74
output/A-EVAL-SC-C800-S777/episodes.csv,1005907,a937f3899e6b01a3586bcd3f2d41f295d69365d79eca822f6a758eaca9e1aba7
output/A-EVAL-SC-C800-S323/result.json,926653,e36941ebebcc86df9eb59fa9894eaf379600510125f3dc60a7d4fb07ca169817
output/A-EVAL-SC-C800-S323/diagnostics.json,335083,41f4fe87a38537d293a9008522beb7a213bce862cb8c836330c9058653edcc74
output/A-EVAL-SC-C800-S323/episodes.csv,1006251,cbcf852381c4332105bc9c61c0ac94b24fdef98d1040e3e37dc4ec074a4cd6de
output/A-EVAL-IF-C800-S532/result.json,745087,3f4f583b0ab2188455969a417a4bb4e2a55be60bb02253a9572d4206012d8cdc
output/A-EVAL-IF-C800-S532/episodes.csv,1024840,823d49a5936bdc841f311ab3f58b3525496450d9cefb699552ec585ebccdab5b
output/A-EVAL-IF-C800-S999/result.json,745796,e7acc9b35f7bc7a422480b404a1dead5851a9b6e3900d013e984b98866f733d2
output/A-EVAL-IF-C800-S999/episodes.csv,1025580,119827102ecece61b630c3bbf324ba8f56e39d0d6d4140cc2e935b6fe7d320a4
output/B-EVAL-ZERO-C800-S532/result.json,926871,ff917daa59c4d79b01b0866e947ecae18efce520e44c25b28bb2885027f8b8c0
output/B-EVAL-ZERO-C800-S532/diagnostics.json,335083,41f4fe87a38537d293a9008522beb7a213bce862cb8c836330c9058653edcc74
output/B-EVAL-ZERO-C800-S532/episodes.csv,1063859,a7ef31e9f6c0f7098a513730b75662b76ef468ccd8edeaf5c6af58bf0c7fb561
output/B-EVAL-ZERO-C800-S999/result.json,926148,367b5a3d3a507bdce8e2ffd8acd946391f6d8aa8fc9e18f1057f85a9dfa40790
output/B-EVAL-ZERO-C800-S999/diagnostics.json,335083,41f4fe87a38537d293a9008522beb7a213bce862cb8c836330c9058653edcc74
output/B-EVAL-ZERO-C800-S999/episodes.csv,1077748,58041c395cfd65af41a119ffbffbdc2fe177332dc8782087b384ae987a40e57f
output/B-EVAL-ZERO-C1200-S123/result.json,946768,2ca5e93a8de6ace598a329ad74c353e27956f852234d4a10ab3650ccb0041e64
output/B-EVAL-ZERO-C1200-S123/diagnostics.json,335083,41f4fe87a38537d293a9008522beb7a213bce862cb8c836330c9058653edcc74
output/B-EVAL-ZERO-C1200-S123/episodes.csv,1090618,8e377c258bab00f28b75d652898b90d1f713c86afae4bb0015f692a1d24c6a94
output/B-EVAL-ZERO-C800-S777/result.json,926031,401f6a5ad10fd40a214a67b15810af5ed9792ddd55808e0fa3de5be97eb2244c
output/B-EVAL-ZERO-C800-S777/diagnostics.json,335083,41f4fe87a38537d293a9008522beb7a213bce862cb8c836330c9058653edcc74
output/B-EVAL-ZERO-C800-S777/episodes.csv,1077744,9adcd8afe1d4a3caf06d4eba6c846b892747485a3d5cf00c045247692524c4d1
output/A-EVAL-IF-C1200-S123/result.json,765681,b984d29a70e098cf98c130e4c9d2a4f6972dcbe3605fd25a8336dfb55f98ad65
output/A-EVAL-IF-C1200-S123/episodes.csv,1052494,4e34cc69c1816e8b1b4f95071cc75170501d49733274cee7c5d7521b9a078064
output/A-EVAL-JA-C1200-S123/result.json,763689,99571c98699399cba6170255b459cf98cb4e135ab9b1730a7dbe53a263a0c669
output/A-EVAL-JA-C1200-S123/episodes.csv,1055278,0cb72bb0313f1a056036e013ec0624a0634c1c6719ee3817016c8b178a5ade8f
output/A-EVAL-SC-C1200-S123/result.json,945722,8a9976379e88462f2e7e3bfea418c47375bc7e9b88fcf83957f3797e4c19bfd2
output/A-EVAL-SC-C1200-S123/diagnostics.json,335083,41f4fe87a38537d293a9008522beb7a213bce862cb8c836330c9058653edcc74
output/A-EVAL-SC-C1200-S123/episodes.csv,1032182,ce1b7d3971923b6b9b167d38850253395a543954bc9ec62ed4de7aa851f10932
output/B-EVAL-ZERO-C800-S323/result.json,926408,45fd9cd44564f406832670de93849badff6c16f62e50704b7317745a61b964d0
output/B-EVAL-ZERO-C800-S323/diagnostics.json,335083,41f4fe87a38537d293a9008522beb7a213bce862cb8c836330c9058653edcc74
output/B-EVAL-ZERO-C800-S323/episodes.csv,1063454,cdd38730c34ebb98df7569d9317cc399fdac60a99913cf993d0fc6d8a4b56df3
output/A-EVAL-JA-C800-S123/result.json,745824,515d5c724c82dd6dd358b6d627a097b37cf1b74e289b2c003005f894fcb39c0a
output/A-EVAL-JA-C800-S123/episodes.csv,1030616,c772eccb917ff5d922c8090991deaeef5ea3a644adbe977bc8d0eeee0c9d365c
output/A-EVAL-SC-C800-S999/result.json,926526,b6f58a83e0ee950563f58c986c613d3a36a687a2ea86d2033547fa03445516d8
output/A-EVAL-SC-C800-S999/diagnostics.json,335083,41f4fe87a38537d293a9008522beb7a213bce862cb8c836330c9058653edcc74
output/A-EVAL-SC-C800-S999/episodes.csv,1006119,0797eac440d8f341cbc43553b85ac5d599ede560745d7c0f0cac1d6869183562
output/A-EVAL-SC-C800-S532/result.json,926394,793a8f8de45cb036d09815a4efadcfef01d86bb500795dc53411a72495657bc1
output/A-EVAL-SC-C800-S532/diagnostics.json,335083,41f4fe87a38537d293a9008522beb7a213bce862cb8c836330c9058653edcc74
output/A-EVAL-SC-C800-S532/episodes.csv,1006024,31f00c8fa96104d36a74cae90dd308c6caf0d9ed8641fc996c56899a3b224d6a
output/A-EVAL-IF-C800-S323/result.json,744551,9a08b61ef9db42fb9426ea3430e594889bc1b4ee7bbde55f326b4852b6193e85
output/A-EVAL-IF-C800-S323/episodes.csv,1024235,12dc2bb164da996d2c2e16a2ece5ff0e0520bac4d4fd8963888f2c1fd5cbae3f
output/C-EVAL-BFT05-C1200/result.json,762934,8a6337d45926858219f00fcf6e865a9fa90b31fadcbb0d4fc4466b40049c4834
output/C-EVAL-BFT05-C1200/episodes.csv,853611,dcd5e717ae88bb429fa9b94a040dafd31ade35b57d5ef4b73fa686b3c2deeb03
output/A-EVAL-IF-C800-S777/result.json,745363,196d30f8492883db80d551a852f6e094f395549f4a87606ef8424e665652688b
output/A-EVAL-IF-C800-S777/episodes.csv,1025267,e31b7e44761c3112d4158628308dda25c7eae18bed853318e1d49c80a04e9c12
research/AAMAS_ARTIFACT_MANIFEST.csv,146469,4b5f2ac5cb779b29b22b8f15683b1040ef9a079ad548b7b6f526f738c6654d75
research/STAGE2_JOB_MATRIX.csv,27838,74008529f8edb7b441e35c70dba94bcd75e1257314d98c4b2144681fb84cdcf8
