job_id,method,C,training_seed,cohort,regime,n_episodes,money,settled,flushes,drops,oversize_drops,insufficient_drops,accepted_count,total_tx_count,total_requested_value,value_accept_ratio,count_accept_ratio,utilization
A-EVAL-IF-C1200-S123,IFAC,1200,123,historical_recovered,US,200,12809.405,17791.455,498.205,495.175,492.33,2.845,504.825,1000.0,50036.865,0.3556869714483721,0.504825,0.0148262125
A-EVAL-IF-C1200-S123,IFAC,1200,123,historical_recovered,TLS,200,14533.1,19569.95,503.685,489.67,487.49,2.18,510.33,1000.0,50034.17,0.3912214734695211,0.5103300000000001,0.016308291666666665
A-EVAL-IF-C1200-S123,IFAC,1200,123,historical_recovered,LNS,200,12250.92,17385.02,513.41,403.915,367.375,36.54,596.085,1000.0,49506.24,0.35138577147814914,0.596085,0.014487516666666667
A-EVAL-IF-C1200-S123,IFAC,1200,123,historical_recovered,TLNS,200,13240.535,18562.735,532.22,418.2,385.32,32.88,581.8,1000.0,49090.1,0.3782930582471146,0.5818,0.015468945833333334
A-EVAL-IF-C1200-S123,IFAC,1200,123,historical_recovered,TPLS,200,19145.155,26235.755,709.06,283.46,279.71,3.75,716.54,1000.0,47760.775,0.5495906874889935,0.71654,0.021863129166666665
A-EVAL-IF-C1200-S123,IFAC,1200,123,historical_recovered,PLS,200,18319.03,25432.58,711.355,280.39,262.385,18.005,719.61,1000.0,48725.25,0.522276531498317,0.71961,0.021193816666666667
A-EVAL-IF-C1200-S123,IFAC,1200,123,historical_recovered,UB,200,11978.965,16588.715,460.975,534.76,533.94,0.82,465.24,1000.0,53402.855,0.31078482772539684,0.46524,0.013823929166666667
A-EVAL-IF-C1200-S123,IFAC,1200,123,historical_recovered,TLB,200,12922.495,17410.895,448.84,546.495,545.345,1.15,453.505,1000.0,53521.565,0.3255128363735471,0.453505,0.014509079166666666
A-EVAL-IF-C1200-S123,IFAC,1200,123,historical_recovered,LNB,200,11492.12,16423.32,493.12,423.135,392.77,30.365,576.865,1000.0,52411.3,0.31363713862485026,0.576865,0.0136861
A-EVAL-IF-C1200-S123,IFAC,1200,123,historical_recovered,TLNB,200,12377.17,17441.57,506.44,447.81,422.17,25.64,552.19,1000.0,51750.04,0.33724921625725673,0.5521900000000001,0.014534641666666667
A-EVAL-IF-C1200-S123,IFAC,1200,123,historical_recovered,TPLB,200,17962.845,24511.495,654.865,337.845,334.91,2.935,662.155,1000.0,50506.46,0.48557986323418534,0.662155,0.020426245833333332
A-EVAL-IF-C1200-S123,IFAC,1200,123,historical_recovered,PLB,200,17519.11,24258.21,673.91,318.025,302.625,15.4,681.975,1000.0,51449.96,0.47182297624544406,0.681975,0.020215175
A-EVAL-IF-C1200-S323,IFAC,1200,323,historical_recovered,US,200,12772.515,17759.915,498.74,495.975,492.33,3.645,504.025,1000.0,50036.865,0.3550499894132432,0.5040250000000001,0.014799929166666666
A-EVAL-IF-C1200-S323,IFAC,1200,323,historical_recovered,TLS,200,14391.43,19375.63,498.42,494.155,487.49,6.665,505.845,1000.0,50034.17,0.3873332604446665,0.505845,0.016146358333333333
A-EVAL-IF-C1200-S323,IFAC,1200,323,historical_recovered,LNS,200,12104.41,17082.76,497.835,411.79,367.375,44.415,588.21,1000.0,49506.24,0.34528174109668847,0.58821,0.014235633333333334
A-EVAL-IF-C1200-S323,IFAC,1200,323,historical_recovered,TLNS,200,13062.175,18244.925,518.275,426.265,385.32,40.945,573.735,1000.0,49090.1,0.3718166379996846,0.573735,0.015204104166666666
A-EVAL-IF-C1200-S323,IFAC,1200,323,historical_recovered,TPLS,200,18878.785,25843.785,696.5,294.15,279.71,14.44,705.85,1000.0,47760.775,0.5413465413098438,0.70585,0.0215364875
A-EVAL-IF-C1200-S323,IFAC,1200,323,historical_recovered,PLS,200,17585.2,24374.65,678.945,310.52,262.385,48.135,689.48,1000.0,48725.25,0.5005006524975864,0.68948,0.020312208333333335
A-EVAL-IF-C1200-S323,IFAC,1200,323,historical_recovered,UB,200,11933.74,16584.34,465.06,534.905,533.94,0.965,465.095,1000.0,53402.855,0.31069931748461116,0.465095,0.013820283333333334
A-EVAL-IF-C1200-S323,IFAC,1200,323,historical_recovered,TLB,200,12795.41,17294.26,449.885,549.15,545.345,3.805,450.85,1000.0,53521.565,0.3233283383305695,0.45085000000000003,0.014411883333333333
A-EVAL-IF-C1200-S323,IFAC,1200,323,historical_recovered,LNB,200,11393.245,16186.445,479.32,429.335,392.77,36.565,570.665,1000.0,52411.3,0.3091054804213234,0.570665,0.013488704166666667
A-EVAL-IF-C1200-S323,IFAC,1200,323,historical_recovered,TLNB,200,12262.305,17213.555,495.125,453.545,422.17,31.375,546.455,1000.0,51750.04,0.33283662409721043,0.546455,0.014344629166666666
A-EVAL-IF-C1200-S323,IFAC,1200,323,historical_recovered,TPLB,200,17870.465,24375.865,650.54,341.565,334.91,6.655,658.435,1000.0,50506.46,0.48287575540882255,0.658435,0.020313220833333333
A-EVAL-IF-C1200-S323,IFAC,1200,323,historical_recovered,PLB,200,16894.28,23355.88,646.16,343.63,302.625,41.005,656.37,1000.0,51449.96,0.4541739769147313,0.65637,0.019463233333333333
A-EVAL-IF-C1200-S532,IFAC,1200,532,historical_recovered,US,200,12628.64,17704.59,507.595,497.38,492.33,5.05,502.62,1000.0,50036.865,0.3539437997712274,0.50262,0.014753825
A-EVAL-IF-C1200-S532,IFAC,1200,532,historical_recovered,TLS,200,14249.905,19408.105,515.82,493.415,487.49,5.925,506.585,1000.0,50034.17,0.38797927621290934,0.506585,0.016173420833333334
A-EVAL-IF-C1200-S532,IFAC,1200,532,historical_recovered,LNS,200,12074.855,17110.555,503.57,411.145,367.375,43.77,588.855,1000.0,49506.24,0.3458463215936903,0.588855,0.014258795833333334
A-EVAL-IF-C1200-S532,IFAC,1200,532,historical_recovered,TLNS,200,13019.195,18237.995,521.88,426.735,385.32,41.415,573.265,1000.0,49090.1,0.3716762461675422,0.573265,0.015198329166666667
A-EVAL-IF-C1200-S532,IFAC,1200,532,historical_recovered,TPLS,200,18458.145,25292.095,683.395,309.245,279.71,29.535,690.755,1000.0,47760.775,0.5297792640304022,0.690755,0.021076745833333334
A-EVAL-IF-C1200-S532,IFAC,1200,532,historical_recovered,PLS,200,17333.955,24061.205,672.725,319.41,262.385,57.025,680.59,1000.0,48725.25,0.49407737600237045,0.68059,0.020051004166666667
A-EVAL-IF-C1200-S532,IFAC,1200,532,historical_recovered,UB,200,11681.435,16527.085,484.565,536.34,533.94,2.4,463.66,1000.0,53402.855,0.309625557019076,0.46366,0.013772570833333332
A-EVAL-IF-C1200-S532,IFAC,1200,532,historical_recovered,TLB,200,12460.49,17322.49,486.2,548.515,545.345,3.17,451.485,1000.0,53521.565,0.32385397997202997,0.451485,0.014435408333333333
A-EVAL-IF-C1200-S532,IFAC,1200,532,historical_recovered,LNB,200,11341.285,16201.535,486.025,429.07,392.77,36.3,570.93,1000.0,52411.3,0.30939297765773427,0.5709299999999999,0.013501279166666666
A-EVAL-IF-C1200-S532,IFAC,1200,532,historical_recovered,TLNB,200,12209.415,17240.115,503.07,452.995,422.17,30.825,547.005,1000.0,51750.04,0.333343958157869,0.5470050000000001,0.0143667625
A-EVAL-IF-C1200-S532,IFAC,1200,532,historical_recovered,TPLB,200,17550.535,23970.285,641.975,352.6,334.91,17.69,647.4,1000.0,50506.46,0.47483184696588077,0.6474,0.0199752375
A-EVAL-IF-C1200-S532,IFAC,1200,532,historical_recovered,PLB,200,16683.47,23100.62,641.715,350.96,302.625,48.335,649.04,1000.0,51449.96,0.44924508991716644,0.6490400000000001,0.019250516666666665
A-EVAL-IF-C1200-S777,IFAC,1200,777,historical_recovered,US,200,12619.73,17491.88,487.215,502.975,492.33,10.645,497.025,1000.0,50036.865,0.34967920057356117,0.497025,0.014576566666666667
A-EVAL-IF-C1200-S777,IFAC,1200,777,historical_recovered,TLS,200,14270.05,19170.05,490.0,499.015,487.49,11.525,500.985,1000.0,50034.17,0.383215353333089,0.500985,0.015975041666666665
A-EVAL-IF-C1200-S777,IFAC,1200,777,historical_recovered,LNS,200,11966.635,16753.535,478.69,420.335,367.375,52.96,579.665,1000.0,49506.24,0.33863691120138045,0.579665,0.013961279166666667
A-EVAL-IF-C1200-S777,IFAC,1200,777,historical_recovered,TLNS,200,12767.845,17717.095,494.925,439.845,385.32,54.525,560.155,1000.0,49090.1,0.3610655800918514,0.560155,0.014764245833333333
A-EVAL-IF-C1200-S777,IFAC,1200,777,historical_recovered,TPLS,200,17996.685,24619.235,662.255,327.59,279.71,47.88,672.41,1000.0,47760.775,0.5156544541876287,0.6724100000000001,0.020516029166666668
A-EVAL-IF-C1200-S777,IFAC,1200,777,historical_recovered,PLS,200,16878.865,23390.765,651.19,338.355,262.385,75.97,661.645,1000.0,48725.25,0.4802800139590278,0.661645,0.019492304166666665
A-EVAL-IF-C1200-S777,IFAC,1200,777,historical_recovered,UB,200,11864.945,16490.495,462.555,537.31,533.94,3.37,462.69,1000.0,53402.855,0.30893146555621737,0.46269,0.013742079166666667
A-EVAL-IF-C1200-S777,IFAC,1200,777,historical_recovered,TLB,200,12673.515,17265.665,459.215,549.805,545.345,4.46,450.195,1000.0,53521.565,0.322787976231923,0.450195,0.014388054166666667
A-EVAL-IF-C1200-S777,IFAC,1200,777,historical_recovered,LNB,200,11280.07,15909.62,462.955,436.29,392.77,43.52,563.71,1000.0,52411.3,0.3038121584994657,0.56371,0.013258016666666667
A-EVAL-IF-C1200-S777,IFAC,1200,777,historical_recovered,TLNB,200,12058.705,16838.005,477.93,463.17,422.17,41.0,536.83,1000.0,51750.04,0.32556603198678097,0.53683,0.014031670833333334
A-EVAL-IF-C1200-S777,IFAC,1200,777,historical_recovered,TPLB,200,17305.8,23578.7,627.29,363.38,334.91,28.47,636.62,1000.0,50506.46,0.4670506602067855,0.63662,0.019648916666666665
A-EVAL-IF-C1200-S777,IFAC,1200,777,historical_recovered,PLB,200,16311.065,22539.315,622.825,366.89,302.625,64.265,633.11,1000.0,51449.96,0.43831979298614127,0.6331100000000001,0.0187827625
A-EVAL-IF-C1200-S999,IFAC,1200,999,historical_recovered,US,200,12383.14,17231.54,484.84,509.51,492.33,17.18,490.49,1000.0,50036.865,0.3444653175144688,0.49049,0.014359616666666667
A-EVAL-IF-C1200-S999,IFAC,1200,999,historical_recovered,TLS,200,13949.725,18997.425,504.77,502.995,487.49,15.505,497.005,1000.0,50034.17,0.379768963228024,0.497005,0.0158311875
A-EVAL-IF-C1200-S999,IFAC,1200,999,historical_recovered,LNS,200,11778.36,16505.46,472.71,426.98,367.375,59.605,573.02,1000.0,49506.24,0.3335926001564329,0.57302,0.01375455
A-EVAL-IF-C1200-S999,IFAC,1200,999,historical_recovered,TLNS,200,12621.57,17503.57,488.2,445.705,385.32,60.385,554.295,1000.0,49090.1,0.35667507187393727,0.554295,0.014586308333333334
A-EVAL-IF-C1200-S999,IFAC,1200,999,historical_recovered,TPLS,200,17102.53,23398.63,629.61,360.92,279.71,81.21,639.08,1000.0,47760.775,0.49007129751973594,0.63908,0.019498858333333334
A-EVAL-IF-C1200-S999,IFAC,1200,999,historical_recovered,PLS,200,15228.44,21099.89,587.145,402.985,262.385,140.6,597.015,1000.0,48725.25,0.43321847538138164,0.597015,0.017583241666666666
A-EVAL-IF-C1200-S999,IFAC,1200,999,historical_recovered,UB,200,11598.055,16316.905,471.885,541.74,533.94,7.8,458.26,1000.0,53402.855,0.3056723838589118,0.45826,0.013597420833333334
A-EVAL-IF-C1200-S999,IFAC,1200,999,historical_recovered,TLB,200,12187.455,17002.355,481.49,555.89,545.345,10.545,444.11,1000.0,53521.565,0.3178611823343579,0.44411,0.014168629166666667
A-EVAL-IF-C1200-S999,IFAC,1200,999,historical_recovered,LNB,200,11155.005,15754.705,459.97,440.47,392.77,47.7,559.53,1000.0,52411.3,0.30084588118906125,0.55953,0.013128920833333333
A-EVAL-IF-C1200-S999,IFAC,1200,999,historical_recovered,TLNB,200,11933.69,16665.64,473.195,467.71,422.17,45.54,532.29,1000.0,51750.04,0.32223035325875005,0.53229,0.013888033333333334
A-EVAL-IF-C1200-S999,IFAC,1200,999,historical_recovered,TPLB,200,16794.59,22895.84,610.125,382.235,334.91,47.325,617.765,1000.0,50506.46,0.4534720936141323,0.617765,0.019079866666666667
A-EVAL-IF-C1200-S999,IFAC,1200,999,historical_recovered,PLB,200,14960.275,20666.475,570.62,419.98,302.625,117.355,580.02,1000.0,51449.96,0.40182732524740206,0.58002,0.0172220625
A-EVAL-IF-C800-S123,IFAC,800,123,historical_recovered,US,200,3751.34,5963.24,221.19,777.085,775.325,1.76,222.915,1000.0,50036.865,0.11924439508591107,0.222915,0.00745405
A-EVAL-IF-C800-S123,IFAC,800,123,historical_recovered,TLS,200,2088.23,3308.13,121.99,872.005,864.48,7.525,127.995,1000.0,50034.17,0.06614390329829083,0.127995,0.0041351625
A-EVAL-IF-C800-S123,IFAC,800,123,historical_recovered,LNS,200,4267.92,7207.37,293.945,670.52,616.87,53.65,329.48,1000.0,49506.24,0.1456799238004366,0.32948,0.0090092125
A-EVAL-IF-C800-S123,IFAC,800,123,historical_recovered,TLNS,200,4233.47,6981.87,274.84,709.385,675.26,34.125,290.615,1000.0,49090.1,0.1423155050607201,0.290615,0.0087273375
A-EVAL-IF-C800-S123,IFAC,800,123,historical_recovered,TPLS,200,5829.865,8553.315,272.345,724.83,720.57,4.26,275.17,1000.0,47760.775,0.17921099564850848,0.27517,0.01069164375
A-EVAL-IF-C800-S123,IFAC,800,123,historical_recovered,PLS,200,6873.985,10233.285,335.93,660.635,646.19,14.445,339.365,1000.0,48725.25,0.2101781131925037,0.339365,0.01279160625
A-EVAL-IF-C800-S123,IFAC,800,123,historical_recovered,UB,200,3349.405,5295.455,194.605,803.97,802.915,1.055,196.03,1000.0,53402.855,0.09922723103082387,0.19603,0.00661931875
A-EVAL-IF-C800-S123,IFAC,800,123,historical_recovered,TLB,200,1845.195,2922.995,107.78,886.66,879.8,6.86,113.34,1000.0,53521.565,0.054659549279642713,0.11334,0.00365374375
A-EVAL-IF-C800-S123,IFAC,800,123,historical_recovered,LNB,200,4139.755,7025.855,288.61,669.55,619.67,49.88,330.45,1000.0,52411.3,0.1342004597306733,0.33045,0.00878231875
A-EVAL-IF-C800-S123,IFAC,800,123,historical_recovered,TLNB,200,3951.05,6558.65,260.76,722.11,688.575,33.535,277.89,1000.0,51750.04,0.12685509169397544,0.27789,0.0081983125
A-EVAL-IF-C800-S123,IFAC,800,123,historical_recovered,TPLB,200,5168.995,7628.695,245.97,751.15,746.505,4.645,248.85,1000.0,50506.46,0.15117749219521381,0.24885000000000002,0.00953586875
A-EVAL-IF-C800-S123,IFAC,800,123,historical_recovered,PLB,200,6025.6,9064.2,303.86,692.67,677.45,15.22,307.33,1000.0,51449.96,0.1763692258782166,0.30733,0.01133025
A-EVAL-IF-C800-S323,IFAC,800,323,historical_recovered,US,200,2142.26,3304.71,116.245,876.475,775.325,101.15,123.525,1000.0,50036.865,0.0660723086433812,0.123525,0.0041308875
A-EVAL-IF-C800-S323,IFAC,800,323,historical_recovered,TLS,200,1109.98,1627.43,51.745,934.01,864.48,69.53,65.99,1000.0,50034.17,0.03253346749718391,0.06599,0.0020342875
A-EVAL-IF-C800-S323,IFAC,800,323,historical_recovered,LNS,200,2382.525,3642.175,125.965,819.665,616.87,202.795,180.335,1000.0,49506.24,0.07365494376792851,0.180335,0.00455271875
A-EVAL-IF-C800-S323,IFAC,800,323,historical_recovered,TLNS,200,1982.015,3009.465,102.745,867.14,675.26,191.88,132.86,1000.0,49090.1,0.06131874393136277,0.13286,0.00376183125
A-EVAL-IF-C800-S323,IFAC,800,323,historical_recovered,TPLS,200,5789.92,8469.42,267.95,727.545,720.57,6.975,272.455,1000.0,47760.775,0.1774489248217968,0.272455,0.010586775
A-EVAL-IF-C800-S323,IFAC,800,323,historical_recovered,PLS,200,6701.165,9945.715,324.455,670.175,646.19,23.985,329.825,1000.0,48725.25,0.20427016826725047,0.32982500000000003,0.01243214375
A-EVAL-IF-C800-S323,IFAC,800,323,historical_recovered,UB,200,2117.24,3246.69,112.945,879.975,802.915,77.06,120.025,1000.0,53402.855,0.06081433208191357,0.120025,0.0040583625
A-EVAL-IF-C800-S323,IFAC,800,323,historical_recovered,TLB,200,951.63,1383.38,43.175,943.36,879.8,63.56,56.64,1000.0,53521.565,0.025893019845657828,0.05664,0.001729225
A-EVAL-IF-C800-S323,IFAC,800,323,historical_recovered,LNB,200,2493.19,3825.59,133.24,805.535,619.67,185.865,194.465,1000.0,52411.3,0.07304610851356008,0.194465,0.0047819875
A-EVAL-IF-C800-S323,IFAC,800,323,historical_recovered,TLNB,200,1898.82,2878.02,97.92,869.795,688.575,181.22,130.205,1000.0,51750.04,0.05566137912038454,0.130205,0.003597525
A-EVAL-IF-C800-S323,IFAC,800,323,historical_recovered,TPLB,200,5110.005,7513.255,240.325,754.92,746.505,8.415,245.08,1000.0,50506.46,0.1488907854736026,0.24508,0.00939156875
A-EVAL-IF-C800-S323,IFAC,800,323,historical_recovered,PLB,200,5836.15,8747.3,291.115,703.395,677.45,25.945,296.605,1000.0,51449.96,0.17019274831473682,0.296605,0.010934125
A-EVAL-IF-C800-S532,IFAC,800,532,historical_recovered,US,200,1502.49,2281.04,77.855,914.72,775.325,139.395,85.28,1000.0,50036.865,0.04555615657714686,0.08528,0.0028513
A-EVAL-IF-C800-S532,IFAC,800,532,historical_recovered,TLS,200,1626.595,2483.645,85.705,902.09,864.48,37.61,97.91,1000.0,50034.17,0.049647535828028895,0.09791,0.00310455625
A-EVAL-IF-C800-S532,IFAC,800,532,historical_recovered,LNS,200,2316.28,3510.98,119.47,824.7,616.87,207.83,175.3,1000.0,49506.24,0.07094559762320901,0.1753,0.004388725
A-EVAL-IF-C800-S532,IFAC,800,532,historical_recovered,TLNS,200,1792.525,2696.075,90.355,880.11,675.26,204.85,119.89,1000.0,49090.1,0.05495406464225971,0.11989,0.00337009375
A-EVAL-IF-C800-S532,IFAC,800,532,historical_recovered,TPLS,200,5217.16,7541.66,232.45,757.41,720.57,36.84,242.59,1000.0,47760.775,0.1579950125304992,0.24259,0.009427075
A-EVAL-IF-C800-S532,IFAC,800,532,historical_recovered,PLS,200,5533.18,8113.38,258.02,730.935,646.19,84.745,269.065,1000.0,48725.25,0.16661351446258005,0.269065,0.010141725
A-EVAL-IF-C800-S532,IFAC,800,532,historical_recovered,UB,200,1557.8,2354.65,79.685,912.965,802.915,110.05,87.035,1000.0,53402.855,0.044077717960458875,0.087035,0.0029433125
A-EVAL-IF-C800-S532,IFAC,800,532,historical_recovered,TLB,200,1496.05,2292.05,79.6,909.595,879.8,29.795,90.405,1000.0,53521.565,0.042866698466698265,0.090405,0.0028650625
A-EVAL-IF-C800-S532,IFAC,800,532,historical_recovered,LNB,200,2388.94,3620.39,123.145,813.44,619.67,193.77,186.56,1000.0,52411.3,0.06914707474018096,0.18656,0.0045254875
A-EVAL-IF-C800-S532,IFAC,800,532,historical_recovered,TLNB,200,1834.59,2769.79,93.52,874.17,688.575,185.595,125.83,1000.0,51750.04,0.053557766011849126,0.12583,0.0034622375
A-EVAL-IF-C800-S532,IFAC,800,532,historical_recovered,TPLB,200,4498.145,6528.495,203.035,787.035,746.505,40.53,212.965,1000.0,50506.46,0.12936225487402112,0.212965,0.00816061875
A-EVAL-IF-C800-S532,IFAC,800,532,historical_recovered,PLB,200,4575.865,6761.515,218.565,770.72,677.45,93.27,229.28,1000.0,51449.96,0.13153883703590316,0.22928,0.00845189375
A-EVAL-IF-C800-S777,IFAC,800,777,historical_recovered,US,200,3763.335,5944.535,218.12,777.8,775.325,2.475,222.2,1000.0,50036.865,0.11886889515195673,0.2222,0.00743066875
A-EVAL-IF-C800-S777,IFAC,800,777,historical_recovered,TLS,200,2015.63,3181.63,116.6,876.49,864.48,12.01,123.51,1000.0,50034.17,0.06361966171161348,0.12351,0.0039770375
A-EVAL-IF-C800-S777,IFAC,800,777,historical_recovered,LNS,200,4138.145,6866.795,272.865,683.415,616.87,66.545,316.585,1000.0,49506.24,0.13881234193601805,0.316585,0.00858349375
A-EVAL-IF-C800-S777,IFAC,800,777,historical_recovered,TLNS,200,4062.305,6619.805,255.75,723.175,675.26,47.915,276.825,1000.0,49090.1,0.1349177600080221,0.276825,0.00827475625
A-EVAL-IF-C800-S777,IFAC,800,777,historical_recovered,TPLS,200,5846.27,8524.57,267.83,725.76,720.57,5.19,274.24,1000.0,47760.775,0.17860776328930872,0.27424,0.0106557125
A-EVAL-IF-C800-S777,IFAC,800,777,historical_recovered,PLS,200,6844.045,10103.495,325.945,664.97,646.19,18.78,335.03,1000.0,48725.25,0.20751084311019766,0.33503,0.01262936875
A-EVAL-IF-C800-S777,IFAC,800,777,historical_recovered,UB,200,3365.55,5291.5,192.595,804.125,802.915,1.21,195.875,1000.0,53402.855,0.09915111253338256,0.195875,0.006614375
A-EVAL-IF-C800-S777,IFAC,800,777,historical_recovered,TLB,200,1793.945,2830.995,103.705,890.005,879.8,10.205,109.995,1000.0,53521.565,0.052943716946370734,0.109995,0.00353874375
A-EVAL-IF-C800-S777,IFAC,800,777,historical_recovered,LNB,200,4013.445,6682.345,266.89,682.555,619.67,62.885,317.445,1000.0,52411.3,0.1276069927807262,0.317445,0.00835293125
A-EVAL-IF-C800-S777,IFAC,800,777,historical_recovered,TLNB,200,3844.51,6307.51,246.3,731.545,688.575,42.97,268.455,1000.0,51750.04,0.12198032033632311,0.268455,0.0078843875
A-EVAL-IF-C800-S777,IFAC,800,777,historical_recovered,TPLB,200,5189.445,7601.145,241.17,752.055,746.505,5.55,247.945,1000.0,50506.46,0.15063250442976925,0.247945,0.00950143125
A-EVAL-IF-C800-S777,IFAC,800,777,historical_recovered,PLB,200,5987.05,8920.4,293.335,697.55,677.45,20.1,302.45,1000.0,51449.96,0.17356385973357588,0.30245,0.0111505
A-EVAL-IF-C800-S999,IFAC,800,999,historical_recovered,US,200,3458.275,5431.125,197.285,797.04,775.325,21.715,202.96,1000.0,50036.865,0.10859477843247758,0.20296,0.00678890625
A-EVAL-IF-C800-S999,IFAC,800,999,historical_recovered,TLS,200,1697.565,2588.615,89.105,897.985,864.48,33.505,102.015,1000.0,50034.17,0.05175472478333828,0.102015,0.00323576875
A-EVAL-IF-C800-S999,IFAC,800,999,historical_recovered,LNS,200,3265.745,5201.795,193.605,752.41,616.87,135.54,247.59,1000.0,49506.24,0.10514132277753967,0.24759,0.00650224375
A-EVAL-IF-C800-S999,IFAC,800,999,historical_recovered,TLNS,200,3040.665,4799.015,175.835,794.715,675.26,119.455,205.285,1000.0,49090.1,0.09781260045032254,0.205285,0.00599876875
A-EVAL-IF-C800-S999,IFAC,800,999,historical_recovered,TPLS,200,5777.95,8453.55,267.56,728.045,720.57,7.475,271.955,1000.0,47760.775,0.17711609987354254,0.271955,0.0105669375
A-EVAL-IF-C800-S999,IFAC,800,999,historical_recovered,PLS,200,6730.165,10001.765,327.16,668.31,646.19,22.12,331.69,1000.0,48725.25,0.20541993926610833,0.33169,0.01250220625
A-EVAL-IF-C800-S999,IFAC,800,999,historical_recovered,UB,200,3145.17,4907.32,176.215,818.375,802.915,15.46,181.625,1000.0,53402.855,0.09194742568398422,0.181625,0.00613415
A-EVAL-IF-C800-S999,IFAC,800,999,historical_recovered,TLB,200,1532.64,2334.04,80.14,907.87,879.8,28.07,92.13,1000.0,53521.565,0.043655317016756484,0.09213,0.00291755
A-EVAL-IF-C800-S999,IFAC,800,999,historical_recovered,LNB,200,3255.115,5189.715,193.46,745.33,619.67,125.66,254.67,1000.0,52411.3,0.09911625677404469,0.25467,0.00648714375
A-EVAL-IF-C800-S999,IFAC,800,999,historical_recovered,TLNB,200,2836.765,4481.215,164.445,803.84,688.575,115.265,196.16,1000.0,51750.04,0.08667016198350651,0.19616,0.00560151875
A-EVAL-IF-C800-S999,IFAC,800,999,historical_recovered,TPLB,200,5111.135,7520.185,240.905,754.695,746.505,8.19,245.305,1000.0,50506.46,0.14902623902028586,0.245305,0.00940023125
A-EVAL-IF-C800-S999,IFAC,800,999,historical_recovered,PLB,200,5832.91,8756.61,292.37,703.105,677.45,25.655,296.895,1000.0,51449.96,0.17037839223487142,0.296895,0.0109457625
A-EVAL-JA-C1200-S123,JA-PPO,1200,123,historical_recovered,US,200,11239.39,17894.54,665.515,492.565,492.33,0.235,507.435,1000.0,50036.865,0.3577564476036157,0.507435,0.014912116666666668
A-EVAL-JA-C1200-S123,JA-PPO,1200,123,historical_recovered,TLS,200,12991.92,19637.17,664.525,488.185,487.49,0.695,511.815,1000.0,50034.17,0.39256838637027164,0.511815,0.016364308333333334
A-EVAL-JA-C1200-S123,JA-PPO,1200,123,historical_recovered,LNS,200,11469.035,18843.935,737.49,369.12,367.375,1.745,630.88,1000.0,49506.24,0.3809147214912287,0.63088,0.015703279166666667
A-EVAL-JA-C1200-S123,JA-PPO,1200,123,historical_recovered,TLNS,200,12581.9,19876.5,729.46,386.52,385.32,1.2,613.48,1000.0,49090.1,0.40510639896418094,0.61348,0.01656375
A-EVAL-JA-C1200-S123,JA-PPO,1200,123,historical_recovered,TPLS,200,18320.9,26323.15,800.225,281.065,279.71,1.355,718.935,1000.0,47760.775,0.5514283231659389,0.718935,0.02193595833333333
A-EVAL-JA-C1200-S123,JA-PPO,1200,123,historical_recovered,PLS,200,17886.03,26020.13,813.41,263.865,262.385,1.48,736.135,1000.0,48725.25,0.5343582466269199,0.736135,0.021683441666666668
A-EVAL-JA-C1200-S123,JA-PPO,1200,123,historical_recovered,UB,200,10245.13,16616.33,637.12,534.09,533.94,0.15,465.91,1000.0,53402.855,0.3113035499375918,0.46591,0.013846941666666666
A-EVAL-JA-C1200-S123,JA-PPO,1200,123,historical_recovered,TLB,200,11146.615,17442.665,629.605,545.805,545.345,0.46,454.195,1000.0,53521.565,0.3261086796899893,0.454195,0.014535554166666667
A-EVAL-JA-C1200-S123,JA-PPO,1200,123,historical_recovered,LNB,200,10450.52,17641.97,719.145,394.43,392.77,1.66,605.57,1000.0,52411.3,0.33694077109831616,0.6055699999999999,0.014701641666666666
A-EVAL-JA-C1200-S123,JA-PPO,1200,123,historical_recovered,TLNB,200,11419.495,18470.245,705.075,423.205,422.17,1.035,576.795,1000.0,51750.04,0.3571830825053297,0.576795,0.015391870833333333
A-EVAL-JA-C1200-S123,JA-PPO,1200,123,historical_recovered,TPLB,200,16951.89,24579.39,762.75,335.98,334.91,1.07,664.02,1000.0,50506.46,0.48693721828117154,0.66402,0.020482825
A-EVAL-JA-C1200-S123,JA-PPO,1200,123,historical_recovered,PLB,200,16901.485,24756.285,785.48,303.785,302.625,1.16,696.215,1000.0,51449.96,0.48154414934781387,0.696215,0.0206302375
A-EVAL-JA-C1200-S323,JA-PPO,1200,323,historical_recovered,US,200,12723.47,17673.82,495.035,498.485,492.33,6.155,501.515,1000.0,50036.865,0.3533363223282053,0.501515,0.014728183333333334
A-EVAL-JA-C1200-S323,JA-PPO,1200,323,historical_recovered,TLS,200,14365.605,19305.905,494.03,496.215,487.49,8.725,503.785,1000.0,50034.17,0.3859423509952789,0.503785,0.016088254166666666
A-EVAL-JA-C1200-S323,JA-PPO,1200,323,historical_recovered,LNS,200,12411.125,18190.775,577.965,386.685,367.375,19.31,613.315,1000.0,49506.24,0.3677011442884741,0.6133149999999999,0.015158979166666666
A-EVAL-JA-C1200-S323,JA-PPO,1200,323,historical_recovered,TLNS,200,13478.905,19238.405,575.95,403.62,385.32,18.3,596.38,1000.0,49090.1,0.3920841994638056,0.59638,0.016032004166666666
A-EVAL-JA-C1200-S323,JA-PPO,1200,323,historical_recovered,TPLS,200,18099.055,24783.155,668.41,323.03,279.71,43.32,676.97,1000.0,47760.775,0.519143099161213,0.6769700000000001,0.020652629166666665
A-EVAL-JA-C1200-S323,JA-PPO,1200,323,historical_recovered,PLS,200,17572.335,24388.835,681.65,309.915,262.385,47.53,690.085,1000.0,48725.25,0.5008322217522059,0.690085,0.020324029166666667
A-EVAL-JA-C1200-S323,JA-PPO,1200,323,historical_recovered,UB,200,11896.22,16452.52,455.63,538.495,533.94,4.555,461.505,1000.0,53402.855,0.3082275307379433,0.461505,0.013710433333333332
A-EVAL-JA-C1200-S323,JA-PPO,1200,323,historical_recovered,TLB,200,12804.555,17206.905,440.235,551.57,545.345,6.225,448.43,1000.0,53521.565,0.3216911646491075,0.44843,0.0143390875
A-EVAL-JA-C1200-S323,JA-PPO,1200,323,historical_recovered,LNB,200,11563.215,17092.265,552.905,408.85,392.77,16.08,591.15,1000.0,52411.3,0.3264248748035193,0.59115,0.014243554166666667
A-EVAL-JA-C1200-S323,JA-PPO,1200,323,historical_recovered,TLNB,200,12529.275,17962.275,543.3,436.67,422.17,14.5,563.33,1000.0,51750.04,0.3473345279802657,0.56333,0.0149685625
A-EVAL-JA-C1200-S323,JA-PPO,1200,323,historical_recovered,TPLB,200,17153.675,23387.675,623.4,368.51,334.91,33.6,631.49,1000.0,50506.46,0.46330660845770905,0.63149,0.019489729166666667
A-EVAL-JA-C1200-S323,JA-PPO,1200,323,historical_recovered,PLB,200,16908.565,23405.815,649.725,342.15,302.625,39.525,657.85,1000.0,51449.96,0.45525109854766355,0.65785,0.019504845833333333
A-EVAL-JA-C1200-S532,JA-PPO,1200,532,historical_recovered,US,200,12083.91,17903.31,581.94,492.33,492.33,0.0,507.67,1000.0,50036.865,0.3579321460174577,0.50767,0.014919425
A-EVAL-JA-C1200-S532,JA-PPO,1200,532,historical_recovered,TLS,200,13796.33,19634.18,583.785,488.215,487.49,0.725,511.785,1000.0,50034.17,0.3925081369957045,0.511785,0.016361816666666668
A-EVAL-JA-C1200-S532,JA-PPO,1200,532,historical_recovered,LNS,200,12229.61,18794.21,656.46,370.08,367.375,2.705,629.92,1000.0,49506.24,0.3799106110902956,0.62992,0.015661841666666666
A-EVAL-JA-C1200-S532,JA-PPO,1200,532,historical_recovered,TLNS,200,13339.275,19860.675,652.14,386.74,385.32,1.42,613.26,1000.0,49090.1,0.4047833431308701,0.61326,0.0165505625
A-EVAL-JA-C1200-S532,JA-PPO,1200,532,historical_recovered,TPLS,200,18976.635,26373.185,739.655,279.71,279.71,0.0,720.29,1000.0,47760.775,0.5524822509637141,0.72029,0.021977654166666666
A-EVAL-JA-C1200-S532,JA-PPO,1200,532,historical_recovered,PLS,200,18532.19,26072.49,754.03,262.385,262.385,0.0,737.615,1000.0,48725.25,0.535439747876078,0.737615,0.021727075
A-EVAL-JA-C1200-S532,JA-PPO,1200,532,historical_recovered,UB,200,11046.4,16621.5,557.51,533.94,533.94,0.0,466.06,1000.0,53402.855,0.3114009623167606,0.46606,0.01385125
A-EVAL-JA-C1200-S532,JA-PPO,1200,532,historical_recovered,TLB,200,11922.14,17429.49,550.735,546.07,545.345,0.725,453.93,1000.0,53521.565,0.32586192371044675,0.45393,0.014524575
A-EVAL-JA-C1200-S532,JA-PPO,1200,532,historical_recovered,LNB,200,11210.66,17567.26,635.66,395.965,392.77,3.195,604.035,1000.0,52411.3,0.33551022725654406,0.604035,0.014639383333333334
A-EVAL-JA-C1200-S532,JA-PPO,1200,532,historical_recovered,TLNB,200,12174.75,18445.45,627.07,423.63,422.17,1.46,576.37,1000.0,51750.04,0.3567029900422545,0.5763699999999999,0.015371208333333334
A-EVAL-JA-C1200-S532,JA-PPO,1200,532,historical_recovered,TPLB,200,17622.925,24618.575,699.565,334.91,334.91,0.0,665.09,1000.0,50506.46,0.4877127352747671,0.6650900000000001,0.020515479166666666
A-EVAL-JA-C1200-S532,JA-PPO,1200,532,historical_recovered,PLB,200,17560.025,24797.325,723.73,302.625,302.625,0.0,697.375,1000.0,51449.96,0.48234377442831833,0.697375,0.0206644375
A-EVAL-JA-C1200-S777,JA-PPO,1200,777,historical_recovered,US,200,12268.34,17709.14,544.08,497.705,492.33,5.375,502.295,1000.0,50036.865,0.35404449238266444,0.502295,0.014757616666666667
A-EVAL-JA-C1200-S777,JA-PPO,1200,777,historical_recovered,TLS,200,13891.81,19314.26,542.245,496.01,487.49,8.52,503.99,1000.0,50034.17,0.38610886249251714,0.50399,0.016095216666666665
A-EVAL-JA-C1200-S777,JA-PPO,1200,777,historical_recovered,LNS,200,12162.11,18052.41,589.03,391.09,367.375,23.715,608.91,1000.0,49506.24,0.3648988109794262,0.60891,0.015043675
A-EVAL-JA-C1200-S777,JA-PPO,1200,777,historical_recovered,TLNS,200,13236.71,19164.11,592.74,406.195,385.32,20.875,593.805,1000.0,49090.1,0.3905692710682551,0.593805,0.015970091666666665
A-EVAL-JA-C1200-S777,JA-PPO,1200,777,historical_recovered,TPLS,200,17974.835,24696.385,672.155,325.495,279.71,45.785,674.505,1000.0,47760.775,0.5173158712382652,0.674505,0.020580320833333332
A-EVAL-JA-C1200-S777,JA-PPO,1200,777,historical_recovered,PLS,200,17438.3,24276.35,683.805,313.22,262.385,50.835,686.78,1000.0,48725.25,0.49851902068632403,0.68678,0.020230291666666667
A-EVAL-JA-C1200-S777,JA-PPO,1200,777,historical_recovered,UB,200,11243.42,16482.72,523.93,537.775,533.94,3.835,462.225,1000.0,53402.855,0.3087971300523933,0.462225,0.0137356
A-EVAL-JA-C1200-S777,JA-PPO,1200,777,historical_recovered,TLB,200,12034.3,17200.6,516.63,551.585,545.345,6.24,448.415,1000.0,53521.565,0.32157517085978427,0.448415,0.014333833333333334
A-EVAL-JA-C1200-S777,JA-PPO,1200,777,historical_recovered,LNB,200,11241.645,16951.545,570.99,413.255,392.77,20.485,586.745,1000.0,52411.3,0.3237347185312029,0.586745,0.0141262875
A-EVAL-JA-C1200-S777,JA-PPO,1200,777,historical_recovered,TLNB,200,12162.06,17882.06,572.0,439.3,422.17,17.13,560.7,1000.0,51750.04,0.3457908298067889,0.5607,0.014901716666666667
A-EVAL-JA-C1200-S777,JA-PPO,1200,777,historical_recovered,TPLB,200,17039.655,23412.005,637.235,368.03,334.91,33.12,631.97,1000.0,50506.46,0.46377774760682194,0.63197,0.019510004166666668
A-EVAL-JA-C1200-S777,JA-PPO,1200,777,historical_recovered,PLB,200,16800.835,23377.585,657.675,343.125,302.625,40.5,656.875,1000.0,51449.96,0.4546874349090956,0.656875,0.019481320833333333
A-EVAL-JA-C1200-S999,JA-PPO,1200,999,historical_recovered,US,200,12326.145,17817.145,549.1,494.67,492.33,2.34,505.33,1000.0,50036.865,0.35620306874988367,0.5053300000000001,0.014847620833333334
A-EVAL-JA-C1200-S999,JA-PPO,1200,999,historical_recovered,TLS,200,13977.885,19478.485,550.06,491.985,487.49,4.495,508.015,1000.0,50034.17,0.38939167037767003,0.508015,0.016232070833333334
A-EVAL-JA-C1200-S999,JA-PPO,1200,999,historical_recovered,LNS,200,12244.66,18203.56,595.89,386.615,367.375,19.24,613.385,1000.0,49506.24,0.36794872942828477,0.613385,0.015169633333333333
A-EVAL-JA-C1200-S999,JA-PPO,1200,999,historical_recovered,TLNS,200,13349.795,19329.645,597.985,401.445,385.32,16.125,598.555,1000.0,49090.1,0.3939437860354145,0.598555,0.0161080375
A-EVAL-JA-C1200-S999,JA-PPO,1200,999,historical_recovered,TPLS,200,18214.775,25074.975,686.02,315.17,279.71,35.46,684.83,1000.0,47760.775,0.5252475715083442,0.68483,0.0208958125
A-EVAL-JA-C1200-S999,JA-PPO,1200,999,historical_recovered,PLS,200,17648.255,24617.755,696.95,303.535,262.385,41.15,696.465,1000.0,48725.25,0.5055345107124163,0.696465,0.020514795833333332
A-EVAL-JA-C1200-S999,JA-PPO,1200,999,historical_recovered,UB,200,11291.265,16571.365,528.01,535.3,533.94,1.36,464.7,1000.0,53402.855,0.3104584553315332,0.4647,0.013809470833333334
A-EVAL-JA-C1200-S999,JA-PPO,1200,999,historical_recovered,TLB,200,12120.36,17343.31,522.295,548.15,545.345,2.805,451.85,1000.0,53521.565,0.32424713745199385,0.45185000000000003,0.014452758333333333
A-EVAL-JA-C1200-S999,JA-PPO,1200,999,historical_recovered,LNB,200,11371.675,17159.875,578.82,407.42,392.77,14.65,592.58,1000.0,52411.3,0.32771233303004116,0.59258,0.014299895833333333
A-EVAL-JA-C1200-S999,JA-PPO,1200,999,historical_recovered,TLNB,200,12277.935,18046.335,576.84,434.525,422.17,12.355,565.475,1000.0,51750.04,0.3489627888264649,0.565475,0.0150386125
A-EVAL-JA-C1200-S999,JA-PPO,1200,999,historical_recovered,TPLB,200,17220.155,23716.705,649.655,359.685,334.91,24.775,640.315,1000.0,50506.46,0.4698160107748995,0.640315,0.019763920833333334
A-EVAL-JA-C1200-S999,JA-PPO,1200,999,historical_recovered,PLB,200,16987.315,23694.165,670.685,334.12,302.625,31.495,665.88,1000.0,51449.96,0.460846132036162,0.66588,0.0197451375
A-EVAL-JA-C800-S123,JA-PPO,800,123,historical_recovered,US,200,3335.75,5268.0,193.225,803.11,775.325,27.785,196.89,1000.0,50036.865,0.10533638231063149,0.19689,0.006585
A-EVAL-JA-C800-S123,JA-PPO,800,123,historical_recovered,TLS,200,1928.185,3023.935,109.575,882.4,864.48,17.92,117.6,1000.0,50034.17,0.06046535028612762,0.1176,0.00377991875
A-EVAL-JA-C800-S123,JA-PPO,800,123,historical_recovered,LNS,200,3528.06,5815.11,228.705,729.825,616.87,112.955,270.175,1000.0,49506.24,0.117532360265122,0.270175,0.0072688875
A-EVAL-JA-C800-S123,JA-PPO,800,123,historical_recovered,TLNS,200,3429.325,5563.175,213.385,765.745,675.26,90.485,234.255,1000.0,49090.1,0.1133849458269404,0.234255,0.00695396875
A-EVAL-JA-C800-S123,JA-PPO,800,123,historical_recovered,TPLS,200,4936.285,7227.185,229.09,767.54,720.57,46.97,232.46,1000.0,47760.775,0.1514136438116835,0.23246,0.00903398125
A-EVAL-JA-C800-S123,JA-PPO,800,123,historical_recovered,PLS,200,5578.335,8294.885,271.655,724.915,646.19,78.725,275.085,1000.0,48725.25,0.17035399137292276,0.275085,0.01036860625
A-EVAL-JA-C800-S123,JA-PPO,800,123,historical_recovered,UB,200,3031.495,4755.595,172.41,824.1,802.915,21.185,175.9,1000.0,53402.855,0.08910311493274446,0.1759,0.00594449375
A-EVAL-JA-C800-S123,JA-PPO,800,123,historical_recovered,TLB,200,1755.39,2754.04,99.865,892.84,879.8,13.04,107.16,1000.0,53521.565,0.05149516072974381,0.10716,0.00344255
A-EVAL-JA-C800-S123,JA-PPO,800,123,historical_recovered,LNB,200,3447.08,5700.78,225.37,727.055,619.67,107.385,272.945,1000.0,52411.3,0.1088855611524219,0.272945,0.007125975
A-EVAL-JA-C800-S123,JA-PPO,800,123,historical_recovered,TLNB,200,3225.49,5251.49,202.6,774.705,688.575,86.13,225.295,1000.0,51750.04,0.10156938269423936,0.225295,0.0065643625
A-EVAL-JA-C800-S123,JA-PPO,800,123,historical_recovered,TPLB,200,4358.465,6419.115,206.065,790.605,746.505,44.1,209.395,1000.0,50506.46,0.12719265087565443,0.209395,0.00802389375
A-EVAL-JA-C800-S123,JA-PPO,800,123,historical_recovered,PLB,200,4889.69,7347.04,245.735,750.88,677.45,73.43,249.12,1000.0,51449.96,0.14294444907423023,0.24912,0.0091838
A-EVAL-JA-C800-S323,JA-PPO,800,323,historical_recovered,US,200,2789.495,4371.895,158.24,836.53,775.325,61.205,163.47,1000.0,50036.865,0.08741942704871905,0.16347,0.00546486875
A-EVAL-JA-C800-S323,JA-PPO,800,323,historical_recovered,TLS,200,1775.225,2737.325,96.21,893.135,864.48,28.655,106.865,1000.0,50034.17,0.054729917216387,0.106865,0.00342165625
A-EVAL-JA-C800-S323,JA-PPO,800,323,historical_recovered,LNS,200,3059.425,4977.525,191.81,768.315,616.87,151.445,231.685,1000.0,49506.24,0.10061590789265931,0.231685,0.00622190625
A-EVAL-JA-C800-S323,JA-PPO,800,323,historical_recovered,TLNS,200,2933.315,4706.615,177.33,801.475,675.26,126.215,198.525,1000.0,49090.1,0.09592646541190238,0.198525,0.00588326875
A-EVAL-JA-C800-S323,JA-PPO,800,323,historical_recovered,TPLS,200,4630.29,6747.29,211.7,782.95,720.57,62.38,217.05,1000.0,47760.775,0.14135609517691258,0.21705,0.0084341125
A-EVAL-JA-C800-S323,JA-PPO,800,323,historical_recovered,PLS,200,5190.235,7684.335,249.41,745.155,646.19,98.965,254.845,1000.0,48725.25,0.1578197008439842,0.254845,0.00960541875
A-EVAL-JA-C800-S323,JA-PPO,800,323,historical_recovered,UB,200,2587.925,4024.175,143.625,851.2,802.915,48.285,148.8,1000.0,53402.855,0.07539299241001707,0.1488,0.00503021875
A-EVAL-JA-C800-S323,JA-PPO,800,323,historical_recovered,TLB,200,1609.22,2483.12,87.39,902.915,879.8,23.115,97.085,1000.0,53521.565,0.04642801019174555,0.097085,0.0031039
A-EVAL-JA-C800-S323,JA-PPO,800,323,historical_recovered,LNB,200,3006.46,4899.96,189.35,764.445,619.67,144.775,235.555,1000.0,52411.3,0.09359120564615557,0.235555,0.00612495
A-EVAL-JA-C800-S323,JA-PPO,800,323,historical_recovered,TLNB,200,2820.785,4535.685,171.49,805.63,688.575,117.055,194.37,1000.0,51750.04,0.08770645286003102,0.19437000000000001,0.00566960625
A-EVAL-JA-C800-S323,JA-PPO,800,323,historical_recovered,TPLB,200,4065.96,5954.51,188.855,805.765,746.505,59.26,194.235,1000.0,50506.46,0.11799207496401849,0.194235,0.0074431375
A-EVAL-JA-C800-S323,JA-PPO,800,323,historical_recovered,PLB,200,4505.925,6733.525,222.76,771.695,677.45,94.245,228.305,1000.0,51449.96,0.13101635997248964,0.228305,0.00841690625
A-EVAL-JA-C800-S532,JA-PPO,800,532,historical_recovered,US,200,3273.795,5244.045,197.025,803.955,775.325,28.63,196.045,1000.0,50036.865,0.1048580307158093,0.196045,0.00655505625
A-EVAL-JA-C800-S532,JA-PPO,800,532,historical_recovered,TLS,200,1911.935,3010.535,109.86,882.77,864.48,18.29,117.23,1000.0,50034.17,0.06019565920900389,0.11723,0.00376316875
A-EVAL-JA-C800-S532,JA-PPO,800,532,historical_recovered,LNS,200,3646.625,6171.525,252.49,717.93,616.87,101.06,282.07,1000.0,49506.24,0.12474926769578545,0.28207,0.00771440625
A-EVAL-JA-C800-S532,JA-PPO,800,532,historical_recovered,TLNS,200,3606.155,5944.155,233.8,751.955,675.26,76.695,248.045,1000.0,49090.1,0.12115637344994556,0.24804500000000002,0.00743019375
A-EVAL-JA-C800-S532,JA-PPO,800,532,historical_recovered,TPLS,200,4764.1,7169.1,240.5,769.39,720.57,48.82,230.61,1000.0,47760.775,0.15019328467195014,0.23061,0.008961375
A-EVAL-JA-C800-S532,JA-PPO,800,532,historical_recovered,PLS,200,5377.105,8200.005,282.29,728.06,646.19,81.87,271.94,1000.0,48725.25,0.1684124583362457,0.27194,0.01025000625
A-EVAL-JA-C800-S532,JA-PPO,800,532,historical_recovered,UB,200,2953.3,4724.55,177.125,825.235,802.915,22.32,174.765,1000.0,53402.855,0.08852153151465865,0.174765,0.0059056875
A-EVAL-JA-C800-S532,JA-PPO,800,532,historical_recovered,TLB,200,1727.165,2709.715,98.255,894.435,879.8,14.635,105.565,1000.0,53521.565,0.05066999100710646,0.105565,0.00338714375
A-EVAL-JA-C800-S532,JA-PPO,800,532,historical_recovered,LNB,200,3495.155,5948.505,245.335,719.68,619.67,100.01,280.32,1000.0,52411.3,0.11362142530478092,0.28032,0.00743563125
A-EVAL-JA-C800-S532,JA-PPO,800,532,historical_recovered,TLNB,200,3412.48,5649.53,223.705,760.29,688.575,71.715,239.71,1000.0,51750.04,0.1092681174883693,0.23971,0.0070619125
A-EVAL-JA-C800-S532,JA-PPO,800,532,historical_recovered,TPLB,200,4216.5,6371.55,215.505,792.165,746.505,45.66,207.835,1000.0,50506.46,0.1262441216958503,0.207835,0.0079644375
A-EVAL-JA-C800-S532,JA-PPO,800,532,historical_recovered,PLB,200,4697.66,7250.71,255.305,754.155,677.45,76.705,245.845,1000.0,51449.96,0.141070898562002,0.245845,0.0090633875
A-EVAL-JA-C800-S777,JA-PPO,800,777,historical_recovered,US,200,2445.555,3792.705,134.715,858.245,775.325,82.92,141.755,1000.0,50036.865,0.07583030603938656,0.141755,0.00474088125
A-EVAL-JA-C800-S777,JA-PPO,800,777,historical_recovered,TLS,200,1245.955,1858.355,61.24,925.685,864.48,61.205,74.315,1000.0,50034.17,0.03715228232458112,0.074315,0.00232294375
A-EVAL-JA-C800-S777,JA-PPO,800,777,historical_recovered,LNS,200,2231.005,3457.455,122.645,832.335,616.87,215.465,167.665,1000.0,49506.24,0.06989768987403883,0.167665,0.00432181875
A-EVAL-JA-C800-S777,JA-PPO,800,777,historical_recovered,TLNS,200,1959.62,3007.57,104.795,868.79,675.26,193.53,131.21,1000.0,49090.1,0.061302025728767244,0.13121,0.0037594625
A-EVAL-JA-C800-S777,JA-PPO,800,777,historical_recovered,TPLS,200,4263.365,6188.565,192.52,800.935,720.57,80.365,199.065,1000.0,47760.775,0.12964598720611478,0.199065,0.00773570625
A-EVAL-JA-C800-S777,JA-PPO,800,777,historical_recovered,PLS,200,4471.545,6584.545,211.3,781.67,646.19,135.48,218.33,1000.0,48725.25,0.13522905242102434,0.21833,0.00823068125
A-EVAL-JA-C800-S777,JA-PPO,800,777,historical_recovered,UB,200,2292.345,3526.695,123.435,869.605,802.915,66.69,130.395,1000.0,53402.855,0.06607469253217196,0.130395,0.00440836875
A-EVAL-JA-C800-S777,JA-PPO,800,777,historical_recovered,TLB,200,1147.82,1708.32,56.05,931.535,879.8,51.735,68.465,1000.0,53521.565,0.031950421958276805,0.068465,0.0021354
A-EVAL-JA-C800-S777,JA-PPO,800,777,historical_recovered,LNB,200,2223.05,3439.05,121.6,827.905,619.67,208.235,172.095,1000.0,52411.3,0.06566826297866077,0.172095,0.0042988125
A-EVAL-JA-C800-S777,JA-PPO,800,777,historical_recovered,TLNB,200,1906.695,2927.745,102.105,869.61,688.575,181.035,130.39,1000.0,51750.04,0.05662187683550191,0.13039,0.00365968125
A-EVAL-JA-C800-S777,JA-PPO,800,777,historical_recovered,TPLB,200,3680.905,5365.255,168.435,825.015,746.505,78.51,174.985,1000.0,50506.46,0.1062969932050979,0.174985,0.00670656875
A-EVAL-JA-C800-S777,JA-PPO,800,777,historical_recovered,PLB,200,3772.515,5601.615,182.91,810.04,677.45,132.59,189.96,1000.0,51449.96,0.10897204126308797,0.18996,0.00700201875
A-EVAL-JA-C800-S999,JA-PPO,800,999,historical_recovered,US,200,3321.325,5256.425,193.51,803.555,775.325,28.23,196.445,1000.0,50036.865,0.10510378133667023,0.196445,0.00657053125
A-EVAL-JA-C800-S999,JA-PPO,800,999,historical_recovered,TLS,200,1965.295,3093.545,112.825,879.93,864.48,15.45,120.07,1000.0,50034.17,0.06185397388754208,0.12007,0.00386693125
A-EVAL-JA-C800-S999,JA-PPO,800,999,historical_recovered,LNS,200,3617.51,6102.61,248.51,720.705,616.87,103.835,279.295,1000.0,49506.24,0.12336140198885122,0.279295,0.0076282625
A-EVAL-JA-C800-S999,JA-PPO,800,999,historical_recovered,TLNS,200,3611.685,5956.635,234.495,751.865,675.26,76.605,248.135,1000.0,49090.1,0.12140347404158748,0.248135,0.00744579375
A-EVAL-JA-C800-S999,JA-PPO,800,999,historical_recovered,TPLS,200,5137.125,7528.025,239.09,757.845,720.57,37.275,242.155,1000.0,47760.775,0.15772028355182138,0.242155,0.009410031249999999
A-EVAL-JA-C800-S999,JA-PPO,800,999,historical_recovered,PLS,200,5921.325,8814.375,289.305,707.65,646.19,61.46,292.35,1000.0,48725.25,0.18102646850680823,0.29235,0.01101796875
A-EVAL-JA-C800-S999,JA-PPO,800,999,historical_recovered,UB,200,3020.15,4747.75,172.76,824.395,802.915,21.48,175.605,1000.0,53402.855,0.0889575149676285,0.175605,0.0059346875
A-EVAL-JA-C800-S999,JA-PPO,800,999,historical_recovered,TLB,200,1766.145,2780.545,101.44,891.965,879.8,12.165,108.035,1000.0,53521.565,0.05199262651460987,0.108035,0.00347568125
A-EVAL-JA-C800-S999,JA-PPO,800,999,historical_recovered,LNB,200,3497.43,5926.63,242.92,720.33,619.67,100.66,279.67,1000.0,52411.3,0.11320255341260246,0.27967,0.0074082875
A-EVAL-JA-C800-S999,JA-PPO,800,999,historical_recovered,TLNB,200,3406.11,5644.41,223.83,760.765,688.575,72.19,239.235,1000.0,51750.04,0.10917345499674129,0.239235,0.0070555125
A-EVAL-JA-C800-S999,JA-PPO,800,999,historical_recovered,TPLB,200,4539.825,6692.975,215.315,781.68,746.505,35.175,218.32,1000.0,50506.46,0.1326256724892025,0.21832000000000001,0.00836621875
A-EVAL-JA-C800-S999,JA-PPO,800,999,historical_recovered,PLB,200,5195.225,7814.175,261.895,735.145,677.45,57.695,264.855,1000.0,51449.96,0.15203877889206457,0.264855,0.00976771875
A-EVAL-SC-C1200-S123,SC-FAC,1200,123,historical_recovered,US,200,12226.785,17894.685,566.79,492.545,492.33,0.215,507.455,1000.0,50036.865,0.35775902286385886,0.507455,0.0149122375
A-EVAL-SC-C1200-S123,SC-FAC,1200,123,historical_recovered,TLS,200,13880.72,19597.47,571.675,489.055,487.49,1.565,510.945,1000.0,50034.17,0.39177148868704975,0.510945,0.016331225
A-EVAL-SC-C1200-S123,SC-FAC,1200,123,historical_recovered,LNS,200,12352.96,18448.11,609.515,378.33,367.375,10.955,621.67,1000.0,49506.24,0.3728923748457832,0.62167,0.015373425
A-EVAL-SC-C1200-S123,SC-FAC,1200,123,historical_recovered,TLNS,200,13470.625,19623.625,615.3,392.46,385.32,7.14,607.54,1000.0,49090.1,0.3999405828939547,0.60754,0.016353020833333332
A-EVAL-SC-C1200-S123,SC-FAC,1200,123,historical_recovered,TPLS,200,19093.12,26313.92,722.08,281.34,279.71,1.63,718.66,1000.0,47760.775,0.5512332908075288,0.71866,0.021928266666666668
A-EVAL-SC-C1200-S123,SC-FAC,1200,123,historical_recovered,PLS,200,18511.975,25821.175,730.92,269.515,262.385,7.13,730.485,1000.0,48725.25,0.5302528776483494,0.7304849999999999,0.021517645833333335
A-EVAL-SC-C1200-S123,SC-FAC,1200,123,historical_recovered,UB,200,11157.63,16616.28,545.865,534.065,533.94,0.125,465.935,1000.0,53402.855,0.3113024657393863,0.465935,0.0138469
A-EVAL-SC-C1200-S123,SC-FAC,1200,123,historical_recovered,TLB,200,11973.355,17415.355,544.2,546.395,545.345,1.05,453.605,1000.0,53521.565,0.3255966212001991,0.453605,0.014512795833333333
A-EVAL-SC-C1200-S123,SC-FAC,1200,123,historical_recovered,LNB,200,11429.095,17328.345,589.925,401.67,392.77,8.9,598.33,1000.0,52411.3,0.33093765237424866,0.59833,0.0144402875
A-EVAL-SC-C1200-S123,SC-FAC,1200,123,historical_recovered,TLNB,200,12369.705,18292.405,592.27,427.345,422.17,5.175,572.655,1000.0,51750.04,0.3537304908916559,0.572655,0.015243670833333334
A-EVAL-SC-C1200-S123,SC-FAC,1200,123,historical_recovered,TPLB,200,17815.205,24595.405,678.02,335.54,334.91,0.63,664.46,1000.0,50506.46,0.48725090481599254,0.66446,0.020496170833333334
A-EVAL-SC-C1200-S123,SC-FAC,1200,123,historical_recovered,PLB,200,17642.94,24625.19,698.225,307.51,302.625,4.885,692.49,1000.0,51449.96,0.47897352681408223,0.6924899999999999,0.020520991666666665
A-EVAL-SC-C1200-S323,SC-FAC,1200,323,historical_recovered,US,200,12330.275,17865.425,553.515,493.315,492.33,0.985,506.685,1000.0,50036.865,0.35717405132263635,0.506685,0.014887854166666667
A-EVAL-SC-C1200-S323,SC-FAC,1200,323,historical_recovered,TLS,200,13953.035,19494.135,554.11,491.41,487.49,3.92,508.59,1000.0,50034.17,0.3897071586412318,0.50859,0.0162451125
A-EVAL-SC-C1200-S323,SC-FAC,1200,323,historical_recovered,LNS,200,12346.75,18218.5,587.175,384.185,367.375,16.81,615.815,1000.0,49506.24,0.36824552000226674,0.615815,0.015182083333333334
A-EVAL-SC-C1200-S323,SC-FAC,1200,323,historical_recovered,TLNS,200,13461.705,19444.505,598.28,397.015,385.32,11.695,602.985,1000.0,49090.1,0.39628808373086294,0.602985,0.016203754166666667
A-EVAL-SC-C1200-S323,SC-FAC,1200,323,historical_recovered,TPLS,200,19040.395,26311.995,727.16,281.38,279.71,1.67,718.62,1000.0,47760.775,0.5511980100082644,0.7186199999999999,0.0219266625
A-EVAL-SC-C1200-S323,SC-FAC,1200,323,historical_recovered,PLS,200,18565.77,25945.02,737.925,266.005,262.385,3.62,733.995,1000.0,48725.25,0.5328175395410463,0.733995,0.02162085
A-EVAL-SC-C1200-S323,SC-FAC,1200,323,historical_recovered,UB,200,11358.48,16589.63,523.115,534.775,533.94,0.835,465.225,1000.0,53402.855,0.31080177662732417,0.465225,0.013824691666666666
A-EVAL-SC-C1200-S323,SC-FAC,1200,323,historical_recovered,TLB,200,12224.5,17297.5,507.3,549.06,545.345,3.715,450.94,1000.0,53521.565,0.32339061953805026,0.45094,0.014414583333333333
A-EVAL-SC-C1200-S323,SC-FAC,1200,323,historical_recovered,LNB,200,11452.745,17082.245,562.95,407.75,392.77,14.98,592.25,1000.0,52411.3,0.32624385338192385,0.5922499999999999,0.014235204166666666
A-EVAL-SC-C1200-S323,SC-FAC,1200,323,historical_recovered,TLNB,200,12408.2,18103.65,569.545,431.995,422.17,9.825,568.005,1000.0,51750.04,0.35008218829461535,0.568005,0.015086374999999999
A-EVAL-SC-C1200-S323,SC-FAC,1200,323,historical_recovered,TPLB,200,17784.265,24568.615,678.435,336.26,334.91,1.35,663.74,1000.0,50506.46,0.4867199740601657,0.66374,0.020473845833333334
A-EVAL-SC-C1200-S323,SC-FAC,1200,323,historical_recovered,PLB,200,17646.135,24681.235,703.51,305.91,302.625,3.285,694.09,1000.0,51449.96,0.48008241507877786,0.69409,0.020567695833333333
A-EVAL-SC-C1200-S532,SC-FAC,1200,532,historical_recovered,US,200,12460.095,17848.395,538.83,493.765,492.33,1.435,506.235,1000.0,50036.865,0.35683056002455327,0.506235,0.0148736625
A-EVAL-SC-C1200-S532,SC-FAC,1200,532,historical_recovered,TLS,200,14153.815,19546.615,539.28,490.23,487.49,2.74,509.77,1000.0,50034.17,0.3907583894947717,0.5097700000000001,0.016288845833333333
A-EVAL-SC-C1200-S532,SC-FAC,1200,532,historical_recovered,LNS,200,12426.045,18398.145,597.21,379.895,367.375,12.52,620.105,1000.0,49506.24,0.37189492239256183,0.620105,0.0153317875
A-EVAL-SC-C1200-S532,SC-FAC,1200,532,historical_recovered,TLNS,200,13504.665,19489.465,598.48,395.995,385.32,10.675,604.005,1000.0,49090.1,0.39719905619547186,0.604005,0.016241220833333334
A-EVAL-SC-C1200-S532,SC-FAC,1200,532,historical_recovered,TPLS,200,18286.94,25117.84,683.09,314.015,279.71,34.305,685.985,1000.0,47760.775,0.5261226023178504,0.685985,0.020931533333333332
A-EVAL-SC-C1200-S532,SC-FAC,1200,532,historical_recovered,PLS,200,17592.415,24475.815,688.34,307.635,262.385,45.25,692.365,1000.0,48725.25,0.5025952433387534,0.692365,0.0203965125
A-EVAL-SC-C1200-S532,SC-FAC,1200,532,historical_recovered,UB,200,11439.875,16590.875,515.1,534.72,533.94,0.78,465.28,1000.0,53402.855,0.3108267668357381,0.46528,0.013825729166666667
A-EVAL-SC-C1200-S532,SC-FAC,1200,532,historical_recovered,TLB,200,12299.25,17376.8,507.755,547.28,545.345,1.935,452.72,1000.0,53521.565,0.32487503498601245,0.45272,0.014480666666666666
A-EVAL-SC-C1200-S532,SC-FAC,1200,532,historical_recovered,LNB,200,11502.36,17254.56,575.22,403.535,392.77,10.765,596.465,1000.0,52411.3,0.32951891666312566,0.596465,0.0143788
A-EVAL-SC-C1200-S532,SC-FAC,1200,532,historical_recovered,TLNB,200,12454.1,18179.2,572.51,430.215,422.17,8.045,569.785,1000.0,51750.04,0.3515388062103084,0.569785,0.015149333333333334
A-EVAL-SC-C1200-S532,SC-FAC,1200,532,historical_recovered,TPLB,200,17464.18,24000.13,653.595,351.84,334.91,16.93,648.16,1000.0,50506.46,0.4754184611966001,0.6481600000000001,0.020000108333333332
A-EVAL-SC-C1200-S532,SC-FAC,1200,532,historical_recovered,PLB,200,17078.675,23759.475,668.08,332.115,302.625,29.49,667.885,1000.0,51449.96,0.46208533639775257,0.6678850000000001,0.0197995625
A-EVAL-SC-C1200-S777,SC-FAC,1200,777,historical_recovered,US,200,12623.75,17860.55,523.68,493.415,492.33,1.085,506.585,1000.0,50036.865,0.3570753548588299,0.506585,0.014883791666666667
A-EVAL-SC-C1200-S777,SC-FAC,1200,777,historical_recovered,TLS,200,14312.41,19581.41,526.9,489.455,487.49,1.965,510.545,1000.0,50034.17,0.3914540416776505,0.510545,0.016317841666666666
A-EVAL-SC-C1200-S777,SC-FAC,1200,777,historical_recovered,LNS,200,12443.82,18644.32,620.05,373.855,367.375,6.48,626.145,1000.0,49506.24,0.37688067174594897,0.626145,0.015536933333333332
A-EVAL-SC-C1200-S777,SC-FAC,1200,777,historical_recovered,TLNS,200,13624.0,19759.7,613.57,389.295,385.32,3.975,610.705,1000.0,49090.1,0.40272529201107043,0.6107049999999999,0.016466416666666667
A-EVAL-SC-C1200-S777,SC-FAC,1200,777,historical_recovered,TPLS,200,19065.055,26351.405,728.635,280.31,279.71,0.6,719.69,1000.0,47760.775,0.5520256079424014,0.7196899999999999,0.021959504166666668
A-EVAL-SC-C1200-S777,SC-FAC,1200,777,historical_recovered,PLS,200,18606.095,26031.695,742.56,263.53,262.385,1.145,736.47,1000.0,48725.25,0.5346021637325499,0.73647,0.021693079166666667
A-EVAL-SC-C1200-S777,SC-FAC,1200,777,historical_recovered,UB,200,11708.57,16592.12,488.355,534.685,533.94,0.745,465.315,1000.0,53402.855,0.3108486085979391,0.465315,0.013826766666666667
A-EVAL-SC-C1200-S777,SC-FAC,1200,777,historical_recovered,TLB,200,12624.3,17392.8,476.85,546.935,545.345,1.59,453.065,1000.0,53521.565,0.3251756144173922,0.453065,0.014494
A-EVAL-SC-C1200-S777,SC-FAC,1200,777,historical_recovered,LNB,200,11504.495,17420.495,591.6,399.65,392.77,6.88,600.35,1000.0,52411.3,0.3327032868122877,0.6003499999999999,0.014517079166666667
A-EVAL-SC-C1200-S777,SC-FAC,1200,777,historical_recovered,TLNB,200,12558.32,18344.17,578.585,426.175,422.17,4.005,573.825,1000.0,51750.04,0.35474596811892034,0.573825,0.015286808333333334
A-EVAL-SC-C1200-S777,SC-FAC,1200,777,historical_recovered,TPLB,200,17802.22,24600.37,679.815,335.42,334.91,0.51,664.58,1000.0,50506.46,0.48735231394782863,0.6645800000000001,0.020500308333333335
A-EVAL-SC-C1200-S777,SC-FAC,1200,777,historical_recovered,PLB,200,17702.565,24751.865,704.93,303.925,302.625,1.3,696.075,1000.0,51449.96,0.4814565900396756,0.696075,0.02062655416666667
A-EVAL-SC-C1200-S999,SC-FAC,1200,999,historical_recovered,US,200,12549.645,17857.595,530.795,493.49,492.33,1.16,506.51,1000.0,50036.865,0.3570160292297941,0.50651,0.014881329166666667
A-EVAL-SC-C1200-S999,SC-FAC,1200,999,historical_recovered,TLS,200,14136.54,19551.54,541.5,490.105,487.49,2.615,509.895,1000.0,50034.17,0.39085186973264296,0.509895,0.01629295
A-EVAL-SC-C1200-S999,SC-FAC,1200,999,historical_recovered,LNS,200,12340.26,17899.76,555.95,391.835,367.375,24.46,608.165,1000.0,49506.24,0.361803938338432,0.608165,0.014916466666666666
A-EVAL-SC-C1200-S999,SC-FAC,1200,999,historical_recovered,TLNS,200,13422.37,19129.87,570.75,404.73,385.32,19.41,595.27,1000.0,49090.1,0.3898675353583586,0.59527,0.015941558333333335
A-EVAL-SC-C1200-S999,SC-FAC,1200,999,historical_recovered,TPLS,200,18958.29,26026.14,706.785,289.235,279.71,9.525,710.765,1000.0,47760.775,0.5451784999162965,0.710765,0.02168845
A-EVAL-SC-C1200-S999,SC-FAC,1200,999,historical_recovered,PLS,200,18259.18,25378.43,711.925,282.02,262.385,19.635,717.98,1000.0,48725.25,0.5211693547769976,0.71798,0.021148691666666667
A-EVAL-SC-C1200-S999,SC-FAC,1200,999,historical_recovered,UB,200,11493.67,16597.47,510.38,534.55,533.94,0.61,465.45,1000.0,53402.855,0.31094756230388537,0.46545,0.013831225
A-EVAL-SC-C1200-S999,SC-FAC,1200,999,historical_recovered,TLB,200,12249.05,17401.15,515.21,546.73,545.345,1.385,453.27,1000.0,53521.565,0.3253301688291182,0.45327,0.014500958333333333
A-EVAL-SC-C1200-S999,SC-FAC,1200,999,historical_recovered,LNB,200,11516.895,16886.795,536.99,412.36,392.77,19.59,587.64,1000.0,52411.3,0.32249333466889923,0.5876399999999999,0.014072329166666666
A-EVAL-SC-C1200-S999,SC-FAC,1200,999,historical_recovered,TLNB,200,12446.825,17922.425,547.56,436.33,422.17,14.16,563.67,1000.0,51750.04,0.34656062768547197,0.56367,0.014935354166666666
A-EVAL-SC-C1200-S999,SC-FAC,1200,999,historical_recovered,TPLB,200,17811.165,24445.165,663.4,339.68,334.91,4.77,660.32,1000.0,50506.46,0.4842629162800681,0.66032,0.020370970833333335
A-EVAL-SC-C1200-S999,SC-FAC,1200,999,historical_recovered,PLB,200,17460.78,24248.28,678.75,318.345,302.625,15.72,681.655,1000.0,51449.96,0.47162997995867945,0.681655,0.0202069
A-EVAL-SC-C800-S123,SC-FAC,800,123,historical_recovered,US,200,3508.94,5513.14,200.42,793.975,775.325,18.65,206.025,1000.0,50036.865,0.11023668339644156,0.206025,0.006891425
A-EVAL-SC-C800-S123,SC-FAC,800,123,historical_recovered,TLS,200,2029.415,3209.565,118.015,875.68,864.48,11.2,124.32,1000.0,50034.17,0.06417127002820425,0.12432,0.00401195625
A-EVAL-SC-C800-S123,SC-FAC,800,123,historical_recovered,LNS,200,3917.6,6590.9,267.33,698.535,616.87,81.665,301.465,1000.0,49506.24,0.13322207295071087,0.301465,0.008238625
A-EVAL-SC-C800-S123,SC-FAC,800,123,historical_recovered,TLNS,200,3867.725,6338.575,247.085,735.92,675.26,60.66,264.08,1000.0,49090.1,0.12919027605490987,0.26408000000000004,0.00792321875
A-EVAL-SC-C800-S123,SC-FAC,800,123,historical_recovered,TPLS,200,5297.285,7704.685,240.74,752.17,720.57,31.6,247.83,1000.0,47760.775,0.16141633916297368,0.24783,0.00963085625
A-EVAL-SC-C800-S123,SC-FAC,800,123,historical_recovered,PLS,200,5944.585,8789.185,284.46,708.545,646.19,62.355,291.455,1000.0,48725.25,0.18050645316016287,0.29145499999999996,0.01098648125
A-EVAL-SC-C800-S123,SC-FAC,800,123,historical_recovered,UB,200,3174.835,4956.185,178.135,816.6,802.915,13.685,183.4,1000.0,53402.855,0.09286362902335414,0.1834,0.00619523125
A-EVAL-SC-C800-S123,SC-FAC,800,123,historical_recovered,TLB,200,1803.155,2852.205,104.905,889.36,879.8,9.56,110.64,1000.0,53521.565,0.05333003239661472,0.11064,0.00356525625
A-EVAL-SC-C800-S123,SC-FAC,800,123,historical_recovered,LNB,200,3784.07,6385.22,260.115,698.75,619.67,79.08,301.25,1000.0,52411.3,0.12195920114026118,0.30125,0.007981525
A-EVAL-SC-C800-S123,SC-FAC,800,123,historical_recovered,TLNB,200,3637.89,6003.49,236.56,745.375,688.575,56.8,254.625,1000.0,51750.04,0.116115777114836,0.254625,0.0075043625
A-EVAL-SC-C800-S123,SC-FAC,800,123,historical_recovered,TPLB,200,4654.98,6807.23,215.225,777.955,746.505,31.45,222.045,1000.0,50506.46,0.134884301635153,0.222045,0.0085090375
A-EVAL-SC-C800-S123,SC-FAC,800,123,historical_recovered,PLB,200,5155.225,7696.175,254.095,739.04,677.45,61.59,260.96,1000.0,51449.96,0.14973164132337258,0.26096,0.00962021875
A-EVAL-SC-C800-S323,SC-FAC,800,323,historical_recovered,US,200,3502.44,5519.39,201.695,793.695,775.325,18.37,206.305,1000.0,50036.865,0.11036168514136277,0.206305,0.0068992375
A-EVAL-SC-C800-S323,SC-FAC,800,323,historical_recovered,TLS,200,2135.905,3390.105,125.42,869.325,864.48,4.845,130.675,1000.0,50034.17,0.06778305669668515,0.130675,0.00423763125
A-EVAL-SC-C800-S323,SC-FAC,800,323,historical_recovered,LNS,200,3850.94,6569.64,271.87,700.965,616.87,84.095,299.035,1000.0,49506.24,0.13278898155889673,0.299035,0.00821205
A-EVAL-SC-C800-S323,SC-FAC,800,323,historical_recovered,TLNS,200,3871.21,6393.01,252.18,734.485,675.26,59.225,265.515,1000.0,49090.1,0.13030029954646707,0.265515,0.0079912625
A-EVAL-SC-C800-S323,SC-FAC,800,323,historical_recovered,TPLS,200,5294.355,7720.705,242.635,751.665,720.57,31.095,248.335,1000.0,47760.775,0.1617506710630789,0.248335,0.00965088125
A-EVAL-SC-C800-S323,SC-FAC,800,323,historical_recovered,PLS,200,5969.755,8847.455,287.77,706.59,646.19,60.4,293.41,1000.0,48725.25,0.1817044933527898,0.29341,0.01105931875
A-EVAL-SC-C800-S323,SC-FAC,800,323,historical_recovered,UB,200,3171.14,4960.39,178.925,816.44,802.915,13.525,183.56,1000.0,53402.855,0.09294231120850223,0.18356,0.0062004875
A-EVAL-SC-C800-S323,SC-FAC,800,323,historical_recovered,TLB,200,1903.155,3022.205,111.905,883.36,879.8,3.56,116.64,1000.0,53521.565,0.05651635431851986,0.11664000000000001,0.00377775625
A-EVAL-SC-C800-S323,SC-FAC,800,323,historical_recovered,LNB,200,3726.57,6407.77,268.12,699.785,619.67,80.115,300.215,1000.0,52411.3,0.122386900678017,0.300215,0.0080097125
A-EVAL-SC-C800-S323,SC-FAC,800,323,historical_recovered,TLNB,200,3641.26,6058.26,241.7,744.0,688.575,55.425,256.0,1000.0,51750.04,0.1171647140121581,0.256,0.007572825
A-EVAL-SC-C800-S323,SC-FAC,800,323,historical_recovered,TPLB,200,4653.16,6824.61,217.145,777.395,746.505,30.89,222.605,1000.0,50506.46,0.135229117132598,0.222605,0.0085307625
A-EVAL-SC-C800-S323,SC-FAC,800,323,historical_recovered,PLB,200,5191.7,7769.0,257.73,736.58,677.45,59.13,263.42,1000.0,51449.96,0.15115261869818813,0.26342,0.00971125
A-EVAL-SC-C800-S532,SC-FAC,800,532,historical_recovered,US,200,3661.845,5803.095,214.125,783.08,775.325,7.755,216.92,1000.0,50036.865,0.11603921825970032,0.21692,0.00725386875
A-EVAL-SC-C800-S532,SC-FAC,800,532,historical_recovered,TLS,200,2026.695,3216.145,118.945,875.56,864.48,11.08,124.44,1000.0,50034.17,0.0643035154209254,0.12444,0.00402018125
A-EVAL-SC-C800-S532,SC-FAC,800,532,historical_recovered,LNS,200,3715.725,6273.725,255.8,711.365,616.87,94.495,288.635,1000.0,49506.24,0.12681157919485447,0.288635,0.00784215625
A-EVAL-SC-C800-S532,SC-FAC,800,532,historical_recovered,TLNS,200,3611.515,5925.915,231.44,751.86,675.26,76.6,248.14,1000.0,49090.1,0.12078405318105372,0.24814,0.0074073937500000004
A-EVAL-SC-C800-S532,SC-FAC,800,532,historical_recovered,TPLS,200,5646.96,8306.21,265.925,732.785,720.57,12.215,267.215,1000.0,47760.775,0.17402486293620026,0.267215,0.0103827625
A-EVAL-SC-C800-S532,SC-FAC,800,532,historical_recovered,PLS,200,6471.725,9697.625,322.59,678.4,646.19,32.21,321.6,1000.0,48725.25,0.19916430703519855,0.3216,0.01212203125
A-EVAL-SC-C800-S532,SC-FAC,800,532,historical_recovered,UB,200,3290.675,5180.425,188.975,808.29,802.915,5.375,191.71,1000.0,53402.855,0.09706778659671102,0.19171,0.00647553125
A-EVAL-SC-C800-S532,SC-FAC,800,532,historical_recovered,TLB,200,1824.92,2904.22,107.93,887.645,879.8,7.845,112.355,1000.0,53521.565,0.05430961594386545,0.112355,0.003630275
A-EVAL-SC-C800-S532,SC-FAC,800,532,historical_recovered,LNB,200,3631.645,6187.595,255.595,706.785,619.67,87.115,293.215,1000.0,52411.3,0.11818100368372267,0.293215,0.00773449375
A-EVAL-SC-C800-S532,SC-FAC,800,532,historical_recovered,TLNB,200,3397.635,5606.685,220.905,761.25,688.575,72.675,238.75,1000.0,51750.04,0.10842583182423436,0.23875,0.00700835625
A-EVAL-SC-C800-S532,SC-FAC,800,532,historical_recovered,TPLB,200,4976.065,7369.065,239.3,759.615,746.505,13.11,240.385,1000.0,50506.46,0.1460232559551723,0.240385,0.00921133125
A-EVAL-SC-C800-S532,SC-FAC,800,532,historical_recovered,PLB,200,5640.22,8543.17,290.295,710.335,677.45,32.885,289.665,1000.0,51449.96,0.1662168971175714,0.289665,0.0106789625
A-EVAL-SC-C800-S777,SC-FAC,800,777,historical_recovered,US,200,3433.215,5411.265,197.805,797.765,775.325,22.44,202.235,1000.0,50036.865,0.10819654661983373,0.202235,0.00676408125
A-EVAL-SC-C800-S777,SC-FAC,800,777,historical_recovered,TLS,200,1990.38,3141.48,115.11,878.035,864.48,13.555,121.965,1000.0,50034.17,0.06281067945705829,0.121965,0.00392685
A-EVAL-SC-C800-S777,SC-FAC,800,777,historical_recovered,LNS,200,3844.485,6389.435,254.495,704.395,616.87,87.525,295.605,1000.0,49506.24,0.1291472615832261,0.295605,0.00798679375
A-EVAL-SC-C800-S777,SC-FAC,800,777,historical_recovered,TLNS,200,3671.565,5983.865,231.23,748.795,675.26,73.535,251.205,1000.0,49090.1,0.121973849427419,0.251205,0.00747983125
A-EVAL-SC-C800-S777,SC-FAC,800,777,historical_recovered,TPLS,200,5740.01,8410.41,267.04,729.435,720.57,8.865,270.565,1000.0,47760.775,0.17621243143119156,0.270565,0.0105130125
A-EVAL-SC-C800-S777,SC-FAC,800,777,historical_recovered,PLS,200,6712.97,9981.47,326.85,668.975,646.19,22.785,331.025,1000.0,48725.25,0.2049941368154288,0.331025,0.0124768375
A-EVAL-SC-C800-S777,SC-FAC,800,777,historical_recovered,UB,200,3217.8,5049.3,183.15,813.1,802.915,10.185,186.9,1000.0,53402.855,0.09461904137319477,0.1869,0.006311625
A-EVAL-SC-C800-S777,SC-FAC,800,777,historical_recovered,TLB,200,1806.28,2853.73,104.745,889.205,879.8,9.405,110.795,1000.0,53521.565,0.05336368236057016,0.110795,0.0035671625
A-EVAL-SC-C800-S777,SC-FAC,800,777,historical_recovered,LNB,200,3763.69,6282.29,251.86,700.405,619.67,80.735,299.595,1000.0,52411.3,0.11999002382433273,0.299595,0.0078528625
A-EVAL-SC-C800-S777,SC-FAC,800,777,historical_recovered,TLNB,200,3511.77,5750.77,223.9,754.12,688.575,65.545,245.88,1000.0,51750.04,0.1112167183603141,0.24588000000000002,0.0071884625
A-EVAL-SC-C800-S777,SC-FAC,800,777,historical_recovered,TPLB,200,5094.66,7509.01,241.435,755.05,746.505,8.545,244.95,1000.0,50506.46,0.148804968325338,0.24495,0.009386262499999999
A-EVAL-SC-C800-S777,SC-FAC,800,777,historical_recovered,PLB,200,5863.045,8805.695,294.265,701.44,677.45,23.99,298.56,1000.0,51449.96,0.17134517747195194,0.29856,0.01100711875
A-EVAL-SC-C800-S999,SC-FAC,800,999,historical_recovered,US,200,3437.025,5426.775,198.975,797.165,775.325,21.84,202.835,1000.0,50036.865,0.10851531085998718,0.202835,0.0067834687500000004
A-EVAL-SC-C800-S999,SC-FAC,800,999,historical_recovered,TLS,200,2010.7,3166.2,115.55,877.585,864.48,13.105,122.415,1000.0,50034.17,0.06330613971537905,0.122415,0.00395775
A-EVAL-SC-C800-S999,SC-FAC,800,999,historical_recovered,LNS,200,3862.605,6538.705,267.61,702.19,616.87,85.32,297.81,1000.0,49506.24,0.13217006409640022,0.29781,0.00817338125
A-EVAL-SC-C800-S999,SC-FAC,800,999,historical_recovered,TLNS,200,3784.62,6233.22,244.86,740.98,675.26,65.72,259.02,1000.0,49090.1,0.12704329688484947,0.25902000000000003,0.007791525
A-EVAL-SC-C800-S999,SC-FAC,800,999,historical_recovered,TPLS,200,5425.715,7944.065,251.835,744.475,720.57,23.905,255.525,1000.0,47760.775,0.16643510771661113,0.255525,0.00993008125
A-EVAL-SC-C800-S999,SC-FAC,800,999,historical_recovered,PLS,200,6234.185,9268.835,303.465,692.61,646.19,46.42,307.39,1000.0,48725.25,0.1903673785123357,0.30739,0.01158604375
A-EVAL-SC-C800-S999,SC-FAC,800,999,historical_recovered,UB,200,3103.665,4868.965,176.53,819.815,802.915,16.9,180.185,1000.0,53402.855,0.0912296080307067,0.180185,0.00608620625
A-EVAL-SC-C800-S999,SC-FAC,800,999,historical_recovered,TLB,200,1796.325,2827.475,103.115,890.525,879.8,10.725,109.475,1000.0,53521.565,0.052871093988619604,0.109475,0.00353434375
A-EVAL-SC-C800-S999,SC-FAC,800,999,historical_recovered,LNB,200,3687.77,6264.52,257.675,705.21,619.67,85.54,294.79,1000.0,52411.3,0.11966919863500736,0.29479,0.00783065
A-EVAL-SC-C800-S999,SC-FAC,800,999,historical_recovered,TLNB,200,3537.28,5855.58,231.83,752.225,688.575,63.65,247.775,1000.0,51750.04,0.11327325827545531,0.247775,0.007319475
A-EVAL-SC-C800-S999,SC-FAC,800,999,historical_recovered,TPLB,200,4763.72,7016.87,225.315,771.11,746.505,24.605,228.89,1000.0,50506.46,0.13904832179592413,0.22889,0.0087710875
A-EVAL-SC-C800-S999,SC-FAC,800,999,historical_recovered,PLB,200,5385.455,8090.305,270.485,725.7,677.45,48.25,274.3,1000.0,51449.96,0.1574040998781925,0.2743,0.01011288125
B-EVAL-ZERO-C1200-S123,SC-FAC-zero,1200,123,historical_recovered,US,200,12632.92,17882.77,524.985,492.855,492.33,0.525,507.145,1000.0,50036.865,0.357519364736281,0.507145,0.014902308333333333
B-EVAL-ZERO-C1200-S123,SC-FAC-zero,1200,123,historical_recovered,TLS,200,14141.43,19457.73,531.63,492.175,487.49,4.685,507.825,1000.0,50034.17,0.38897953787473716,0.507825,0.016214775
B-EVAL-ZERO-C1200-S123,SC-FAC-zero,1200,123,historical_recovered,LNS,200,12410.8,17937.3,552.65,390.495,367.375,23.12,609.505,1000.0,49506.24,0.36256843393860366,0.609505,0.01494775
B-EVAL-ZERO-C1200-S123,SC-FAC-zero,1200,123,historical_recovered,TLNS,200,13524.72,19232.22,570.75,401.87,385.32,16.55,598.13,1000.0,49090.1,0.39194790592149265,0.5981299999999999,0.01602685
B-EVAL-ZERO-C1200-S123,SC-FAC-zero,1200,123,historical_recovered,TPLS,200,19082.665,26188.715,710.605,284.73,279.71,5.02,715.27,1000.0,47760.775,0.548603548573298,0.71527,0.021823929166666665
B-EVAL-ZERO-C1200-S123,SC-FAC-zero,1200,123,historical_recovered,PLS,200,18450.795,25639.545,718.875,274.565,262.385,12.18,725.435,1000.0,48725.25,0.5265213348613789,0.7254349999999999,0.0213662875
B-EVAL-ZERO-C1200-S123,SC-FAC-zero,1200,123,historical_recovered,UB,200,11602.6,16612.5,500.99,534.165,533.94,0.225,465.835,1000.0,53402.855,0.31123141105060104,0.465835,0.01384375
B-EVAL-ZERO-C1200-S123,SC-FAC-zero,1200,123,historical_recovered,TLB,200,12271.96,17276.16,500.42,549.515,545.345,4.17,450.485,1000.0,53521.565,0.32299375109975337,0.450485,0.0143968
B-EVAL-ZERO-C1200-S123,SC-FAC-zero,1200,123,historical_recovered,LNB,200,11560.47,16856.72,529.625,412.835,392.77,20.065,587.165,1000.0,52411.3,0.32191876203185726,0.5871649999999999,0.014047266666666667
B-EVAL-ZERO-C1200-S123,SC-FAC-zero,1200,123,historical_recovered,TLNB,200,12559.88,18007.63,544.775,434.085,422.17,11.915,565.915,1000.0,51750.04,0.34822037777405146,0.565915,0.015006358333333334
B-EVAL-ZERO-C1200-S123,SC-FAC-zero,1200,123,historical_recovered,TPLB,200,17901.24,24519.64,661.84,337.66,334.91,2.75,662.34,1000.0,50506.46,0.485746765763697,0.66234,0.020433033333333333
B-EVAL-ZERO-C1200-S123,SC-FAC-zero,1200,123,historical_recovered,PLB,200,17619.955,24437.255,681.73,312.845,302.625,10.22,687.155,1000.0,51449.96,0.4753135072159702,0.687155,0.02036437916666667
B-EVAL-ZERO-C1200-S323,SC-FAC-zero,1200,323,historical_recovered,US,200,12698.205,17879.455,518.125,492.93,492.33,0.6,507.07,1000.0,50036.865,0.3574528575477845,0.50707,0.014899545833333333
B-EVAL-ZERO-C1200-S323,SC-FAC-zero,1200,323,historical_recovered,TLS,200,14283.695,19491.495,520.78,491.43,487.49,3.94,508.57,1000.0,50034.17,0.3896532840545599,0.50857,0.0162429125
B-EVAL-ZERO-C1200-S323,SC-FAC-zero,1200,323,historical_recovered,LNS,200,12326.54,17722.04,539.55,395.905,367.375,28.53,604.095,1000.0,49506.24,0.35820270473389726,0.6040949999999999,0.014768366666666666
B-EVAL-ZERO-C1200-S323,SC-FAC-zero,1200,323,historical_recovered,TLNS,200,13429.695,19023.345,559.365,406.96,385.32,21.64,593.04,1000.0,49090.1,0.3876987508811169,0.59304,0.0158527875
B-EVAL-ZERO-C1200-S323,SC-FAC-zero,1200,323,historical_recovered,TPLS,200,19145.11,26286.31,714.12,282.04,279.71,2.33,717.96,1000.0,47760.775,0.5506501631350795,0.7179599999999999,0.021905258333333334
B-EVAL-ZERO-C1200-S323,SC-FAC-zero,1200,323,historical_recovered,PLS,200,18543.74,25788.99,724.525,270.375,262.385,7.99,729.625,1000.0,48725.25,0.5295995533729874,0.729625,0.021490825
B-EVAL-ZERO-C1200-S323,SC-FAC-zero,1200,323,historical_recovered,UB,200,11672.61,16612.81,494.02,534.16,533.94,0.22,465.84,1000.0,53402.855,0.311237058290871,0.46584,0.013844008333333333
B-EVAL-ZERO-C1200-S323,SC-FAC-zero,1200,323,historical_recovered,TLB,200,12448.205,17343.605,489.54,547.99,545.345,2.645,452.01,1000.0,53521.565,0.3242521690429655,0.45201,0.014453004166666667
B-EVAL-ZERO-C1200-S323,SC-FAC-zero,1200,323,historical_recovered,LNB,200,11505.86,16684.46,517.86,417.06,392.77,24.29,582.94,1000.0,52411.3,0.31862450920412055,0.58294,0.013903716666666666
B-EVAL-ZERO-C1200-S323,SC-FAC-zero,1200,323,historical_recovered,TLNB,200,12477.82,17804.12,532.63,438.955,422.17,16.785,561.045,1000.0,51750.04,0.3442706008967974,0.561045,0.014836766666666666
B-EVAL-ZERO-C1200-S323,SC-FAC-zero,1200,323,historical_recovered,TPLB,200,17949.465,24579.565,663.01,335.975,334.91,1.065,664.025,1000.0,50506.46,0.4869362745351383,0.664025,0.020482970833333333
B-EVAL-ZERO-C1200-S323,SC-FAC-zero,1200,323,historical_recovered,PLB,200,17692.075,24560.125,686.805,309.385,302.625,6.76,690.615,1000.0,51449.96,0.4777074761964013,0.690615,0.020466770833333335
B-EVAL-ZERO-C1200-S532,SC-FAC-zero,1200,532,historical_recovered,US,200,12832.525,17890.525,505.8,492.655,492.33,0.325,507.345,1000.0,50036.865,0.35767469449373057,0.507345,0.014908770833333333
B-EVAL-ZERO-C1200-S532,SC-FAC-zero,1200,532,historical_recovered,TLS,200,14408.335,19450.535,504.22,492.355,487.49,4.865,507.645,1000.0,50034.17,0.3888335567643732,0.507645,0.016208779166666666
B-EVAL-ZERO-C1200-S532,SC-FAC-zero,1200,532,historical_recovered,LNS,200,12370.56,17783.51,541.295,394.22,367.375,26.845,605.78,1000.0,49506.24,0.3594530298804302,0.60578,0.014819591666666666
B-EVAL-ZERO-C1200-S532,SC-FAC-zero,1200,532,historical_recovered,TLNS,200,13471.555,19100.505,562.895,404.955,385.32,19.635,595.045,1000.0,49090.1,0.38927553546989274,0.5950449999999999,0.0159170875
B-EVAL-ZERO-C1200-S532,SC-FAC-zero,1200,532,historical_recovered,TPLS,200,19130.235,26261.185,713.095,282.755,279.71,3.045,717.245,1000.0,47760.775,0.5501212752686199,0.717245,0.02188432083333333
B-EVAL-ZERO-C1200-S532,SC-FAC-zero,1200,532,historical_recovered,PLS,200,18429.77,25624.17,719.44,275.065,262.385,12.68,724.935,1000.0,48725.25,0.526205204740505,0.724935,0.021353475
B-EVAL-ZERO-C1200-S532,SC-FAC-zero,1200,532,historical_recovered,UB,200,11970.82,16617.17,464.635,534.055,533.94,0.115,465.945,1000.0,53402.855,0.311319125939301,0.465945,0.013847641666666667
B-EVAL-ZERO-C1200-S532,SC-FAC-zero,1200,532,historical_recovered,TLB,200,12762.845,17290.345,452.75,549.205,545.345,3.86,450.795,1000.0,53521.565,0.32326412794809467,0.450795,0.014408620833333333
B-EVAL-ZERO-C1200-S532,SC-FAC-zero,1200,532,historical_recovered,LNB,200,11528.225,16668.125,513.99,417.18,392.77,24.41,582.82,1000.0,52411.3,0.31832184186413637,0.58282,0.013890104166666667
B-EVAL-ZERO-C1200-S532,SC-FAC-zero,1200,532,historical_recovered,TLNB,200,12505.695,17817.595,531.19,438.595,422.17,16.425,561.405,1000.0,51750.04,0.34453526215045394,0.561405,0.014847995833333334
B-EVAL-ZERO-C1200-S532,SC-FAC-zero,1200,532,historical_recovered,TPLB,200,17971.675,24583.075,661.14,335.875,334.91,0.965,664.125,1000.0,50506.46,0.4870017599521224,0.6641250000000001,0.020485895833333333
B-EVAL-ZERO-C1200-S532,SC-FAC-zero,1200,532,historical_recovered,PLB,200,17640.425,24471.975,683.155,311.905,302.625,9.28,688.095,1000.0,51449.96,0.4759650637548926,0.688095,0.0203933125
B-EVAL-ZERO-C1200-S777,SC-FAC-zero,1200,777,stage2_new_current_runtime,US,200,12652.985,17871.535,521.855,493.13,492.33,0.8,506.87,1000.0,50036.865,0.3572933350628918,0.50687,0.014892945833333334
B-EVAL-ZERO-C1200-S777,SC-FAC-zero,1200,777,stage2_new_current_runtime,TLS,200,14270.065,19548.865,527.88,490.135,487.49,2.645,509.865,1000.0,50034.17,0.39079596793045784,0.509865,0.016290720833333334
B-EVAL-ZERO-C1200-S777,SC-FAC-zero,1200,777,stage2_new_current_runtime,LNS,200,12290.15,17573.15,528.3,399.585,367.375,32.21,600.415,1000.0,49506.24,0.35518600967738784,0.600415,0.014644291666666667
B-EVAL-ZERO-C1200-S777,SC-FAC-zero,1200,777,stage2_new_current_runtime,TLNS,200,13355.505,18856.455,550.095,411.195,385.32,25.875,588.805,1000.0,49090.1,0.3842905032253868,0.588805,0.0157137125
B-EVAL-ZERO-C1200-S777,SC-FAC-zero,1200,777,stage2_new_current_runtime,TPLS,200,19182.725,26330.225,714.75,280.885,279.71,1.175,719.115,1000.0,47760.775,0.5515778388885668,0.719115,0.021941854166666667
B-EVAL-ZERO-C1200-S777,SC-FAC-zero,1200,777,stage2_new_current_runtime,PLS,200,18598.92,25848.42,724.95,268.72,262.385,6.335,731.28,1000.0,48725.25,0.5308261657472448,0.7312799999999999,0.02154035
B-EVAL-ZERO-C1200-S777,SC-FAC-zero,1200,777,stage2_new_current_runtime,UB,200,11628.51,16611.66,498.315,534.19,533.94,0.25,465.81,1000.0,53402.855,0.31121463537960936,0.46581,0.013843049999999999
B-EVAL-ZERO-C1200-S777,SC-FAC-zero,1200,777,stage2_new_current_runtime,TLB,200,12425.8,17404.75,497.895,546.625,545.345,1.28,453.375,1000.0,53521.565,0.3253991037080348,0.45337500000000003,0.014503958333333334
B-EVAL-ZERO-C1200-S777,SC-FAC-zero,1200,777,stage2_new_current_runtime,LNB,200,11500.335,16592.335,509.2,419.235,392.77,26.465,580.765,1000.0,52411.3,0.3168609723668942,0.580765,0.013826945833333333
B-EVAL-ZERO-C1200-S777,SC-FAC-zero,1200,777,stage2_new_current_runtime,TLNB,200,12421.88,17689.18,526.73,441.93,422.17,19.76,558.07,1000.0,51750.04,0.34202587041213944,0.5580700000000001,0.014740983333333334
B-EVAL-ZERO-C1200-S777,SC-FAC-zero,1200,777,stage2_new_current_runtime,TPLB,200,17956.915,24600.665,664.375,335.395,334.91,0.485,664.605,1000.0,50506.46,0.48735571531919913,0.664605,0.020500554166666667
B-EVAL-ZERO-C1200-S777,SC-FAC-zero,1200,777,stage2_new_current_runtime,PLB,200,17710.045,24569.745,685.97,309.075,302.625,6.45,690.925,1000.0,51449.96,0.47789212770602896,0.690925,0.0204747875
B-EVAL-ZERO-C1200-S999,SC-FAC-zero,1200,999,stage2_new_current_runtime,US,200,12377.58,17867.93,549.035,493.235,492.33,0.905,506.765,1000.0,50036.865,0.35722137796912024,0.506765,0.014889941666666667
B-EVAL-ZERO-C1200-S999,SC-FAC-zero,1200,999,stage2_new_current_runtime,TLS,200,14115.75,19503.5,538.775,491.19,487.49,3.7,508.81,1000.0,50034.17,0.38989350271101875,0.50881,0.016252916666666666
B-EVAL-ZERO-C1200-S999,SC-FAC-zero,1200,999,stage2_new_current_runtime,LNS,200,12307.505,18179.055,587.155,385.065,367.375,17.69,614.935,1000.0,49506.24,0.36745481210502146,0.614935,0.0151492125
B-EVAL-ZERO-C1200-S999,SC-FAC-zero,1200,999,stage2_new_current_runtime,TLNS,200,13379.26,19346.26,596.7,399.33,385.32,14.01,600.67,1000.0,49090.1,0.39428346518630303,0.6006699999999999,0.016121883333333333
B-EVAL-ZERO-C1200-S999,SC-FAC-zero,1200,999,stage2_new_current_runtime,TPLS,200,18784.84,25822.39,703.755,294.78,279.71,15.07,705.22,1000.0,47760.775,0.5409068162879129,0.70522,0.021518658333333333
B-EVAL-ZERO-C1200-S999,SC-FAC-zero,1200,999,stage2_new_current_runtime,PLS,200,18079.13,25163.38,708.425,288.095,262.385,25.71,711.905,1000.0,48725.25,0.5167287216533167,0.711905,0.020969483333333334
B-EVAL-ZERO-C1200-S999,SC-FAC-zero,1200,999,stage2_new_current_runtime,UB,200,11485.1,16604.3,511.92,534.39,533.94,0.45,465.61,1000.0,53402.855,0.31107665094098735,0.46561,0.013836916666666666
B-EVAL-ZERO-C1200-S999,SC-FAC-zero,1200,999,stage2_new_current_runtime,TLB,200,12475.27,17303.37,482.81,548.935,545.345,3.59,451.065,1000.0,53521.565,0.3234992987720242,0.451065,0.014419475
B-EVAL-ZERO-C1200-S999,SC-FAC-zero,1200,999,stage2_new_current_runtime,LNB,200,11429.39,17067.54,563.815,408.075,392.77,15.305,591.925,1000.0,52411.3,0.3259565472668194,0.5919249999999999,0.01422295
B-EVAL-ZERO-C1200-S999,SC-FAC-zero,1200,999,stage2_new_current_runtime,TLNB,200,12375.54,18062.94,568.74,432.935,422.17,10.765,567.065,1000.0,51750.04,0.34928943244459015,0.567065,0.01505245
B-EVAL-ZERO-C1200-S999,SC-FAC-zero,1200,999,stage2_new_current_runtime,TPLB,200,17692.95,24290.95,659.8,343.915,334.91,9.005,656.085,1000.0,50506.46,0.48119539889041996,0.656085,0.020242458333333335
B-EVAL-ZERO-C1200-S999,SC-FAC-zero,1200,999,stage2_new_current_runtime,PLB,200,17307.4,24069.15,676.175,323.405,302.625,20.78,676.595,1000.0,51449.96,0.4681448135532593,0.6765950000000001,0.020057625
B-EVAL-ZERO-C800-S123,SC-FAC-zero,800,123,historical_recovered,US,200,3323.765,5240.315,191.655,804.08,775.325,28.755,195.92,1000.0,50036.865,0.10478377043230573,0.19592,0.00655039375
B-EVAL-ZERO-C800-S123,SC-FAC-zero,800,123,historical_recovered,TLS,200,1841.31,2866.31,102.5,888.36,864.48,23.88,111.64,1000.0,50034.17,0.057314887233420354,0.11164,0.0035828875
B-EVAL-ZERO-C800-S123,SC-FAC-zero,800,123,historical_recovered,LNS,200,3325.275,5602.625,227.735,741.935,616.87,125.065,258.065,1000.0,49506.24,0.11325798397261706,0.258065,0.00700328125
B-EVAL-ZERO-C800-S123,SC-FAC-zero,800,123,historical_recovered,TLNS,200,3303.745,5406.995,210.325,773.205,675.26,97.945,226.795,1000.0,49090.1,0.11019811663457009,0.226795,0.00675874375
B-EVAL-ZERO-C800-S123,SC-FAC-zero,800,123,historical_recovered,TPLS,200,5053.16,7386.31,233.315,762.415,720.57,41.845,237.585,1000.0,47760.775,0.1547488625838866,0.237585,0.0092328875
B-EVAL-ZERO-C800-S123,SC-FAC-zero,800,123,historical_recovered,PLS,200,5756.705,8548.905,279.22,716.465,646.19,70.275,283.535,1000.0,48725.25,0.1755723817134923,0.283535,0.01068613125
B-EVAL-ZERO-C800-S123,SC-FAC-zero,800,123,historical_recovered,UB,200,3009.57,4710.62,170.105,825.665,802.915,22.75,174.335,1000.0,53402.855,0.08826201455054694,0.174335,0.005888275
B-EVAL-ZERO-C800-S123,SC-FAC-zero,800,123,historical_recovered,TLB,200,1622.365,2521.615,89.925,901.39,879.8,21.59,98.61,1000.0,53521.565,0.04715660965035314,0.09861,0.00315201875
B-EVAL-ZERO-C800-S123,SC-FAC-zero,800,123,historical_recovered,LNB,200,3210.71,5448.66,223.795,741.15,619.67,121.48,258.85,1000.0,52411.3,0.10406694624935697,0.25885,0.006810825
B-EVAL-ZERO-C800-S123,SC-FAC-zero,800,123,historical_recovered,TLNB,200,3101.94,5102.14,200.02,782.04,688.575,93.465,217.96,1000.0,51750.04,0.09867165911711087,0.21796000000000001,0.006377675
B-EVAL-ZERO-C800-S123,SC-FAC-zero,800,123,historical_recovered,TPLB,200,4443.185,6531.135,208.795,786.96,746.505,40.455,213.04,1000.0,50506.46,0.12941630507541693,0.21304,0.00816391875
B-EVAL-ZERO-C800-S123,SC-FAC-zero,800,123,historical_recovered,PLB,200,4998.985,7498.685,249.97,745.75,677.45,68.3,254.25,1000.0,51449.96,0.14589366210780183,0.25425000000000003,0.00937335625
B-EVAL-ZERO-C800-S323,SC-FAC-zero,800,323,historical_recovered,US,200,3525.725,5590.475,206.475,791.05,775.325,15.725,208.95,1000.0,50036.865,0.11177109974954334,0.20895,0.00698809375
B-EVAL-ZERO-C800-S323,SC-FAC-zero,800,323,historical_recovered,TLS,200,1852.015,2901.815,104.98,886.595,864.48,22.115,113.405,1000.0,50034.17,0.058020589338543156,0.113405,0.00362726875
B-EVAL-ZERO-C800-S323,SC-FAC-zero,800,323,historical_recovered,LNS,200,3795.83,6305.88,251.005,706.76,616.87,89.89,293.24,1000.0,49506.24,0.1274636935944894,0.29324,0.00788235
B-EVAL-ZERO-C800-S323,SC-FAC-zero,800,323,historical_recovered,TLNS,200,3583.365,5838.465,225.51,753.74,675.26,78.48,246.26,1000.0,49090.1,0.1189856636653574,0.24626,0.00729808125
B-EVAL-ZERO-C800-S323,SC-FAC-zero,800,323,historical_recovered,TPLS,200,5815.565,8549.765,273.42,724.955,720.57,4.385,275.045,1000.0,47760.775,0.1791435031596537,0.275045,0.01068720625
B-EVAL-ZERO-C800-S323,SC-FAC-zero,800,323,historical_recovered,PLS,200,6825.88,10181.68,335.58,662.35,646.19,16.16,337.65,1000.0,48725.25,0.2091260897452627,0.33765,0.0127271
B-EVAL-ZERO-C800-S323,SC-FAC-zero,800,323,historical_recovered,UB,200,3210.09,5059.64,184.955,812.76,802.915,9.845,187.24,1000.0,53402.855,0.09480668301465797,0.18724,0.00632455
B-EVAL-ZERO-C800-S323,SC-FAC-zero,800,323,historical_recovered,TLB,200,1672.755,2619.905,94.715,897.62,879.8,17.82,102.38,1000.0,53521.565,0.04900218865691474,0.10238,0.00327488125
B-EVAL-ZERO-C800-S323,SC-FAC-zero,800,323,historical_recovered,LNB,200,3725.2,6205.0,247.98,702.16,619.67,82.49,297.84,1000.0,52411.3,0.1185130653451574,0.29784,0.00775625
B-EVAL-ZERO-C800-S323,SC-FAC-zero,800,323,historical_recovered,TLNB,200,3431.085,5612.985,218.19,759.255,688.575,70.68,240.745,1000.0,51750.04,0.1085547204375157,0.24074500000000001,0.00701623125
B-EVAL-ZERO-C800-S323,SC-FAC-zero,800,323,historical_recovered,TPLB,200,5129.595,7588.495,245.89,752.47,746.505,5.965,247.53,1000.0,50506.46,0.15038713494039466,0.24753,0.00948561875
B-EVAL-ZERO-C800-S323,SC-FAC-zero,800,323,historical_recovered,PLB,200,5913.22,8913.72,300.05,697.725,677.45,20.275,302.275,1000.0,51449.96,0.1734373204795605,0.302275,0.01114215
B-EVAL-ZERO-C800-S532,SC-FAC-zero,800,532,historical_recovered,US,200,3574.34,5711.14,213.68,786.505,775.325,11.18,213.495,1000.0,50036.865,0.11419908810960844,0.213495,0.007138925
B-EVAL-ZERO-C800-S532,SC-FAC-zero,800,532,historical_recovered,TLS,200,1969.235,3212.735,124.35,875.595,864.48,11.115,124.405,1000.0,50034.17,0.0642397878352581,0.124405,0.00401591875
B-EVAL-ZERO-C800-S532,SC-FAC-zero,800,532,historical_recovered,LNS,200,3928.07,6785.27,285.72,692.6,616.87,75.73,307.4,1000.0,49506.24,0.13714683892085677,0.3074,0.0084815875
B-EVAL-ZERO-C800-S532,SC-FAC-zero,800,532,historical_recovered,TLNS,200,3912.655,6519.355,260.67,729.295,675.26,54.035,270.705,1000.0,49090.1,0.1328843058260947,0.27070500000000003,0.00814919375
B-EVAL-ZERO-C800-S532,SC-FAC-zero,800,532,historical_recovered,TPLS,200,5665.05,8335.35,267.03,731.86,720.57,11.29,268.14,1000.0,47760.775,0.17464206555768047,0.26814,0.0104191875
B-EVAL-ZERO-C800-S532,SC-FAC-zero,800,532,historical_recovered,PLS,200,6632.52,9893.02,326.05,671.92,646.19,25.73,328.08,1000.0,48725.25,0.20319412562127256,0.32808,0.012366275
B-EVAL-ZERO-C800-S532,SC-FAC-zero,800,532,historical_recovered,UB,200,3196.445,5091.495,189.505,811.55,802.915,8.635,188.45,1000.0,53402.855,0.09540390903139176,0.18845,0.00636436875
B-EVAL-ZERO-C800-S532,SC-FAC-zero,800,532,historical_recovered,TLB,200,1707.21,2816.06,110.885,890.695,879.8,10.895,109.305,1000.0,53521.565,0.05266230934447453,0.109305,0.003520075
B-EVAL-ZERO-C800-S532,SC-FAC-zero,800,532,historical_recovered,LNB,200,3768.245,6577.845,280.96,693.43,619.67,73.76,306.57,1000.0,52411.3,0.1256450967453844,0.30657,0.00822230625
B-EVAL-ZERO-C800-S532,SC-FAC-zero,800,532,historical_recovered,TLNB,200,3659.78,6146.78,248.7,740.475,688.575,51.9,259.525,1000.0,51750.04,0.11888776302044306,0.259525,0.007683475
B-EVAL-ZERO-C800-S532,SC-FAC-zero,800,532,historical_recovered,TPLB,200,4965.705,7358.605,239.29,759.96,746.505,13.455,240.04,1000.0,50506.46,0.14582895614643737,0.24004,0.00919825625
B-EVAL-ZERO-C800-S532,SC-FAC-zero,800,532,historical_recovered,PLB,200,5753.92,8681.82,292.79,705.625,677.45,28.175,294.375,1000.0,51449.96,0.168926546926884,0.294375,0.010852275
B-EVAL-ZERO-C800-S777,SC-FAC-zero,800,777,stage2_new_current_runtime,US,200,3726.555,5940.405,221.385,777.95,775.325,2.625,222.05,1000.0,50036.865,0.11878775586857922,0.22205,0.00742550625
B-EVAL-ZERO-C800-S777,SC-FAC-zero,800,777,stage2_new_current_runtime,TLS,200,2026.415,3222.565,119.615,874.985,864.48,10.505,125.015,1000.0,50034.17,0.06443465220305288,0.12501500000000002,0.00402820625
B-EVAL-ZERO-C800-S777,SC-FAC-zero,800,777,stage2_new_current_runtime,LNS,200,4347.03,7442.58,309.555,661.21,616.87,44.34,338.79,1000.0,49506.24,0.15045754872089306,0.33879,0.009303225
B-EVAL-ZERO-C800-S777,SC-FAC-zero,800,777,stage2_new_current_runtime,TLNS,200,4281.085,7116.835,283.575,704.145,675.26,28.885,295.855,1000.0,49090.1,0.1450663301333726,0.295855,0.00889604375
B-EVAL-ZERO-C800-S777,SC-FAC-zero,800,777,stage2_new_current_runtime,TPLS,200,5789.15,8510.6,272.145,726.205,720.57,5.635,273.795,1000.0,47760.775,0.17831453052681034,0.273795,0.01063825
B-EVAL-ZERO-C800-S777,SC-FAC-zero,800,777,stage2_new_current_runtime,PLS,200,6780.885,10115.235,333.435,664.54,646.19,18.35,335.46,1000.0,48725.25,0.2077510750930799,0.33546,0.01264404375
B-EVAL-ZERO-C800-S777,SC-FAC-zero,800,777,stage2_new_current_runtime,UB,200,3330.035,5278.035,194.8,804.61,802.915,1.695,195.39,1000.0,53402.855,0.09890026977477075,0.19539,0.00659754375
B-EVAL-ZERO-C800-S777,SC-FAC-zero,800,777,stage2_new_current_runtime,TLB,200,1788.035,2846.485,105.845,889.375,879.8,9.575,110.625,1000.0,53521.565,0.05323433281438624,0.110625,0.00355810625
B-EVAL-ZERO-C800-S777,SC-FAC-zero,800,777,stage2_new_current_runtime,LNB,200,4145.685,7145.185,299.95,664.555,619.67,44.885,335.445,1000.0,52411.3,0.1364893960322121,0.335445,0.00893148125
B-EVAL-ZERO-C800-S777,SC-FAC-zero,800,777,stage2_new_current_runtime,TLNB,200,3997.42,6686.62,268.92,717.135,688.575,28.56,282.865,1000.0,51750.04,0.129346872514046,0.282865,0.008358275
B-EVAL-ZERO-C800-S777,SC-FAC-zero,800,777,stage2_new_current_runtime,TPLB,200,5124.15,7580.65,245.65,752.725,746.505,6.22,247.275,1000.0,50506.46,0.15022547965456512,0.247275,0.0094758125
B-EVAL-ZERO-C800-S777,SC-FAC-zero,800,777,stage2_new_current_runtime,PLB,200,5924.57,8934.02,300.945,697.075,677.45,19.625,302.925,1000.0,51449.96,0.1738338183029789,0.302925,0.011167525
B-EVAL-ZERO-C800-S999,SC-FAC-zero,800,999,stage2_new_current_runtime,US,200,3732.465,5939.815,220.735,777.955,775.325,2.63,222.045,1000.0,50036.865,0.11877608223331272,0.222045,0.00742476875
B-EVAL-ZERO-C800-S999,SC-FAC-zero,800,999,stage2_new_current_runtime,TLS,200,2160.26,3482.31,132.205,865.97,864.48,1.49,134.03,1000.0,50034.17,0.06962940625156006,0.13403,0.0043528875
B-EVAL-ZERO-C800-S999,SC-FAC-zero,800,999,stage2_new_current_runtime,LNS,200,4460.16,7754.66,329.45,650.155,616.87,33.285,349.845,1000.0,49506.24,0.15675116790765467,0.349845,0.009693325000000001
B-EVAL-ZERO-C800-S999,SC-FAC-zero,800,999,stage2_new_current_runtime,TLNS,200,4431.045,7432.345,300.13,692.985,675.26,17.725,307.015,1000.0,49090.1,0.15149058521589367,0.307015,0.00929043125
B-EVAL-ZERO-C800-S999,SC-FAC-zero,800,999,stage2_new_current_runtime,TPLS,200,5802.145,8523.495,272.135,725.8,720.57,5.23,274.2,1000.0,47760.775,0.17858415497209745,0.2742,0.01065436875
B-EVAL-ZERO-C800-S999,SC-FAC-zero,800,999,stage2_new_current_runtime,PLS,200,6856.17,10202.82,334.665,661.66,646.19,15.47,338.34,1000.0,48725.25,0.20955332689679151,0.33834000000000003,0.012753525
B-EVAL-ZERO-C800-S999,SC-FAC-zero,800,999,stage2_new_current_runtime,UB,200,3331.025,5273.775,194.275,804.78,802.915,1.865,195.22,1000.0,53402.855,0.09882043971509563,0.19522,0.00659221875
B-EVAL-ZERO-C800-S999,SC-FAC-zero,800,999,stage2_new_current_runtime,TLB,200,1913.955,3085.705,117.175,881.075,879.8,1.275,118.925,1000.0,53521.565,0.05770702048605881,0.118925,0.00385713125
B-EVAL-ZERO-C800-S999,SC-FAC-zero,800,999,stage2_new_current_runtime,LNB,200,4248.415,7465.065,321.665,652.93,619.67,33.26,347.07,1000.0,52411.3,0.14257915801963916,0.34707,0.00933133125
B-EVAL-ZERO-C800-S999,SC-FAC-zero,800,999,stage2_new_current_runtime,TLNB,200,4143.765,7016.165,287.24,705.335,688.575,16.76,294.665,1000.0,51750.04,0.13570119001862033,0.294665,0.00877020625
B-EVAL-ZERO-C800-S999,SC-FAC-zero,800,999,stage2_new_current_runtime,TPLB,200,5143.8,7599.5,245.57,752.115,746.505,5.61,247.885,1000.0,50506.46,0.15060057963285106,0.247885,0.009499375000000001
B-EVAL-ZERO-C800-S999,SC-FAC-zero,800,999,stage2_new_current_runtime,PLB,200,5998.305,9018.455,302.015,694.21,677.45,16.76,305.79,1000.0,51449.96,0.1754761458339228,0.30579,0.01127306875
C-EVAL-BFT05-C1200,BF-T0.5,1200,,rule,US,200,13370.06,17903.31,453.325,492.33,492.33,0.0,507.67,1000.0,50036.865,0.3579321460174577,0.50767,0.014919425
C-EVAL-BFT05-C1200,BF-T0.5,1200,,rule,TLS,200,14881.34,19667.79,478.645,487.49,487.49,0.0,512.51,1000.0,50034.17,0.3931804304388456,0.51251,0.016389825
C-EVAL-BFT05-C1200,BF-T0.5,1200,,rule,LNS,200,14120.515,18915.415,479.49,367.375,367.375,0.0,632.625,1000.0,49506.24,0.3823619652095201,0.632625,0.015762845833333334
C-EVAL-BFT05-C1200,BF-T0.5,1200,,rule,TLNS,200,14862.685,19924.385,506.17,385.32,385.32,0.0,614.68,1000.0,49090.1,0.406082195124563,0.61468,0.016603654166666666
C-EVAL-BFT05-C1200,BF-T0.5,1200,,rule,TPLS,200,19177.535,26373.185,719.565,279.71,279.71,0.0,720.29,1000.0,47760.775,0.5524822509637141,0.72029,0.021977654166666666
C-EVAL-BFT05-C1200,BF-T0.5,1200,,rule,PLS,200,18703.44,26072.49,736.905,262.385,262.385,0.0,737.615,1000.0,48725.25,0.535439747876078,0.737615,0.021727075
C-EVAL-BFT05-C1200,BF-T0.5,1200,,rule,UB,200,12407.95,16621.5,421.355,533.94,533.94,0.0,466.06,1000.0,53402.855,0.3114009623167606,0.46606,0.01385125
C-EVAL-BFT05-C1200,BF-T0.5,1200,,rule,TLB,200,13216.015,17463.415,424.74,545.345,545.345,0.0,454.655,1000.0,53521.565,0.3264969415166851,0.45465500000000003,0.014552845833333333
C-EVAL-BFT05-C1200,BF-T0.5,1200,,rule,LNB,200,13222.765,17711.565,448.88,392.77,392.77,0.0,607.23,1000.0,52411.3,0.3382707328541716,0.6072299999999999,0.0147596375
C-EVAL-BFT05-C1200,BF-T0.5,1200,,rule,TLNB,200,13819.33,18510.98,469.165,422.17,422.17,0.0,577.83,1000.0,51750.04,0.35797122131478915,0.57783,0.015425816666666666
C-EVAL-BFT05-C1200,BF-T0.5,1200,,rule,TPLB,200,17974.475,24618.575,664.41,334.91,334.91,0.0,665.09,1000.0,50506.46,0.4877127352747671,0.6650900000000001,0.020515479166666666
C-EVAL-BFT05-C1200,BF-T0.5,1200,,rule,PLB,200,17830.575,24797.325,696.675,302.625,302.625,0.0,697.375,1000.0,51449.96,0.48234377442831833,0.697375,0.0206644375
C-EVAL-BFT05-C800,BF-T0.5,800,,rule,US,200,3766.075,6010.525,224.445,775.325,775.325,0.0,224.675,1000.0,50036.865,0.1201923626735582,0.22467499999999999,0.00751315625
C-EVAL-BFT05-C800,BF-T0.5,800,,rule,TLS,200,2256.845,3527.345,127.05,864.48,864.48,0.0,135.52,1000.0,50034.17,0.07053134610744963,0.13552,0.00440918125
C-EVAL-BFT05-C800,BF-T0.5,800,,rule,LNS,200,5316.15,8598.45,328.23,616.87,616.87,0.0,383.13,1000.0,49506.24,0.17384329929143585,0.38313,0.0107480625
C-EVAL-BFT05-C800,BF-T0.5,800,,rule,TLNS,200,4916.16,7891.01,297.485,675.26,675.26,0.0,324.74,1000.0,49090.1,0.16085383117254323,0.32474000000000003,0.0098637625
C-EVAL-BFT05-C800,BF-T0.5,800,,rule,TPLS,200,5894.555,8685.805,279.125,720.57,720.57,0.0,279.43,1000.0,47760.775,0.18199374693029519,0.27943,0.01085725625
C-EVAL-BFT05-C800,BF-T0.5,800,,rule,PLS,200,7134.33,10669.03,353.47,646.19,646.19,0.0,353.81,1000.0,48725.25,0.21914446552928646,0.35381,0.0133362875
C-EVAL-BFT05-C800,BF-T0.5,800,,rule,UB,200,3354.875,5323.525,196.865,802.915,802.915,0.0,197.085,1000.0,53402.855,0.0997542598789378,0.197085,0.00665440625
C-EVAL-BFT05-C800,BF-T0.5,800,,rule,TLB,200,1999.345,3123.795,112.445,879.8,879.8,0.0,120.2,1000.0,53521.565,0.058420256567352474,0.1202,0.00390474375
C-EVAL-BFT05-C800,BF-T0.5,800,,rule,LNB,200,5138.285,8311.535,317.325,619.67,619.67,0.0,380.33,1000.0,52411.3,0.15876739713205157,0.38033,0.01038941875
C-EVAL-BFT05-C800,BF-T0.5,800,,rule,TLNB,200,4629.135,7446.635,281.75,688.575,688.575,0.0,311.425,1000.0,51750.04,0.1440483318395063,0.311425,0.00930829375
C-EVAL-BFT05-C800,BF-T0.5,800,,rule,TPLB,200,5239.375,7771.525,253.215,746.505,746.505,0.0,253.495,1000.0,50506.46,0.1540152741543404,0.253495,0.00971440625
C-EVAL-BFT05-C800,BF-T0.5,800,,rule,PLB,200,6290.765,9512.815,322.205,677.45,677.45,0.0,322.55,1000.0,51449.96,0.1851137248238132,0.32255,0.01189101875
