contrast_id,C,stream_group,n_regimes,mean_money_delta,mean_settled_delta,mean_flushes_delta,interpretation
A_C800_SC-FAC_minus_JA-PPO,800,smooth,6,619.5715,996.9114999999999,37.733999999999995,descriptive_not_inferential
A_C800_SC-FAC_minus_JA-PPO,800,bursty,6,551.1800000000001,900.655,34.947500000000005,descriptive_not_inferential
A_C800_IFAC_minus_JA-PPO,800,smooth,6,329.86833333333345,426.40500000000003,9.653666666666664,descriptive_not_inferential
A_C800_IFAC_minus_JA-PPO,800,bursty,6,296.3915,385.0398333333333,8.864833333333333,descriptive_not_inferential
A_C800_SC-FAC_minus_IFAC,800,smooth,6,289.7031666666667,570.5065,28.080333333333332,descriptive_not_inferential
A_C800_SC-FAC_minus_IFAC,800,bursty,6,254.7885,515.6151666666667,26.08266666666667,descriptive_not_inferential
A_C1200_SC-FAC_minus_JA-PPO,1200,smooth,6,372.2755000000002,179.28883333333326,-19.298666666666676,descriptive_not_inferential
A_C1200_SC-FAC_minus_JA-PPO,1200,bursty,6,369.3796666666669,154.25966666666633,-21.511999999999997,descriptive_not_inferential
A_C1200_IFAC_minus_JA-PPO,1200,smooth,6,-13.676999999999865,-839.860333333333,-82.61833333333333,descriptive_not_inferential
A_C1200_IFAC_minus_JA-PPO,1200,bursty,6,205.12633333333375,-613.393666666667,-81.852,descriptive_not_inferential
A_C1200_SC-FAC_minus_IFAC,1200,smooth,6,385.95250000000004,1019.1491666666662,63.319666666666656,descriptive_not_inferential
A_C1200_SC-FAC_minus_IFAC,1200,bursty,6,164.25333333333316,767.6533333333333,60.34,descriptive_not_inferential
B_C800_SC-FAC_minus_SC-FAC-zero,800,smooth,6,-120.18266666666663,-228.50933333333347,-10.832666666666668,descriptive_not_inferential
B_C800_SC-FAC_minus_SC-FAC-zero,800,bursty,6,-93.9801666666667,-190.21516666666653,-9.623499999999996,descriptive_not_inferential
B_C1200_SC-FAC_minus_SC-FAC-zero,1200,smooth,6,-90.27349999999988,112.52483333333305,20.279833333333325,descriptive_not_inferential
B_C1200_SC-FAC_minus_SC-FAC-zero,1200,bursty,6,-122.38033333333345,111.68466666666657,23.406500000000005,descriptive_not_inferential
C_C800_SC-FAC_minus_BF-T0.5,800,smooth,6,-731.6159999999999,-1106.867666666667,-37.52516666666668,descriptive_not_inferential
C_C800_SC-FAC_minus_BF-T0.5,800,bursty,6,-682.3046666666667,-1024.6913333333332,-34.23866666666666,descriptive_not_inferential
C_C1200_SC-FAC_minus_BF-T0.5,1200,smooth,6,-919.2789999999994,-345.18733333333415,57.40916666666665,descriptive_not_inferential
C_C1200_SC-FAC_minus_BF-T0.5,1200,bursty,6,-932.5333333333332,-255.2266666666669,67.73066666666668,descriptive_not_inferential
