contrast_id,family,C,left_method,right_method,regime,bursty,dist_family,money_delta_mean,money_delta_SD,positive_seed_differences,settled_delta_mean,flushes_delta_mean,insufficient_drops_delta_mean
A_C800_SC-FAC_minus_JA-PPO,A,800,SC-FAC,JA-PPO,US,False,uniform,475.5090000000001,369.85905147096247,5,748.119,27.260999999999996,-27.943
A_C800_SC-FAC_minus_JA-PPO,A,800,SC-FAC,JA-PPO,TLS,False,trunc_light,273.30000000000007,289.94532999774293,5,479.96000000000004,20.665999999999997,-17.547
A_C800_SC-FAC_minus_JA-PPO,A,800,SC-FAC,JA-PPO,LNS,False,lognormal,621.7459999999999,615.1343437961337,5,1167.6360000000004,54.589000000000006,-50.331999999999994
A_C800_SC-FAC_minus_JA-PPO,A,800,SC-FAC,JA-PPO,TLNS,False,trunc_lognormal,653.307,688.9271254330897,5,1139.287,48.598,-45.55800000000001
A_C800_SC-FAC_minus_JA-PPO,A,800,SC-FAC,JA-PPO,TPLS,False,trunc_powerlaw,734.632,478.5626580788561,5,1045.1819999999998,31.055000000000007,-33.626
A_C800_SC-FAC_minus_JA-PPO,A,800,SC-FAC,JA-PPO,PLS,False,powerlaw,958.9350000000004,784.8676920984835,5,1401.2849999999996,44.234999999999985,-46.466
A_C800_SC-FAC_minus_JA-PPO,A,800,SC-FAC,JA-PPO,UB,True,uniform,414.58000000000004,345.892617982807,5,647.3000000000001,23.272000000000002,-24.058
A_C800_SC-FAC_minus_JA-PPO,A,800,SC-FAC,JA-PPO,TLB,True,trunc_light,225.619,263.7214712864692,5,404.8189999999999,17.920000000000005,-14.719
A_C800_SC-FAC_minus_JA-PPO,A,800,SC-FAC,JA-PPO,LNB,True,lognormal,584.914,580.9322638053424,5,1122.4940000000001,53.75800000000001,-49.696000000000005
A_C800_SC-FAC_minus_JA-PPO,A,800,SC-FAC,JA-PPO,TLNB,True,trunc_lognormal,590.8550000000001,650.2685078200388,4,1053.1850000000002,46.233,-42.806000000000004
A_C800_SC-FAC_minus_JA-PPO,A,800,SC-FAC,JA-PPO,TPLB,True,trunc_powerlaw,656.1859999999998,475.81399005283555,5,944.6759999999997,28.849000000000007,-30.820999999999998
A_C800_SC-FAC_minus_JA-PPO,A,800,SC-FAC,JA-PPO,PLB,True,powerlaw,834.9260000000002,766.519984551936,5,1231.4560000000001,39.653000000000006,-41.764
A_C800_IFAC_minus_JA-PPO,A,800,IFAC,JA-PPO,US,False,uniform,-109.64399999999982,1164.5106261397962,3,-201.6840000000002,-9.203999999999999,7.5450000000000035
A_C800_IFAC_minus_JA-PPO,A,800,IFAC,JA-PPO,TLS,False,trunc_light,-57.718999999999916,547.0387946412028,2,-106.84899999999993,-4.913000000000002,3.732
A_C800_IFAC_minus_JA-PPO,A,800,IFAC,JA-PPO,LNS,False,lognormal,57.59800000000005,1276.6889005773883,2,-19.02199999999966,-7.662000000000001,-3.6800000000000024
A_C800_IFAC_minus_JA-PPO,A,800,IFAC,JA-PPO,TLNS,False,trunc_lognormal,-85.82399999999993,1545.2664739997113,2,-214.38399999999993,-12.856000000000005,6.938999999999996
A_C800_IFAC_minus_JA-PPO,A,800,IFAC,JA-PPO,TPLS,False,trunc_powerlaw,946.0,444.45338241203694,5,1336.4699999999998,39.047,-43.013999999999996
A_C800_IFAC_minus_JA-PPO,A,800,IFAC,JA-PPO,PLS,False,powerlaw,1228.7990000000002,824.5030740724983,5,1763.8990000000001,53.51,-58.485
A_C800_IFAC_minus_JA-PPO,A,800,IFAC,JA-PPO,UB,True,uniform,-70.00999999999999,923.704952792016,3,-136.6300000000002,-6.662000000000001,4.974999999999999
A_C800_IFAC_minus_JA-PPO,A,800,IFAC,JA-PPO,TLB,True,trunc_light,-77.25600000000001,483.7518326373555,2,-134.456,-5.719999999999999,4.7600000000000025
A_C800_IFAC_minus_JA-PPO,A,800,IFAC,JA-PPO,LNB,True,lognormal,124.25399999999999,1135.120247751312,2,85.79399999999995,-3.845999999999995,-8.601000000000003
A_C800_IFAC_minus_JA-PPO,A,800,IFAC,JA-PPO,TLNB,True,trunc_lognormal,-81.16499999999992,1406.4614769031182,2,-202.73499999999996,-12.157000000000007,6.091999999999999
A_C800_IFAC_minus_JA-PPO,A,800,IFAC,JA-PPO,TPLB,True,trunc_powerlaw,843.214,467.26639823284927,5,1197.674,35.446,-39.075
A_C800_IFAC_minus_JA-PPO,A,800,IFAC,JA-PPO,PLB,True,powerlaw,1039.312,863.7974819771126,4,1500.592,46.128,-50.895
A_C800_SC-FAC_minus_IFAC,A,800,SC-FAC,IFAC,US,False,uniform,585.1529999999999,1114.5707714497091,2,949.8030000000002,36.46499999999999,-35.48800000000001
A_C800_SC-FAC_minus_IFAC,A,800,SC-FAC,IFAC,TLS,False,trunc_light,331.019,437.8597146261575,3,586.809,25.579,-21.279
A_C800_SC-FAC_minus_IFAC,A,800,SC-FAC,IFAC,LNS,False,lognormal,564.1479999999999,878.7172822259159,3,1186.6580000000001,62.251000000000005,-46.651999999999994
A_C800_SC-FAC_minus_IFAC,A,800,SC-FAC,IFAC,TLNS,False,trunc_lognormal,739.1309999999999,1116.4816822243436,3,1353.6709999999998,61.454,-52.497
A_C800_SC-FAC_minus_IFAC,A,800,SC-FAC,IFAC,TPLS,False,trunc_powerlaw,-211.36800000000002,395.57954046247147,1,-291.2880000000001,-7.99199999999999,9.388
A_C800_SC-FAC_minus_IFAC,A,800,SC-FAC,IFAC,PLS,False,powerlaw,-269.86399999999975,738.0134803426695,1,-362.6140000000005,-9.275000000000011,12.018999999999998
A_C800_SC-FAC_minus_IFAC,A,800,SC-FAC,IFAC,UB,True,uniform,484.59000000000003,865.0796274837943,2,783.9300000000003,29.934000000000005,-29.033
A_C800_SC-FAC_minus_IFAC,A,800,SC-FAC,IFAC,TLB,True,trunc_light,302.875,395.70767854882473,4,539.2749999999999,23.640000000000004,-19.479
A_C800_SC-FAC_minus_IFAC,A,800,SC-FAC,IFAC,LNB,True,lognormal,460.66,771.4569806055293,3,1036.7000000000003,57.604,-41.095000000000006
A_C800_SC-FAC_minus_IFAC,A,800,SC-FAC,IFAC,TLNB,True,trunc_lognormal,672.0200000000001,990.0326739620772,3,1255.92,58.39,-48.898
A_C800_SC-FAC_minus_IFAC,A,800,SC-FAC,IFAC,TPLB,True,trunc_powerlaw,-187.02800000000025,405.00318368501723,1,-252.99800000000033,-6.5969999999999915,8.254
A_C800_SC-FAC_minus_IFAC,A,800,SC-FAC,IFAC,PLB,True,powerlaw,-204.38599999999988,760.3362810658191,1,-269.1360000000001,-6.474999999999994,9.131
A_C1200_SC-FAC_minus_JA-PPO,A,1200,SC-FAC,JA-PPO,US,False,uniform,309.85900000000004,491.7499026359843,4,65.73899999999995,-24.412000000000045,-1.845
A_C1200_SC-FAC_minus_JA-PPO,A,1200,SC-FAC,JA-PPO,TLS,False,trunc_light,282.5940000000002,471.8987960807907,4,80.2340000000011,-20.23599999999999,-2.0709999999999997
A_C1200_SC-FAC_minus_JA-PPO,A,1200,SC-FAC,JA-PPO,LNS,False,lognormal,278.65899999999965,362.04279725261733,4,-95.21100000000078,-37.387000000000015,0.9020000000000007
A_C1200_SC-FAC_minus_JA-PPO,A,1200,SC-FAC,JA-PPO,TLNS,False,trunc_lognormal,299.3560000000005,362.1713747557917,4,-4.433999999999651,-30.37900000000002,-1.0049999999999997
A_C1200_SC-FAC_minus_JA-PPO,A,1200,SC-FAC,JA-PPO,TPLS,False,trunc_powerlaw,571.5199999999998,718.7389248972813,4,574.0899999999995,0.2570000000000164,-15.638
A_C1200_SC-FAC_minus_JA-PPO,A,1200,SC-FAC,JA-PPO,PLS,False,powerlaw,491.6650000000009,835.1945056991211,4,455.31499999999943,-3.6350000000000136,-12.843
A_C1200_SC-FAC_minus_JA-PPO,A,1200,SC-FAC,JA-PPO,UB,True,uniform,287.1580000000002,529.5462338006946,4,48.38799999999901,-23.876999999999974,-1.361
A_C1200_SC-FAC_minus_JA-PPO,A,1200,SC-FAC,JA-PPO,TLB,True,trunc_light,268.49699999999973,539.9959962305278,4,52.12699999999968,-21.63699999999998,-1.356
A_C1200_SC-FAC_minus_JA-PPO,A,1200,SC-FAC,JA-PPO,LNB,True,lognormal,313.5750000000004,404.17635671201674,4,-88.09499999999971,-40.16699999999999,1.0090000000000003
A_C1200_SC-FAC_minus_JA-PPO,A,1200,SC-FAC,JA-PPO,TLNB,True,trunc_lognormal,334.72700000000043,393.99543756241565,4,7.0969999999993885,-32.763000000000034,-1.0540000000000003
A_C1200_SC-FAC_minus_JA-PPO,A,1200,SC-FAC,JA-PPO,TPLB,True,trunc_powerlaw,537.7470000000015,404.0716309115258,4,499.06699999999984,-3.8680000000000065,-13.674999999999999
A_C1200_SC-FAC_minus_JA-PPO,A,1200,SC-FAC,JA-PPO,PLB,True,powerlaw,474.57399999999905,556.0230517186321,4,406.9739999999998,-6.759999999999991,-11.6
A_C1200_IFAC_minus_JA-PPO,A,1200,IFAC,JA-PPO,US,False,uniform,514.4349999999998,626.0171325830476,5,-203.7149999999994,-71.81500000000003,5.052
A_C1200_IFAC_minus_JA-PPO,A,1200,IFAC,JA-PPO,TLS,False,trunc_light,474.13200000000035,632.7491050428281,4,-169.7679999999993,-64.38999999999996,3.7280000000000006
A_C1200_IFAC_minus_JA-PPO,A,1200,IFAC,JA-PPO,LNS,False,lognormal,-68.27200000000012,490.3336084187989,1,-1449.512000000001,-138.12400000000002,34.115
A_C1200_IFAC_minus_JA-PPO,A,1200,IFAC,JA-PPO,TLNS,False,trunc_lognormal,-255.05300000000025,532.6352028663711,1,-1440.6029999999998,-118.55500000000002,34.446
A_C1200_IFAC_minus_JA-PPO,A,1200,IFAC,JA-PPO,TPLS,False,trunc_powerlaw,-0.9800000000002911,835.7285173054104,3,-372.26999999999896,-37.129,10.178999999999998
A_C1200_IFAC_minus_JA-PPO,A,1200,IFAC,JA-PPO,PLS,False,powerlaw,-746.3239999999987,1118.8047430204256,2,-1403.2939999999994,-65.69699999999996,39.748
A_C1200_IFAC_minus_JA-PPO,A,1200,IFAC,JA-PPO,UB,True,uniform,666.9410000000004,645.6049394114796,5,-47.37900000000118,-71.43199999999999,1.091
A_C1200_IFAC_minus_JA-PPO,A,1200,IFAC,JA-PPO,TLB,True,trunc_light,602.2790000000001,714.6768000239695,4,-65.46100000000006,-66.77400000000002,1.335
A_C1200_IFAC_minus_JA-PPO,A,1200,IFAC,JA-PPO,LNB,True,lognormal,164.80200000000005,510.76098251285805,3,-1187.4579999999994,-135.226,27.676000000000002
A_C1200_IFAC_minus_JA-PPO,A,1200,IFAC,JA-PPO,TLNB,True,trunc_lognormal,55.55400000000045,525.2075042828304,2,-1081.4959999999999,-113.70500000000001,25.580000000000002
A_C1200_IFAC_minus_JA-PPO,A,1200,IFAC,JA-PPO,TPLB,True,trunc_powerlaw,299.187000000001,579.9639328505698,3,-76.43300000000018,-37.56200000000001,2.102000000000001
A_C1200_IFAC_minus_JA-PPO,A,1200,IFAC,JA-PPO,PLB,True,powerlaw,-558.0049999999995,992.7148740008379,1,-1222.1350000000007,-66.41299999999998,34.736000000000004
A_C1200_SC-FAC_minus_IFAC,A,1200,SC-FAC,IFAC,US,False,uniform,-204.57599999999985,308.99558070059896,2,269.4539999999994,47.402999999999984,-6.896999999999999
A_C1200_SC-FAC_minus_IFAC,A,1200,SC-FAC,IFAC,TLS,False,trunc_light,-191.5380000000001,346.51237897440325,2,250.0020000000004,44.153999999999975,-5.799
A_C1200_SC-FAC_minus_IFAC,A,1200,SC-FAC,IFAC,LNS,False,lognormal,346.93099999999976,183.10297220416723,5,1354.3010000000002,100.73700000000001,-33.213
A_C1200_SC-FAC_minus_IFAC,A,1200,SC-FAC,IFAC,TLNS,False,trunc_lognormal,554.4090000000008,267.2461774843564,5,1436.1690000000003,88.176,-35.451
A_C1200_SC-FAC_minus_IFAC,A,1200,SC-FAC,IFAC,TPLS,False,trunc_powerlaw,572.5,866.6912613281049,3,946.3599999999984,37.38600000000001,-25.816999999999997
A_C1200_SC-FAC_minus_IFAC,A,1200,SC-FAC,IFAC,PLS,False,powerlaw,1237.9889999999996,1180.1664574775036,5,1858.608999999999,62.06199999999994,-52.591
A_C1200_SC-FAC_minus_IFAC,A,1200,SC-FAC,IFAC,UB,True,uniform,-379.7830000000002,307.42487571356395,0,95.7670000000002,47.55500000000001,-2.452
A_C1200_SC-FAC_minus_IFAC,A,1200,SC-FAC,IFAC,TLB,True,trunc_light,-333.7820000000003,418.917428597212,1,117.58799999999974,45.137000000000036,-2.691
A_C1200_SC-FAC_minus_IFAC,A,1200,SC-FAC,IFAC,LNB,True,lognormal,148.7730000000003,161.33930188425984,4,1099.3629999999998,95.05900000000001,-26.666999999999998
A_C1200_SC-FAC_minus_IFAC,A,1200,SC-FAC,IFAC,TLNB,True,trunc_lognormal,279.17299999999994,226.07890396938853,4,1088.5929999999994,80.94199999999998,-26.634
A_C1200_SC-FAC_minus_IFAC,A,1200,SC-FAC,IFAC,TPLB,True,trunc_powerlaw,238.56000000000057,507.93414303677247,2,575.5,33.694,-15.777000000000001
A_C1200_SC-FAC_minus_IFAC,A,1200,SC-FAC,IFAC,PLB,True,powerlaw,1032.5789999999986,947.9593017068299,5,1629.1090000000004,59.653,-46.336
B_C800_SC-FAC_minus_SC-FAC-zero,B,800,SC-FAC,SC-FAC-zero,US,False,uniform,-67.87699999999995,219.53690488731038,2,-149.69699999999975,-8.182000000000006,5.628000000000001
B_C800_SC-FAC_minus_SC-FAC-zero,B,800,SC-FAC,SC-FAC-zero,TLS,False,trunc_light,68.77200000000002,172.69731441889888,3,87.55199999999995,1.8779999999999972,-3.064
B_C800_SC-FAC_minus_SC-FAC-zero,B,800,SC-FAC,SC-FAC-zero,LNS,False,lognormal,-133.00199999999995,479.6228236281087,2,-305.7219999999999,-17.272000000000002,12.958000000000002
B_C800_SC-FAC_minus_SC-FAC-zero,B,800,SC-FAC,SC-FAC-zero,TLNS,False,trunc_lognormal,-141.05200000000005,543.4875945065353,2,-287.88199999999995,-14.682999999999993,11.733999999999998
B_C800_SC-FAC_minus_SC-FAC-zero,B,800,SC-FAC,SC-FAC-zero,TPLS,False,trunc_powerlaw,-144.14899999999997,304.8785583310182,1,-243.8890000000005,-9.973999999999984,7.859000000000001
B_C800_SC-FAC_minus_SC-FAC-zero,B,800,SC-FAC,SC-FAC-zero,PLS,False,powerlaw,-303.7879999999999,425.48383776002584,1,-471.41800000000075,-16.763000000000023,15.636999999999997
B_C800_SC-FAC_minus_SC-FAC-zero,B,800,SC-FAC,SC-FAC-zero,UB,True,uniform,-23.810000000000038,157.45126226073893,2,-79.65999999999967,-5.585000000000003,2.976
B_C800_SC-FAC_minus_SC-FAC-zero,B,800,SC-FAC,SC-FAC-zero,TLB,True,trunc_light,85.90299999999998,138.65235129632669,4,114.01299999999992,2.8110000000000013,-4.012
B_C800_SC-FAC_minus_SC-FAC-zero,B,800,SC-FAC,SC-FAC-zero,LNB,True,lognormal,-100.90199999999996,434.95403622969184,2,-262.87199999999973,-16.196999999999985,11.341999999999999
B_C800_SC-FAC_minus_SC-FAC-zero,B,800,SC-FAC,SC-FAC-zero,TLNB,True,trunc_lognormal,-121.63100000000004,482.14246107089554,2,-257.98099999999977,-13.635000000000002,10.545999999999996
B_C800_SC-FAC_minus_SC-FAC-zero,B,800,SC-FAC,SC-FAC-zero,TPLB,True,trunc_powerlaw,-132.77000000000027,286.8561760055026,2,-226.32000000000008,-9.35499999999999,7.3790000000000004
B_C800_SC-FAC_minus_SC-FAC-zero,B,800,SC-FAC,SC-FAC-zero,PLB,True,powerlaw,-270.67099999999994,377.8181556383975,1,-428.4709999999999,-15.779999999999996,14.542000000000002
B_C1200_SC-FAC_minus_SC-FAC-zero,B,1200,SC-FAC,SC-FAC-zero,US,False,uniform,-200.73300000000017,258.85062827333473,1,-13.113000000000465,18.76199999999998,0.345
B_C1200_SC-FAC_minus_SC-FAC-zero,B,1200,SC-FAC,SC-FAC-zero,TLS,False,trunc_light,-156.55099999999985,174.4780897562785,2,63.80900000000038,22.03599999999999,-1.406
B_C1200_SC-FAC_minus_SC-FAC-zero,B,1200,SC-FAC,SC-FAC-zero,LNS,False,lognormal,40.85600000000013,76.11469991072697,4,482.75599999999974,44.19000000000003,-11.434000000000001
B_C1200_SC-FAC_minus_SC-FAC-zero,B,1200,SC-FAC,SC-FAC-zero,TLNS,False,trunc_lognormal,64.52600000000056,120.59974602999802,4,377.6759999999995,31.314999999999987,-8.963
B_C1200_SC-FAC_minus_SC-FAC-zero,B,1200,SC-FAC,SC-FAC-zero,TPLS,False,trunc_powerlaw,-176.3550000000003,390.7194314818507,2,-153.50500000000102,2.284999999999991,4.218
B_C1200_SC-FAC_minus_SC-FAC-zero,B,1200,SC-FAC,SC-FAC-zero,PLS,False,powerlaw,-113.38399999999965,410.3600660304312,4,-82.47399999999979,3.090999999999963,2.3770000000000002
B_C1200_SC-FAC_minus_SC-FAC-zero,B,1200,SC-FAC,SC-FAC-zero,UB,True,uniform,-240.28300000000053,272.2048855549804,2,-14.412999999999737,22.58700000000001,0.367
B_C1200_SC-FAC_minus_SC-FAC-zero,B,1200,SC-FAC,SC-FAC-zero,TLB,True,trunc_light,-202.725,244.5505097878553,1,53.075,25.58000000000002,-1.174
B_C1200_SC-FAC_minus_SC-FAC-zero,B,1200,SC-FAC,SC-FAC-zero,LNB,True,lognormal,-23.737999999999374,80.01024853104805,2,420.6519999999997,44.439,-9.884
B_C1200_SC-FAC_minus_SC-FAC-zero,B,1200,SC-FAC,SC-FAC-zero,TLNB,True,trunc_lognormal,-20.732999999999446,127.69461365891647,2,292.07699999999966,31.28099999999997,-6.888000000000001
B_C1200_SC-FAC_minus_SC-FAC-zero,B,1200,SC-FAC,SC-FAC-zero,TPLB,True,trunc_powerlaw,-159.04199999999983,225.65337172309182,1,-72.84199999999983,8.620000000000005,1.9839999999999998
B_C1200_SC-FAC_minus_SC-FAC-zero,B,1200,SC-FAC,SC-FAC-zero,PLB,True,powerlaw,-87.76100000000152,275.35125999348446,2,-8.441000000000349,7.932000000000016,0.2379999999999999
C_C800_SC-FAC_minus_BF-T0.5,C,800,SC-FAC,BF-T0.5,US,False,uniform,-257.3819999999998,92.63898589416864,0,-475.79199999999946,-21.840999999999998,17.811
C_C800_SC-FAC_minus_BF-T0.5,C,800,SC-FAC,BF-T0.5,TLS,False,trunc_light,-218.22599999999974,56.56397455536525,0,-302.64599999999984,-8.441999999999998,10.757
C_C800_SC-FAC_minus_BF-T0.5,C,800,SC-FAC,BF-T0.5,LNS,False,lognormal,-1477.8789999999997,74.33349391425108,0,-2125.9690000000005,-64.80900000000001,86.62
C_C800_SC-FAC_minus_BF-T0.5,C,800,SC-FAC,BF-T0.5,TLNS,False,trunc_lognormal,-1154.8329999999999,116.66000163937939,0,-1716.0930000000003,-56.12600000000001,67.148
C_C800_SC-FAC_minus_BF-T0.5,C,800,SC-FAC,BF-T0.5,TPLS,False,trunc_powerlaw,-413.69000000000034,203.88280889398223,0,-668.5900000000005,-25.48999999999999,21.536
C_C800_SC-FAC_minus_BF-T0.5,C,800,SC-FAC,BF-T0.5,PLS,False,powerlaw,-867.6859999999997,329.4631160388065,0,-1352.1160000000011,-48.44300000000004,44.834
C_C800_SC-FAC_minus_BF-T0.5,C,800,SC-FAC,BF-T0.5,UB,True,uniform,-163.25199999999995,68.80140629013344,0,-320.4719999999994,-15.722000000000008,11.934
C_C800_SC-FAC_minus_BF-T0.5,C,800,SC-FAC,BF-T0.5,TLB,True,trunc_light,-172.57800000000003,43.99572999167077,0,-231.82800000000015,-5.924999999999992,8.219
C_C800_SC-FAC_minus_BF-T0.5,C,800,SC-FAC,BF-T0.5,LNB,True,lognormal,-1419.5359999999998,61.02151223134353,0,-2006.0559999999996,-58.65199999999998,82.517
C_C800_SC-FAC_minus_BF-T0.5,C,800,SC-FAC,BF-T0.5,TLNB,True,trunc_lognormal,-1083.968,100.96369988763283,0,-1591.678,-50.771,62.818999999999996
C_C800_SC-FAC_minus_BF-T0.5,C,800,SC-FAC,BF-T0.5,TPLB,True,trunc_powerlaw,-410.8580000000002,198.53609733496828,0,-666.1679999999999,-25.531,21.72
C_C800_SC-FAC_minus_BF-T0.5,C,800,SC-FAC,BF-T0.5,PLB,True,powerlaw,-843.6360000000002,301.8798829294526,0,-1331.9460000000004,-48.830999999999975,45.169
C_C1200_SC-FAC_minus_BF-T0.5,C,1200,SC-FAC,BF-T0.5,US,False,uniform,-931.9499999999996,160.99087621663548,0,-37.98000000000102,89.39699999999999,0.976
C_C1200_SC-FAC_minus_BF-T0.5,C,1200,SC-FAC,BF-T0.5,TLS,False,trunc_light,-794.0360000000001,171.91983703895283,0,-113.5560000000005,68.048,2.561
C_C1200_SC-FAC_minus_BF-T0.5,C,1200,SC-FAC,BF-T0.5,LNS,False,lognormal,-1738.5479999999995,48.96371278814547,0,-593.648000000001,114.48999999999998,14.245
C_C1200_SC-FAC_minus_BF-T0.5,C,1200,SC-FAC,BF-T0.5,TLNS,False,trunc_lognormal,-1366.0119999999993,76.9711506507469,0,-434.95199999999824,93.10599999999998,10.579
C_C1200_SC-FAC_minus_BF-T0.5,C,1200,SC-FAC,BF-T0.5,TPLS,False,trunc_powerlaw,-288.775,340.16828304164454,0,-348.92500000000217,-6.015000000000055,9.546
C_C1200_SC-FAC_minus_BF-T0.5,C,1200,SC-FAC,BF-T0.5,PLS,False,powerlaw,-396.3529999999984,421.70870258094004,0,-542.0630000000019,-14.571000000000003,15.356
C_C1200_SC-FAC_minus_BF-T0.5,C,1200,SC-FAC,BF-T0.5,UB,True,uniform,-976.305000000001,200.64871454858636,0,-24.225,95.208,0.619
C_C1200_SC-FAC_minus_BF-T0.5,C,1200,SC-FAC,BF-T0.5,TLB,True,trunc_light,-941.9239999999998,232.8131115401363,0,-86.69400000000095,85.52300000000001,1.935
C_C1200_SC-FAC_minus_BF-T0.5,C,1200,SC-FAC,BF-T0.5,LNB,True,lognormal,-1741.646999999999,38.043133677446036,0,-517.076999999999,122.45700000000002,12.223
C_C1200_SC-FAC_minus_BF-T0.5,C,1200,SC-FAC,BF-T0.5,TLNB,True,trunc_lognormal,-1371.8999999999996,70.57197664441583,0,-342.60999999999984,102.92899999999996,8.241999999999999
C_C1200_SC-FAC_minus_BF-T0.5,C,1200,SC-FAC,BF-T0.5,TPLB,True,trunc_powerlaw,-239.06799999999785,152.0872792428745,0,-176.63800000000046,6.243000000000029,4.838
C_C1200_SC-FAC_minus_BF-T0.5,C,1200,SC-FAC,BF-T0.5,PLB,True,powerlaw,-324.3560000000019,255.77306605172456,0,-384.11600000000107,-5.975999999999954,10.936
