C,regime,dist_family,bursty,mean_request_value,mean_oversize_drops,wallet_capacity
800,US,uniform,False,50.036865,775.325,33.333333333333336
800,TLS,trunc_light,False,50.034169999999996,864.48,33.333333333333336
800,LNS,lognormal,False,49.50624,616.87,33.333333333333336
800,TLNS,trunc_lognormal,False,49.0901,675.26,33.333333333333336
800,TPLS,trunc_powerlaw,False,47.760775,720.57,33.333333333333336
800,PLS,powerlaw,False,48.72525,646.19,33.333333333333336
800,UB,uniform,True,53.402855,802.915,33.333333333333336
800,TLB,trunc_light,True,53.521565,879.8,33.333333333333336
800,LNB,lognormal,True,52.411300000000004,619.67,33.333333333333336
800,TLNB,trunc_lognormal,True,51.75004,688.575,33.333333333333336
800,TPLB,trunc_powerlaw,True,50.50646,746.505,33.333333333333336
800,PLB,powerlaw,True,51.44996,677.45,33.333333333333336
1200,US,uniform,False,50.036865,492.33,50.0
1200,TLS,trunc_light,False,50.034169999999996,487.49,50.0
1200,LNS,lognormal,False,49.50624,367.375,50.0
1200,TLNS,trunc_lognormal,False,49.0901,385.32,50.0
1200,TPLS,trunc_powerlaw,False,47.760775,279.71,50.0
1200,PLS,powerlaw,False,48.72525,262.385,50.0
1200,UB,uniform,True,53.402855,533.94,50.0
1200,TLB,trunc_light,True,53.521565,545.345,50.0
1200,LNB,lognormal,True,52.411300000000004,392.77,50.0
1200,TLNB,trunc_lognormal,True,51.75004,422.17,50.0
1200,TPLB,trunc_powerlaw,True,50.50646,334.91,50.0
1200,PLB,powerlaw,True,51.44996,302.625,50.0
