job_id,method,C,training_seed,cohort,rows,regimes,validation_status,audit_status,ledger_completed,approved_preexisting,macro12_money,episodes_sha256,result_sha256,checkpoint_sha256,run_info_sha256,adapter_sha256,stream_manifest_sha256,lineage
A-EVAL-IF-C1200-S123,IFAC,1200,123,historical_recovered,2400,12,PASS,PASS,True,False,14545.904166666667,4e34cc69c1816e8b1b4f95071cc75170501d49733274cee7c5d7521b9a078064,b984d29a70e098cf98c130e4c9d2a4f6972dcbe3605fd25a8336dfb55f98ad65,8d2536f3f4d956062800fb4ca6ce96fd9d1ff1f395403b0ed4d4ad5ba47211c6,90678e390e944587ec9c0a4b9a1530c23d84934f1efbdec6554bdd525ed247c0,7a5840239ff3a398295267ae23c840f07962c50ed1fbf34a39481ed3fd864c42,3a89e6023680752cd76b1eed953353a2d5163b751da1c9c4f3d407a98883cac5,5573ec642f0f28c218f3e6058478f62ab6db6b2b
A-EVAL-IF-C1200-S323,IFAC,1200,323,historical_recovered,2400,12,PASS,PASS,True,False,14328.663333333334,4bc994ef7bf3cad85ac121cb31e526bf3c8dbddd70c2c22519222c535f313e31,18e9db541c3c3e92caefe1862885c7d7aa1234a608205008f93bb60ff759a5c4,da8581dab8c4e34f2890e53acf55a7a40ed1b089836c1df693fb72a2a4ea46a9,3a6e4635cf41693dfabe4dc0a02ba2c2bdd7ea98afa3a8f28c9328928988a9a9,7a5840239ff3a398295267ae23c840f07962c50ed1fbf34a39481ed3fd864c42,3a89e6023680752cd76b1eed953353a2d5163b751da1c9c4f3d407a98883cac5,5573ec642f0f28c218f3e6058478f62ab6db6b2b
A-EVAL-IF-C1200-S532,IFAC,1200,532,historical_recovered,2400,12,PASS,PASS,True,False,14140.94375,7e5554e81f279cff7da100d5950f2bbfab419b624209c99e0d29ea6dab8eca43,56525c565ccb956174ba6c27708972f20bfac8e9669be2923d1ad7cc1abe6ba6,05337b6e91fa78df218c5816bc6aecc3ef0d0f9f9868e924892821e9f9f35488,4cf65883a806d5265bc2fcc4c181849a231980a37b9441d996286e72cf3ef538,7a5840239ff3a398295267ae23c840f07962c50ed1fbf34a39481ed3fd864c42,3a89e6023680752cd76b1eed953353a2d5163b751da1c9c4f3d407a98883cac5,5573ec642f0f28c218f3e6058478f62ab6db6b2b
A-EVAL-IF-C1200-S777,IFAC,1200,777,historical_recovered,2400,12,PASS,PASS,True,False,13999.4925,7067f3c584a0e9a3d4db557a23a7eaca6fdfe22ea3d8fa049c6360e0ef9ac810,2e6e0505c31498d2650eacb05470e81c44aaf28c8efdfd53e3cf7faea1d5ff9a,0d9e9ad311b4788d019338ed55bc580c189ce49c2f047dc67838424bbead62a8,0513d9c3d36ec46c0d0678d5904f07128ca8245bbaa47bc742da6bab267bbba9,7a5840239ff3a398295267ae23c840f07962c50ed1fbf34a39481ed3fd864c42,3a89e6023680752cd76b1eed953353a2d5163b751da1c9c4f3d407a98883cac5,5573ec642f0f28c218f3e6058478f62ab6db6b2b
A-EVAL-IF-C1200-S999,IFAC,1200,999,historical_recovered,2400,12,PASS,PASS,True,False,13474.402916666666,686b51177bf72b56c4c87edd549ab8eb1e14779a01b4bc3deb5e2e3d53e7f490,f89563c4e51cf60816fa133c01d6c400cab2d12b776b683b7579d753b6b983fe,5903e275ec7f85e214cef8ccb5747b152e5f40aa4aecba7d0f9d1ffdb292835b,c3bebb260c200f52996c8022e8c5832945892af7e67504118ab405f382e815ef,7a5840239ff3a398295267ae23c840f07962c50ed1fbf34a39481ed3fd864c42,3a89e6023680752cd76b1eed953353a2d5163b751da1c9c4f3d407a98883cac5,5573ec642f0f28c218f3e6058478f62ab6db6b2b
A-EVAL-IF-C800-S123,IFAC,800,123,historical_recovered,2400,12,PASS,PASS,False,True,4293.734166666667,596bbb1df69a882cc5afd3382905962889e15ff26142972c5058ee510cacd79c,9323473da2b875dbe7467b010cd3bb3b5c14769692ddd4875c994ee405c92917,811d2759fb7112fa086380f3b7c49560402ff34fd0829af788b37192b44fdba7,b3478b3e780c6e0fa40a2f42aa0e877109b6ca15764f54f99ac28b7a44f18716,7a5840239ff3a398295267ae23c840f07962c50ed1fbf34a39481ed3fd864c42,3a89e6023680752cd76b1eed953353a2d5163b751da1c9c4f3d407a98883cac5,5573ec642f0f28c218f3e6058478f62ab6db6b2b
A-EVAL-IF-C800-S323,IFAC,800,323,historical_recovered,2400,12,PASS,PASS,True,False,3209.575,12dc2bb164da996d2c2e16a2ece5ff0e0520bac4d4fd8963888f2c1fd5cbae3f,9a08b61ef9db42fb9426ea3430e594889bc1b4ee7bbde55f326b4852b6193e85,9aea46c05faf40e17669bf404a00302086e39c8c9eec6701922e5d19fbafb6df,13b677266f0e504c750cf281925afc355075113c795312df051fc9f8cc235467,7a5840239ff3a398295267ae23c840f07962c50ed1fbf34a39481ed3fd864c42,3a89e6023680752cd76b1eed953353a2d5163b751da1c9c4f3d407a98883cac5,5573ec642f0f28c218f3e6058478f62ab6db6b2b
A-EVAL-IF-C800-S532,IFAC,800,532,historical_recovered,2400,12,PASS,PASS,True,False,2861.635,823d49a5936bdc841f311ab3f58b3525496450d9cefb699552ec585ebccdab5b,3f4f583b0ab2188455969a417a4bb4e2a55be60bb02253a9572d4206012d8cdc,442ef7cd7177d9f759d3b74833d0113fa3af9a1cb1a06f89267300f3ca6a868e,0a293c033dd02485be275d5395f917de336add2a5c8c1e94fcc58762fbed8f57,7a5840239ff3a398295267ae23c840f07962c50ed1fbf34a39481ed3fd864c42,3a89e6023680752cd76b1eed953353a2d5163b751da1c9c4f3d407a98883cac5,5573ec642f0f28c218f3e6058478f62ab6db6b2b
A-EVAL-IF-C800-S777,IFAC,800,777,historical_recovered,2400,12,PASS,PASS,True,False,4238.639583333334,e31b7e44761c3112d4158628308dda25c7eae18bed853318e1d49c80a04e9c12,196d30f8492883db80d551a852f6e094f395549f4a87606ef8424e665652688b,7cd327b95f064872aa7f3db883e9f2b3169cc013d2388133c0973df542d6ab69,ceb7ef7d380c8089dba5f133ac52ba4ce39822dc4a18e3976a1fa7900e943567,7a5840239ff3a398295267ae23c840f07962c50ed1fbf34a39481ed3fd864c42,3a89e6023680752cd76b1eed953353a2d5163b751da1c9c4f3d407a98883cac5,5573ec642f0f28c218f3e6058478f62ab6db6b2b
A-EVAL-IF-C800-S999,IFAC,800,999,historical_recovered,2400,12,PASS,PASS,True,False,3807.008333333333,119827102ecece61b630c3bbf324ba8f56e39d0d6d4140cc2e935b6fe7d320a4,e7acc9b35f7bc7a422480b404a1dead5851a9b6e3900d013e984b98866f733d2,1aa0695126eeebb8a058a42c73c7c0d665be6579023c4630438334cae69f9ccc,c6cc0d76caf7f40be204a59521f556683fbac09d67075b2f35a885a7beacafeb,7a5840239ff3a398295267ae23c840f07962c50ed1fbf34a39481ed3fd864c42,3a89e6023680752cd76b1eed953353a2d5163b751da1c9c4f3d407a98883cac5,5573ec642f0f28c218f3e6058478f62ab6db6b2b
A-EVAL-JA-C1200-S123,JA-PPO,1200,123,historical_recovered,2400,12,PASS,PASS,True,False,13467.025833333333,0cb72bb0313f1a056036e013ec0624a0634c1c6719ee3817016c8b178a5ade8f,99571c98699399cba6170255b459cf98cb4e135ab9b1730a7dbe53a263a0c669,ccce13c42a33b68f55d05a3bfe17c0751d736c1f9df81d810f9bf019eeff6ce2,4fbb544cedc5970871a42845e442317c81ea5e34f89088bcd6280b0e8266f874,7a5840239ff3a398295267ae23c840f07962c50ed1fbf34a39481ed3fd864c42,3a89e6023680752cd76b1eed953353a2d5163b751da1c9c4f3d407a98883cac5,5573ec642f0f28c218f3e6058478f62ab6db6b2b
A-EVAL-JA-C1200-S323,JA-PPO,1200,323,historical_recovered,2400,12,PASS,PASS,True,False,14292.166666666666,9dce5d4106c0c8895d6200145d2ef7bdbe6ea3dd46ffd75b22fec19fd920fc9c,0b7eb7c1b1e3554aeec16da8b8296ad712393905e6bd331ccaf54fc34161dde7,6eb850d8a02012e4b67baf3352b9ba0f055b253e27b816e0d3f13b9720a44f43,9718ea30a988094479f9fca02f5bc06c5324ccbca0bce491ec3740b7ec2540a1,7a5840239ff3a398295267ae23c840f07962c50ed1fbf34a39481ed3fd864c42,3a89e6023680752cd76b1eed953353a2d5163b751da1c9c4f3d407a98883cac5,5573ec642f0f28c218f3e6058478f62ab6db6b2b
A-EVAL-JA-C1200-S532,JA-PPO,1200,532,historical_recovered,2400,12,PASS,PASS,True,False,14207.904166666667,b42262214b695747184cb8cb1c645c9ea6c0bea195292d3bb98f56edd9ac6cdc,2ace64d3f175e8d8946a4dbdc6303a31da1f3b6a355bb0a9a204652bf117992d,c415f1b5e3437abf9bcf96987a527c9891480a977008422e56f50ae065204aca,092183654d0e199b6bd8a2ce251a9085e503d928a5448b14088cef3224eda64d,7a5840239ff3a398295267ae23c840f07962c50ed1fbf34a39481ed3fd864c42,3a89e6023680752cd76b1eed953353a2d5163b751da1c9c4f3d407a98883cac5,5573ec642f0f28c218f3e6058478f62ab6db6b2b
A-EVAL-JA-C1200-S777,JA-PPO,1200,777,historical_recovered,2400,12,PASS,PASS,True,False,13957.835,6e7e09c2078d3eeb3c03ff6c2494d7387da725b6d814132ba485d5452207fc49,398ed196e648f80ecf07e958fcb5ea788b078302ee9e17ca837bbdf514dd5c4f,ba91e2e556afdcd4d9cb197db8d20bec4487bd6c0c6bf14072cfecf4b94559e1,e6e6e41a66cec5080796df99b67534b848249cf3560efb43165a1bd067c0d067,7a5840239ff3a398295267ae23c840f07962c50ed1fbf34a39481ed3fd864c42,3a89e6023680752cd76b1eed953353a2d5163b751da1c9c4f3d407a98883cac5,5573ec642f0f28c218f3e6058478f62ab6db6b2b
A-EVAL-JA-C1200-S999,JA-PPO,1200,999,historical_recovered,2400,12,PASS,PASS,True,False,14085.851666666667,c4cd7a93414cef4a4b15db809c7135930546786bfe9d7f2c864a7d8f641f73a0,f6bc207648765a91ae43206a13369ca584cc1ab9118a5d341f8ed84dedb57d40,e6dbaa4acbb1f81e7febe88431be11613b3154d72dc92b88f54f1fb3e6b5f524,47d79e87d1cca69196e0251bd749fb57cd19848e2819a1b1294d9c073fd505c6,7a5840239ff3a398295267ae23c840f07962c50ed1fbf34a39481ed3fd864c42,3a89e6023680752cd76b1eed953353a2d5163b751da1c9c4f3d407a98883cac5,5573ec642f0f28c218f3e6058478f62ab6db6b2b
A-EVAL-JA-C800-S123,JA-PPO,800,123,historical_recovered,2400,12,PASS,PASS,True,False,3620.295833333333,c772eccb917ff5d922c8090991deaeef5ea3a644adbe977bc8d0eeee0c9d365c,515d5c724c82dd6dd358b6d627a097b37cf1b74e289b2c003005f894fcb39c0a,bb00559d921e41f589618148e2b8c208faa4ccfbb92d8825b2b41fd3a65ca6d1,55e0ee7782cbf5dc7653ec96f899b2125ccec39e4c720f72486083b2b3427740,7a5840239ff3a398295267ae23c840f07962c50ed1fbf34a39481ed3fd864c42,3a89e6023680752cd76b1eed953353a2d5163b751da1c9c4f3d407a98883cac5,5573ec642f0f28c218f3e6058478f62ab6db6b2b
A-EVAL-JA-C800-S323,JA-PPO,800,323,historical_recovered,2400,12,PASS,PASS,True,False,3247.855,49b74102b4252da307913adcf6f8bbd6811fe74be87f0e4e93b10fbf468274a9,99a743e0ebba205e7e30aaa4a706068d77cf2260aa31148ee5c3bf47ae7ce27c,c625537a7a0fca183aa7f9f3e69c54e754a9a4a34014cdc881892c9fd53bb210,e5f08f71e60ff7a3b70ceae8fd14bf99ad5239ab918cef10e3cc57f9f8cc29b9,7a5840239ff3a398295267ae23c840f07962c50ed1fbf34a39481ed3fd864c42,3a89e6023680752cd76b1eed953353a2d5163b751da1c9c4f3d407a98883cac5,5573ec642f0f28c218f3e6058478f62ab6db6b2b
A-EVAL-JA-C800-S532,JA-PPO,800,532,historical_recovered,2400,12,PASS,PASS,True,False,3590.164583333333,038bfcf7f9615660d3ae68c12e3883d63dd83fc48047e55a0e339e9993fbf829,d8837d3bd1e0034097826312676da606069f9e07c93299865c1ef030cd3b67b5,ea2c6d1a4d7c6049069effb5d3d7a5dad09b282cffaa01fb5b3a6767963d2a49,ee4d7f4b7000c77d549006ac02723578a8159ba7cdaf882113df2f16233372dc,7a5840239ff3a398295267ae23c840f07962c50ed1fbf34a39481ed3fd864c42,3a89e6023680752cd76b1eed953353a2d5163b751da1c9c4f3d407a98883cac5,5573ec642f0f28c218f3e6058478f62ab6db6b2b
A-EVAL-JA-C800-S777,JA-PPO,800,777,historical_recovered,2400,12,PASS,PASS,True,False,2636.6979166666665,81c0f960aaacaf837a1c3659de162dd8ff69a2d37d0a8ffa5b8677c3901bcd05,2fb345efbee02b645d3b7f18fd756bc8652234d0e87d8beaea975092c13490e1,c1e39cf015bdcd1ca8ec6fa64c703bfff1921a6cf258fa862bf94c97b0cdc662,c8a04353bda1cc065c002ffa66e92255510227ad5d7553f5ac2730dfc57bce77,7a5840239ff3a398295267ae23c840f07962c50ed1fbf34a39481ed3fd864c42,3a89e6023680752cd76b1eed953353a2d5163b751da1c9c4f3d407a98883cac5,5573ec642f0f28c218f3e6058478f62ab6db6b2b
A-EVAL-JA-C800-S999,JA-PPO,800,999,historical_recovered,2400,12,PASS,PASS,True,False,3749.929166666667,b5534656e459fdadc1b6585c87193339c83ca4e31faeebc6ae9b8752d2c3a12d,8f4e156de4761461a43cc59bde2f8989df0814e95499291deebb4ccfb1325ec7,bf9bfa40054ca03e6ded8c0a61b495016cdaf55c10c3e76f3521df23256438f1,2c08c88c5495e506bd3cbd937c40e69c64d2e4604bdc54510b04dddd6bdc5ec5,7a5840239ff3a398295267ae23c840f07962c50ed1fbf34a39481ed3fd864c42,3a89e6023680752cd76b1eed953353a2d5163b751da1c9c4f3d407a98883cac5,5573ec642f0f28c218f3e6058478f62ab6db6b2b
A-EVAL-SC-C1200-S123,SC-FAC,1200,123,historical_recovered,2400,12,PASS,PASS,True,False,14327.009583333333,ce1b7d3971923b6b9b167d38850253395a543954bc9ec62ed4de7aa851f10932,8a9976379e88462f2e7e3bfea418c47375bc7e9b88fcf83957f3797e4c19bfd2,1cddad0e7db59a464e106e626eabc138c1b314b845d340d3f27cfafcdf1147de,30605c127c2318a352d59e518d0090a2d14cc02097bd1ba08e026273585726f7,7a5840239ff3a398295267ae23c840f07962c50ed1fbf34a39481ed3fd864c42,3a89e6023680752cd76b1eed953353a2d5163b751da1c9c4f3d407a98883cac5,5573ec642f0f28c218f3e6058478f62ab6db6b2b
A-EVAL-SC-C1200-S323,SC-FAC,1200,323,historical_recovered,2400,12,PASS,PASS,True,False,14381.02125,fc076e54058173f01fdd748e49a9edf703d301ddf18ef4e7538cdfaf07428ec6,263529c9df46659a29262b41ab9a787b726988d44958fe6978bf44057d4d740f,043d81a604db9f17d0803798a32f23313f98719a185f08303d6a25b44931c004,64bdafd5dfb21ff34be475fab43715236ab6e217102781383d69f4072f3247fd,7a5840239ff3a398295267ae23c840f07962c50ed1fbf34a39481ed3fd864c42,3a89e6023680752cd76b1eed953353a2d5163b751da1c9c4f3d407a98883cac5,5573ec642f0f28c218f3e6058478f62ab6db6b2b
A-EVAL-SC-C1200-S532,SC-FAC,1200,532,historical_recovered,2400,12,PASS,PASS,True,False,14221.867916666666,beeb5f44bfa8f6da43b67ddcc037de06a8cf159edfa7541eb9ddde1fdb1e087c,cc2b1406e6f3ad211bdaf03774883bcf06efc0f3ab450fbfd4078d3d227c3dea,80f83cbdd1cb7070d84ce3d100d37c4d5386f21f47546118cf1352a75d5a6736,91d19838968024de1b16a69374f9d3f3ae385c77d093994a9af95a69f2f0792f,7a5840239ff3a398295267ae23c840f07962c50ed1fbf34a39481ed3fd864c42,3a89e6023680752cd76b1eed953353a2d5163b751da1c9c4f3d407a98883cac5,5573ec642f0f28c218f3e6058478f62ab6db6b2b
A-EVAL-SC-C1200-S777,SC-FAC,1200,777,historical_recovered,2400,12,PASS,PASS,True,False,14547.966666666667,81d4673a423b4a8c24e0daded2b64b43cfe57135931178e189be320b9aa4264f,8d086060ec1166e23060019312e0ad57b01957a3d1547e1fdc5e79faf949ddf8,54cc2f0d15938aa26a7b7f92fb133d8f2b0065bb4c366a896b30b63f9a425e5a,9185b9c26a2669b3a98a0e481e70f8c6e1f5eebffdfeda994b6fb8032432c321,7a5840239ff3a398295267ae23c840f07962c50ed1fbf34a39481ed3fd864c42,3a89e6023680752cd76b1eed953353a2d5163b751da1c9c4f3d407a98883cac5,5573ec642f0f28c218f3e6058478f62ab6db6b2b
A-EVAL-SC-C1200-S999,SC-FAC,1200,999,historical_recovered,2400,12,PASS,PASS,True,False,14387.055833333334,e97edcc1c280ad5aa1093e8e43fccddd4ba375157290b8404fa58add4e80911e,e21bf1a10a6125a2910561cdba55fcc424a98e425367506a92ade15ede512813,4142bb0b92d5e8962c164cf44ca8278e4f3e447208347eabeeb0b49ba21aacdb,9b49b6dacd30532ee76b12b2a8c269ee12c2cd978764d063cfe98534e984440c,7a5840239ff3a398295267ae23c840f07962c50ed1fbf34a39481ed3fd864c42,3a89e6023680752cd76b1eed953353a2d5163b751da1c9c4f3d407a98883cac5,5573ec642f0f28c218f3e6058478f62ab6db6b2b
A-EVAL-SC-C800-S123,SC-FAC,800,123,historical_recovered,2400,12,PASS,PASS,False,True,3897.9754166666667,ffcbb566f9ee3264bbdedd352d0fed55da13f74e7b304002204db0c09785260b,cedd8dfeee72939ee48f949630aa029b022408b9c4fbf5f36e4fdfbb919f035e,ab0f7102a41b31c97621722ad2906d677c85a0d8e1a3804191680eae5257cfb2,dda7a526ea1d6a83fdd0d8908430759c40092f51ed9a206d2e2d35db6dc873e5,7a5840239ff3a398295267ae23c840f07962c50ed1fbf34a39481ed3fd864c42,3a89e6023680752cd76b1eed953353a2d5163b751da1c9c4f3d407a98883cac5,5573ec642f0f28c218f3e6058478f62ab6db6b2b
A-EVAL-SC-C800-S323,SC-FAC,800,323,historical_recovered,2400,12,PASS,PASS,True,False,3909.2991666666667,cbcf852381c4332105bc9c61c0ac94b24fdef98d1040e3e37dc4ec074a4cd6de,e36941ebebcc86df9eb59fa9894eaf379600510125f3dc60a7d4fb07ca169817,2ae29e0ccb832c63289ae74b8998c25670d9a4fe4f797b5f6b22b4721698b2b1,0e98d1bf08a41de6f52cad2c44b5447ab68ac2089c6d8ad4ca6c510de39a588d,7a5840239ff3a398295267ae23c840f07962c50ed1fbf34a39481ed3fd864c42,3a89e6023680752cd76b1eed953353a2d5163b751da1c9c4f3d407a98883cac5,5573ec642f0f28c218f3e6058478f62ab6db6b2b
A-EVAL-SC-C800-S532,SC-FAC,800,532,historical_recovered,2400,12,PASS,PASS,True,False,3991.3020833333335,31f00c8fa96104d36a74cae90dd308c6caf0d9ed8641fc996c56899a3b224d6a,793a8f8de45cb036d09815a4efadcfef01d86bb500795dc53411a72495657bc1,f07b24081fa01442a8547437b27835ff101be6bc269e6d99312914b2d7095b92,2b95f20fd23077b3c8059ccfe377fb58f485a0c903d6f81a67d5da50232cd707,7a5840239ff3a398295267ae23c840f07962c50ed1fbf34a39481ed3fd864c42,3a89e6023680752cd76b1eed953353a2d5163b751da1c9c4f3d407a98883cac5,5573ec642f0f28c218f3e6058478f62ab6db6b2b
A-EVAL-SC-C800-S777,SC-FAC,800,777,historical_recovered,2400,12,PASS,PASS,True,False,4054.1558333333332,a937f3899e6b01a3586bcd3f2d41f295d69365d79eca822f6a758eaca9e1aba7,052d2cc22839ab7cf246cd14ad3d4602039e46b3a7a32ba621aee012e21372f9,377b4a6ad94ef2ec2f5ffd44c1a83845271d9e0a1ffa7fb29766825f6bc5a8d8,4ed298bb735288df598fa9792da308079c76554a6302cee7dabf7a7567fe0e6b,7a5840239ff3a398295267ae23c840f07962c50ed1fbf34a39481ed3fd864c42,3a89e6023680752cd76b1eed953353a2d5163b751da1c9c4f3d407a98883cac5,5573ec642f0f28c218f3e6058478f62ab6db6b2b
A-EVAL-SC-C800-S999,SC-FAC,800,999,historical_recovered,2400,12,PASS,PASS,True,False,3919.08875,0797eac440d8f341cbc43553b85ac5d599ede560745d7c0f0cac1d6869183562,b6f58a83e0ee950563f58c986c613d3a36a687a2ea86d2033547fa03445516d8,5fa2cc934a0ae928ccd3f8d95602b939e398b282f86c981ce7f1eb3535e2998a,db8432852dfe9cbd9bf39ae68abcadc81ce1efc154f0216fbafa1e5143ea4e4d,7a5840239ff3a398295267ae23c840f07962c50ed1fbf34a39481ed3fd864c42,3a89e6023680752cd76b1eed953353a2d5163b751da1c9c4f3d407a98883cac5,5573ec642f0f28c218f3e6058478f62ab6db6b2b
B-EVAL-ZERO-C1200-S123,SC-FAC-zero,1200,123,historical_recovered,2400,12,PASS,PASS,True,False,14479.952916666667,8e377c258bab00f28b75d652898b90d1f713c86afae4bb0015f692a1d24c6a94,2ca5e93a8de6ace598a329ad74c353e27956f852234d4a10ab3650ccb0041e64,0bb31d4704e085a27017b9b3e116197e9dd399a36002408be3601d8f90ccffa3,f3c08935197718fd59a82a7dbb0292c8f8359b945d4de0ab191e49dc7b86ffde,7a5840239ff3a398295267ae23c840f07962c50ed1fbf34a39481ed3fd864c42,3a89e6023680752cd76b1eed953353a2d5163b751da1c9c4f3d407a98883cac5,5573ec642f0f28c218f3e6058478f62ab6db6b2b
B-EVAL-ZERO-C1200-S323,SC-FAC-zero,1200,323,historical_recovered,2400,12,PASS,PASS,True,False,14514.418333333333,b5d6b8d974249648adbda4161524afc02b8673501320a7334fb832f0b0753f2a,cd36e0bad1d6c4e8b03453b32aa4975a21e221a475c6b71a1e524c626bf5c219,69db13f4e49fc0777841917f7cd99eec30e85e7acd49f3c241ba9739743cf8c0,d474c68042d898b2ee3f98f8d2581a79c0d3d59ce84fdb0f2875f335a0c894a5,7a5840239ff3a398295267ae23c840f07962c50ed1fbf34a39481ed3fd864c42,3a89e6023680752cd76b1eed953353a2d5163b751da1c9c4f3d407a98883cac5,5573ec642f0f28c218f3e6058478f62ab6db6b2b
B-EVAL-ZERO-C1200-S532,SC-FAC-zero,1200,532,historical_recovered,2400,12,PASS,PASS,True,False,14585.222083333334,7b3fffd3a1b2b6579def231de5f728700d48a3f649889119071d6efd2f30ec19,6759ac86b26408d6c26814bbb1f539f5304804609b84953f7879b498b22b622a,9d9199646afc1a23a2a088151bf1c89e5d408b907fb102c9a8b3c2de45983902,dd6d105e41534bcf8f5723e318516e2f279157bf97f3c6c243f562d43811b00e,7a5840239ff3a398295267ae23c840f07962c50ed1fbf34a39481ed3fd864c42,3a89e6023680752cd76b1eed953353a2d5163b751da1c9c4f3d407a98883cac5,5573ec642f0f28c218f3e6058478f62ab6db6b2b
B-EVAL-ZERO-C1200-S777,SC-FAC-zero,1200,777,stage2_new_current_runtime,2400,12,PASS,PASS,True,False,14499.48625,cbe4962d7318d09c1e99bf0e73c152734b1ec5d159330f40d8e5a83c2778b747,3db757f38bca55096406306d4454eabf3bcc01f90854907acb9c59a78509784a,11b6275bc5263923f11f7474b820846bb702c9d1dc56216805bcf1aacf47e27d,aede60fa521304ecced495b3b4b7da6616d7713125020e23a8eb28385618b4fe,7a5840239ff3a398295267ae23c840f07962c50ed1fbf34a39481ed3fd864c42,3a89e6023680752cd76b1eed953353a2d5163b751da1c9c4f3d407a98883cac5,5573ec642f0f28c218f3e6058478f62ab6db6b2b
B-EVAL-ZERO-C1200-S999,SC-FAC-zero,1200,999,stage2_new_current_runtime,2400,12,PASS,PASS,True,False,14317.47625,9a5d6593a63ad7c681945381ac130044209acd142da740d69bfe9886b380a65c,e712a9e8b647814d8619bb32098a7127617280c801201270df2af6dc3b65ac0e,c02cb65e771e5e421a7fc753ec87c856a502b988edbb004890729cbe7f8df133,71951976d67624db57bc6949a87a980f844dece99701b642c963c3b75ddbebed,7a5840239ff3a398295267ae23c840f07962c50ed1fbf34a39481ed3fd864c42,3a89e6023680752cd76b1eed953353a2d5163b751da1c9c4f3d407a98883cac5,5573ec642f0f28c218f3e6058478f62ab6db6b2b
B-EVAL-ZERO-C800-S123,SC-FAC-zero,800,123,historical_recovered,2400,12,PASS,PASS,False,True,3582.559583333333,c2cfe9ced5caceb0fee8e33fa67a751940b203389d1c87cb0e611b5ecf6a6ae7,6c2859a13e19be1338c157a17769ed90205d8f15a225b18ee19aeb9785babadc,543880353dbd6bbde5a684f182b364ea9367ad6f8e964124fd85b8905ad4f2a7,b40a92eb7e9105f43a7db61e541789c489ab49d4be7f5eb3f3a924d31afbf3f0,7a5840239ff3a398295267ae23c840f07962c50ed1fbf34a39481ed3fd864c42,3a89e6023680752cd76b1eed953353a2d5163b751da1c9c4f3d407a98883cac5,5573ec642f0f28c218f3e6058478f62ab6db6b2b
B-EVAL-ZERO-C800-S323,SC-FAC-zero,800,323,historical_recovered,2400,12,PASS,PASS,True,False,4040.0270833333334,cdd38730c34ebb98df7569d9317cc399fdac60a99913cf993d0fc6d8a4b56df3,45fd9cd44564f406832670de93849badff6c16f62e50704b7317745a61b964d0,db65c331367459e550e4862697c0ffbf018f1bd83389c05f85c2842ab1396f0e,6cb8140e07f38c6a85c8ffaf284d638dafa581d1a10d4c79ff119556e4943a6e,7a5840239ff3a398295267ae23c840f07962c50ed1fbf34a39481ed3fd864c42,3a89e6023680752cd76b1eed953353a2d5163b751da1c9c4f3d407a98883cac5,5573ec642f0f28c218f3e6058478f62ab6db6b2b
B-EVAL-ZERO-C800-S532,SC-FAC-zero,800,532,historical_recovered,2400,12,PASS,PASS,True,False,4061.0979166666666,a7ef31e9f6c0f7098a513730b75662b76ef468ccd8edeaf5c6af58bf0c7fb561,ff917daa59c4d79b01b0866e947ecae18efce520e44c25b28bb2885027f8b8c0,c3481ab853b35ab5541724fddf68c7e4166009116d5230039cc388ca52e44cd6,bf1a47cd6068d4eb93aa5551f54ce3d426de40a2d396c3fd28eab54cb301dac6,7a5840239ff3a398295267ae23c840f07962c50ed1fbf34a39481ed3fd864c42,3a89e6023680752cd76b1eed953353a2d5163b751da1c9c4f3d407a98883cac5,5573ec642f0f28c218f3e6058478f62ab6db6b2b
B-EVAL-ZERO-C800-S777,SC-FAC-zero,800,777,stage2_new_current_runtime,2400,12,PASS,PASS,True,False,4271.75125,9adcd8afe1d4a3caf06d4eba6c846b892747485a3d5cf00c045247692524c4d1,401f6a5ad10fd40a214a67b15810af5ed9792ddd55808e0fa3de5be97eb2244c,1f2757d4e5b082069795c76297cc16f12a4ca7f4ffc5502e8e3b5ddc79069163,c43b4502bdcc9aba98dbded4d11653e9d1cf4db2ab97875745d11029210e0663,7a5840239ff3a398295267ae23c840f07962c50ed1fbf34a39481ed3fd864c42,3a89e6023680752cd76b1eed953353a2d5163b751da1c9c4f3d407a98883cac5,5573ec642f0f28c218f3e6058478f62ab6db6b2b
B-EVAL-ZERO-C800-S999,SC-FAC-zero,800,999,stage2_new_current_runtime,2400,12,PASS,PASS,True,False,4351.7925000000005,58041c395cfd65af41a119ffbffbdc2fe177332dc8782087b384ae987a40e57f,367b5a3d3a507bdce8e2ffd8acd946391f6d8aa8fc9e18f1057f85a9dfa40790,d40e8213d4efb20600e67cbf0816c27a7e4b5c62688ee06432a071428e635d16,0afa6b162f7e14da63db7710be3e36cd9c9e7fcba3aab57be314d0f44e3771e6,7a5840239ff3a398295267ae23c840f07962c50ed1fbf34a39481ed3fd864c42,3a89e6023680752cd76b1eed953353a2d5163b751da1c9c4f3d407a98883cac5,5573ec642f0f28c218f3e6058478f62ab6db6b2b
C-EVAL-BFT05-C1200,BF-T0.5,1200,,rule,2400,12,PASS,PASS,True,False,15298.890416666667,dcd5e717ae88bb429fa9b94a040dafd31ade35b57d5ef4b73fa686b3c2deeb03,8a6337d45926858219f00fcf6e865a9fa90b31fadcbb0d4fc4466b40049c4834,,4fbb544cedc5970871a42845e442317c81ea5e34f89088bcd6280b0e8266f874,7a5840239ff3a398295267ae23c840f07962c50ed1fbf34a39481ed3fd864c42,3a89e6023680752cd76b1eed953353a2d5163b751da1c9c4f3d407a98883cac5,5573ec642f0f28c218f3e6058478f62ab6db6b2b
C-EVAL-BFT05-C800,BF-T0.5,800,,rule,2400,12,PASS,PASS,False,True,4661.324583333333,820f8ec0d4ee835697adaa883a7251b2512c712ac8ee3e8e3be36be5490ecd78,594f8d7c89a20baa269465d987b781d9b2124a21a9d756c92f688b60f67e7288,,55e0ee7782cbf5dc7653ec96f899b2125ccec39e4c720f72486083b2b3427740,7a5840239ff3a398295267ae23c840f07962c50ed1fbf34a39481ed3fd864c42,3a89e6023680752cd76b1eed953353a2d5163b751da1c9c4f3d407a98883cac5,5573ec642f0f28c218f3e6058478f62ab6db6b2b
