model,C,F,T,flush_levels,flush_grid,num_flush_choices,state_feature_mode,mask_mode,reward_scale,money_p,money_tau,drop_penalty,train_regime,hidden_size,learning_rate,settle_embed_dim,conditional_hidden_size,threshold_mode,imitation_mode,threshold_advantage_mode,seed,scenario,policy_output,output_reduction_vs_flat,output_reduction_pct,seed_mean_value_accept_ratio,seed_worst_regime_value_accept_ratio,seed_mean_drops,seed_mean_flushes,seed_mean_money,num_test_regimes,source_paths,seed_mean_policy_discards,seed_mean_capacity_drops,seed_mean_settle_accept_rate,seed_mean_settle_reject_rate,seed_mean_zero_flush_rate,seed_mean_full_flush_rate,seed_mean_middle_flush_rate,seed_mean_mean_flush_fraction,seed_mean_mean_flush_action
conditional_factorized_ac,1100.0,3,1000,17,uniform,17,base,none,100.0,1.0,100.0,0.0,MIX12_EQ,128,0.0001,32,256,,none,none,123,conditional_factorized_ac_trainMIX12_EQ_C1100_F3_T1000_flush17_tau100_seed123_rscale100,19,0.4411764705882353,44.11764705882353,0.9891594947010959,0.9757273316488893,5.735833333333333,52.83791666666667,44220.9625,12,/Users/qiubi/kwallet-rl/src/idea5/general_model/results_formal_main_grid_stable_C800_C900_C1100_10seeds/conditional_factorized_ac/runs/conditional_factorized_ac_trainMIX12_EQ_C1100_F3_T1000_flush17_tau100_seed123_rscale100/20260525_142619_961986/cross_regime_results.json,0.0,5.735833333333333,1.0,0.0,0.9471620833333333,0.05283791666666667,0.0,0.05283791666666667,0.8454066666666668
conditional_factorized_ac,1100.0,3,1000,17,uniform,17,base,none,100.0,1.0,100.0,0.0,MIX12_EQ,128,0.0001,32,256,,none,none,2027,conditional_factorized_ac_trainMIX12_EQ_C1100_F3_T1000_flush17_tau100_seed2027_rscale100,19,0.4411764705882353,44.11764705882353,0.9957229003762994,0.9858499885386541,1.843333333333333,56.419999999999995,44192.38208333334,12,/Users/qiubi/kwallet-rl/src/idea5/general_model/results_formal_main_grid_stable_C800_C900_C1100_10seeds/conditional_factorized_ac/runs/conditional_factorized_ac_trainMIX12_EQ_C1100_F3_T1000_flush17_tau100_seed2027_rscale100/20260525_155950_995694/cross_regime_results.json,0.0,1.843333333333333,1.0,0.0,0.9435799999999999,0.05642000000000002,0.0,0.05642000000000002,0.9027200000000003
conditional_factorized_ac,1100.0,3,1000,17,uniform,17,base,none,100.0,1.0,100.0,0.0,MIX12_EQ,128,0.0001,32,256,,none,none,323,conditional_factorized_ac_trainMIX12_EQ_C1100_F3_T1000_flush17_tau100_seed323_rscale100,19,0.4411764705882353,44.11764705882353,0.9890994165195178,0.9768771050777165,5.720833333333334,52.69458333333333,44232.67833333334,12,/Users/qiubi/kwallet-rl/src/idea5/general_model/results_formal_main_grid_stable_C800_C900_C1100_10seeds/conditional_factorized_ac/runs/conditional_factorized_ac_trainMIX12_EQ_C1100_F3_T1000_flush17_tau100_seed323_rscale100/20260525_144442_260271/cross_regime_results.json,0.0,5.720833333333334,1.0,0.0,0.9473054166666667,0.05269458333333334,0.0,0.05269458333333334,0.8431133333333335
conditional_factorized_ac,1100.0,3,1000,17,uniform,17,base,none,100.0,1.0,100.0,0.0,MIX12_EQ,128,0.0001,32,256,,none,none,3407,conditional_factorized_ac_trainMIX12_EQ_C1100_F3_T1000_flush17_tau100_seed3407_rscale100,19,0.4411764705882353,44.11764705882353,0.9896095940691145,0.977379409987766,5.353333333333333,52.57749999999999,44270.060416666674,12,/Users/qiubi/kwallet-rl/src/idea5/general_model/results_formal_main_grid_stable_C800_C900_C1100_10seeds/conditional_factorized_ac/runs/conditional_factorized_ac_trainMIX12_EQ_C1100_F3_T1000_flush17_tau100_seed3407_rscale100/20260525_163608_421635/cross_regime_results.json,0.0,5.353333333333333,1.0,0.0,0.9474225,0.05257666666666667,8.333333333333334e-07,0.052577395833333346,0.8412383333333335
conditional_factorized_ac,1100.0,3,1000,17,uniform,17,base,none,100.0,1.0,100.0,0.0,MIX12_EQ,128,0.0001,32,256,,none,none,4501,conditional_factorized_ac_trainMIX12_EQ_C1100_F3_T1000_flush17_tau100_seed4501_rscale100,19,0.4411764705882353,44.11764705882353,0.9926501070478176,0.9820846676357385,3.5958333333333337,54.53874999999999,44226.24708333333,12,/Users/qiubi/kwallet-rl/src/idea5/general_model/results_formal_main_grid_stable_C800_C900_C1100_10seeds/conditional_factorized_ac/runs/conditional_factorized_ac_trainMIX12_EQ_C1100_F3_T1000_flush17_tau100_seed4501_rscale100/20260525_174127_431647/cross_regime_results.json,0.0,3.5958333333333337,1.0,0.0,0.94546125,0.054538750000000025,0.0,0.054538750000000025,0.8726200000000004
conditional_factorized_ac,1100.0,3,1000,17,uniform,17,base,none,100.0,1.0,100.0,0.0,MIX12_EQ,128,0.0001,32,256,,none,none,532,conditional_factorized_ac_trainMIX12_EQ_C1100_F3_T1000_flush17_tau100_seed532_rscale100,19,0.4411764705882353,44.11764705882353,0.989576137858318,0.9770586528522586,5.32,52.776250000000005,44248.456249999996,12,/Users/qiubi/kwallet-rl/src/idea5/general_model/results_formal_main_grid_stable_C800_C900_C1100_10seeds/conditional_factorized_ac/runs/conditional_factorized_ac_trainMIX12_EQ_C1100_F3_T1000_flush17_tau100_seed532_rscale100/20260525_150339_715587/cross_regime_results.json,0.0,5.32,1.0,0.0,0.9472237499999999,0.05277625000000002,0.0,0.05277625000000002,0.8444200000000003
conditional_factorized_ac,1100.0,3,1000,17,uniform,17,base,none,100.0,1.0,100.0,0.0,MIX12_EQ,128,0.0001,32,256,,none,none,6101,conditional_factorized_ac_trainMIX12_EQ_C1100_F3_T1000_flush17_tau100_seed6101_rscale100,19,0.4411764705882353,44.11764705882353,0.9930755824627878,0.9820168525521688,3.465416666666666,54.52375,44249.27208333334,12,/Users/qiubi/kwallet-rl/src/idea5/general_model/results_formal_main_grid_stable_C800_C900_C1100_10seeds/conditional_factorized_ac/runs/conditional_factorized_ac_trainMIX12_EQ_C1100_F3_T1000_flush17_tau100_seed6101_rscale100/20260525_180012_606443/cross_regime_results.json,0.0,3.465416666666666,1.0,0.0,0.9454762500000001,0.05452375,0.0,0.05452375,0.87238
conditional_factorized_ac,1100.0,3,1000,17,uniform,17,base,none,100.0,1.0,100.0,0.0,MIX12_EQ,128,0.0001,32,256,,none,none,777,conditional_factorized_ac_trainMIX12_EQ_C1100_F3_T1000_flush17_tau100_seed777_rscale100,19,0.4411764705882353,44.11764705882353,0.9929820018566432,0.9822323775523673,3.556666666666666,54.725833333333334,44224.31,12,/Users/qiubi/kwallet-rl/src/idea5/general_model/results_formal_main_grid_stable_C800_C900_C1100_10seeds/conditional_factorized_ac/runs/conditional_factorized_ac_trainMIX12_EQ_C1100_F3_T1000_flush17_tau100_seed777_rscale100/20260525_152227_451345/cross_regime_results.json,0.0,3.556666666666666,1.0,0.0,0.9452741666666665,0.05472583333333334,0.0,0.05472583333333334,0.8756133333333335
conditional_factorized_ac,1100.0,3,1000,17,uniform,17,base,none,100.0,1.0,100.0,0.0,MIX12_EQ,128,0.0001,32,256,,none,none,8888,conditional_factorized_ac_trainMIX12_EQ_C1100_F3_T1000_flush17_tau100_seed8888_rscale100,19,0.4411764705882353,44.11764705882353,0.9927468816093881,0.9810550601536271,3.4599999999999995,53.87833333333333,44297.060416666674,12,/Users/qiubi/kwallet-rl/src/idea5/general_model/results_formal_main_grid_stable_C800_C900_C1100_10seeds/conditional_factorized_ac/runs/conditional_factorized_ac_trainMIX12_EQ_C1100_F3_T1000_flush17_tau100_seed8888_rscale100/20260525_181830_256839/cross_regime_results.json,0.0,3.4599999999999995,1.0,0.0,0.9461216666666665,0.053637083333333335,0.00024125000000000004,0.05386325520833333,0.8618120833333333
conditional_factorized_ac,1100.0,3,1000,17,uniform,17,base,none,100.0,1.0,100.0,0.0,MIX12_EQ,128,0.0001,32,256,,none,none,999,conditional_factorized_ac_trainMIX12_EQ_C1100_F3_T1000_flush17_tau100_seed999_rscale100,19,0.4411764705882353,44.11764705882353,0.9910810251565239,0.9792639548960926,4.43375,53.180416666666666,44283.39500000001,12,/Users/qiubi/kwallet-rl/src/idea5/general_model/results_formal_main_grid_stable_C800_C900_C1100_10seeds/conditional_factorized_ac/runs/conditional_factorized_ac_trainMIX12_EQ_C1100_F3_T1000_flush17_tau100_seed999_rscale100/20260525_154050_323952/cross_regime_results.json,0.0,4.43375,1.0,0.0,0.9468195833333332,0.053180416666666674,0.0,0.053180416666666674,0.8508866666666668
conditional_factorized_ac,800.0,3,1000,17,uniform,17,base,none,100.0,1.0,100.0,0.0,MIX12_EQ,128,0.0001,32,256,,none,none,123,conditional_factorized_ac_trainMIX12_EQ_C800_F3_T1000_flush17_tau100_seed123_rscale100,19,0.4411764705882353,44.11764705882353,0.9843701155273035,0.9655843116984159,8.017916666666666,77.41333333333331,41522.971249999995,12,/Users/qiubi/kwallet-rl/src/idea5/general_model/results_formal_main_grid_stable_C800_C900_C1100_10seeds/conditional_factorized_ac/runs/conditional_factorized_ac_trainMIX12_EQ_C800_F3_T1000_flush17_tau100_seed123_rscale100/20260525_080324_527881/cross_regime_results.json,0.0,8.017916666666666,1.0,0.0,0.9225866666666667,0.07741333333333332,0.0,0.07741333333333332,1.2386133333333331
conditional_factorized_ac,800.0,3,1000,17,uniform,17,base,none,100.0,1.0,100.0,0.0,MIX12_EQ,128,0.0001,32,256,,none,none,2027,conditional_factorized_ac_trainMIX12_EQ_C800_F3_T1000_flush17_tau100_seed2027_rscale100,19,0.4411764705882353,44.11764705882353,0.9815097337258262,0.9625159521564961,9.914583333333333,75.95166666666667,41525.753749999996,12,/Users/qiubi/kwallet-rl/src/idea5/general_model/results_formal_main_grid_stable_C800_C900_C1100_10seeds/conditional_factorized_ac/runs/conditional_factorized_ac_trainMIX12_EQ_C800_F3_T1000_flush17_tau100_seed2027_rscale100/20260525_093752_488148/cross_regime_results.json,0.0,9.914583333333333,1.0,0.0,0.9240483333333334,0.07595166666666665,0.0,0.07595166666666665,1.2152266666666665
conditional_factorized_ac,800.0,3,1000,17,uniform,17,base,none,100.0,1.0,100.0,0.0,MIX12_EQ,128,0.0001,32,256,,none,none,323,conditional_factorized_ac_trainMIX12_EQ_C800_F3_T1000_flush17_tau100_seed323_rscale100,19,0.4411764705882353,44.11764705882353,0.9822060297815894,0.9640778428861873,9.3575,76.04,41551.98666666667,12,/Users/qiubi/kwallet-rl/src/idea5/general_model/results_formal_main_grid_stable_C800_C900_C1100_10seeds/conditional_factorized_ac/runs/conditional_factorized_ac_trainMIX12_EQ_C800_F3_T1000_flush17_tau100_seed323_rscale100/20260525_082229_895162/cross_regime_results.json,0.0,9.3575,1.0,0.0,0.92396,0.07604,0.0,0.07604,1.21664
conditional_factorized_ac,800.0,3,1000,17,uniform,17,base,none,100.0,1.0,100.0,0.0,MIX12_EQ,128,0.0001,32,256,,none,none,3407,conditional_factorized_ac_trainMIX12_EQ_C800_F3_T1000_flush17_tau100_seed3407_rscale100,19,0.4411764705882353,44.11764705882353,0.9853714545016015,0.9671026766404299,7.302083333333333,77.51916666666666,41562.815833333334,12,/Users/qiubi/kwallet-rl/src/idea5/general_model/results_formal_main_grid_stable_C800_C900_C1100_10seeds/conditional_factorized_ac/runs/conditional_factorized_ac_trainMIX12_EQ_C800_F3_T1000_flush17_tau100_seed3407_rscale100/20260525_095634_868529/cross_regime_results.json,0.0,7.302083333333333,1.0,0.0,0.9224808333333332,0.07751916666666665,0.0,0.07751916666666665,1.2403066666666664
conditional_factorized_ac,800.0,3,1000,17,uniform,17,base,none,100.0,1.0,100.0,0.0,MIX12_EQ,128,0.0001,32,256,,none,none,4501,conditional_factorized_ac_trainMIX12_EQ_C800_F3_T1000_flush17_tau100_seed4501_rscale100,19,0.4411764705882353,44.11764705882353,0.9872448678278447,0.9685470826110536,6.31625,78.96125,41512.33,12,/Users/qiubi/kwallet-rl/src/idea5/general_model/results_formal_main_grid_stable_C800_C900_C1100_10seeds/conditional_factorized_ac/runs/conditional_factorized_ac_trainMIX12_EQ_C800_F3_T1000_flush17_tau100_seed4501_rscale100/20260525_101524_227205/cross_regime_results.json,0.0,6.31625,1.0,0.0,0.9210387499999998,0.07896125,0.0,0.07896125,1.26338
conditional_factorized_ac,800.0,3,1000,17,uniform,17,base,none,100.0,1.0,100.0,0.0,MIX12_EQ,128,0.0001,32,256,,none,none,532,conditional_factorized_ac_trainMIX12_EQ_C800_F3_T1000_flush17_tau100_seed532_rscale100,19,0.4411764705882353,44.11764705882353,0.9835585283427867,0.9655621582446856,8.516666666666666,76.51208333333334,41572.87458333333,12,/Users/qiubi/kwallet-rl/src/idea5/general_model/results_formal_main_grid_stable_C800_C900_C1100_10seeds/conditional_factorized_ac/runs/conditional_factorized_ac_trainMIX12_EQ_C800_F3_T1000_flush17_tau100_seed532_rscale100/20260525_084135_838640/cross_regime_results.json,0.0,8.516666666666666,1.0,0.0,0.9234879166666667,0.07651208333333331,0.0,0.07651208333333331,1.224193333333333
conditional_factorized_ac,800.0,3,1000,17,uniform,17,base,none,100.0,1.0,100.0,0.0,MIX12_EQ,128,0.0001,32,256,,none,none,6101,conditional_factorized_ac_trainMIX12_EQ_C800_F3_T1000_flush17_tau100_seed6101_rscale100,19,0.4411764705882353,44.11764705882353,0.9840193617653042,0.9660320776784124,8.111666666666666,76.8125,41565.762083333335,12,/Users/qiubi/kwallet-rl/src/idea5/general_model/results_formal_main_grid_stable_C800_C900_C1100_10seeds/conditional_factorized_ac/runs/conditional_factorized_ac_trainMIX12_EQ_C800_F3_T1000_flush17_tau100_seed6101_rscale100/20260525_103426_260102/cross_regime_results.json,0.0,8.111666666666666,1.0,0.0,0.9231875,0.07681249999999999,0.0,0.07681249999999999,1.2289999999999999
conditional_factorized_ac,800.0,3,1000,17,uniform,17,base,none,100.0,1.0,100.0,0.0,MIX12_EQ,128,0.0001,32,256,,none,none,777,conditional_factorized_ac_trainMIX12_EQ_C800_F3_T1000_flush17_tau100_seed777_rscale100,19,0.4411764705882353,44.11764705882353,0.9845768547587572,0.9660919442716117,7.9191666666666665,77.36208333333333,41538.449166666665,12,/Users/qiubi/kwallet-rl/src/idea5/general_model/results_formal_main_grid_stable_C800_C900_C1100_10seeds/conditional_factorized_ac/runs/conditional_factorized_ac_trainMIX12_EQ_C800_F3_T1000_flush17_tau100_seed777_rscale100/20260525_090024_244482/cross_regime_results.json,0.0,7.9191666666666665,1.0,0.0,0.9226379166666666,0.07736208333333332,0.0,0.07736208333333332,1.237793333333333
conditional_factorized_ac,800.0,3,1000,17,uniform,17,base,none,100.0,1.0,100.0,0.0,MIX12_EQ,128,0.0001,32,256,,none,none,8888,conditional_factorized_ac_trainMIX12_EQ_C800_F3_T1000_flush17_tau100_seed8888_rscale100,19,0.4411764705882353,44.11764705882353,0.9827731911164541,0.9639762090759941,8.922916666666666,76.23208333333334,41561.28041666667,12,/Users/qiubi/kwallet-rl/src/idea5/general_model/results_formal_main_grid_stable_C800_C900_C1100_10seeds/conditional_factorized_ac/runs/conditional_factorized_ac_trainMIX12_EQ_C800_F3_T1000_flush17_tau100_seed8888_rscale100/20260525_105334_578118/cross_regime_results.json,0.0,8.922916666666666,1.0,0.0,0.9237679166666667,0.07623208333333333,0.0,0.07623208333333333,1.2197133333333332
conditional_factorized_ac,800.0,3,1000,17,uniform,17,base,none,100.0,1.0,100.0,0.0,MIX12_EQ,128,0.0001,32,256,,none,none,999,conditional_factorized_ac_trainMIX12_EQ_C800_F3_T1000_flush17_tau100_seed999_rscale100,19,0.4411764705882353,44.11764705882353,0.9840109297515552,0.9656646464766772,8.154583333333333,76.56041666666667,41590.50125,12,/Users/qiubi/kwallet-rl/src/idea5/general_model/results_formal_main_grid_stable_C800_C900_C1100_10seeds/conditional_factorized_ac/runs/conditional_factorized_ac_trainMIX12_EQ_C800_F3_T1000_flush17_tau100_seed999_rscale100/20260525_091916_250715/cross_regime_results.json,0.0,8.154583333333333,1.0,0.0,0.9234395833333333,0.07656041666666664,0.0,0.07656041666666664,1.2249666666666663
conditional_factorized_ac,900.0,3,1000,17,uniform,17,base,none,100.0,1.0,100.0,0.0,MIX12_EQ,128,0.0001,32,256,,none,none,123,conditional_factorized_ac_trainMIX12_EQ_C900_F3_T1000_flush17_tau100_seed123_rscale100,19,0.4411764705882353,44.11764705882353,0.9891664721951164,0.9736525546291595,5.412083333333334,68.40666666666667,42664.36583333333,12,/Users/qiubi/kwallet-rl/src/idea5/general_model/results_formal_main_grid_stable_C800_C900_C1100_10seeds/conditional_factorized_ac/runs/conditional_factorized_ac_trainMIX12_EQ_C900_F3_T1000_flush17_tau100_seed123_rscale100/20260525_111247_455822/cross_regime_results.json,0.0,5.412083333333334,1.0,0.0,0.9315933333333336,0.06840666666666669,0.0,0.06840666666666669,1.094506666666667
conditional_factorized_ac,900.0,3,1000,17,uniform,17,base,none,100.0,1.0,100.0,0.0,MIX12_EQ,128,0.0001,32,256,,none,none,2027,conditional_factorized_ac_trainMIX12_EQ_C900_F3_T1000_flush17_tau100_seed2027_rscale100,19,0.4411764705882353,44.11764705882353,0.9865528527113171,0.9695164140895964,6.890833333333333,67.33666666666667,42640.22541666666,12,/Users/qiubi/kwallet-rl/src/idea5/general_model/results_formal_main_grid_stable_C800_C900_C1100_10seeds/conditional_factorized_ac/runs/conditional_factorized_ac_trainMIX12_EQ_C900_F3_T1000_flush17_tau100_seed2027_rscale100/20260525_124934_506290/cross_regime_results.json,0.0,6.890833333333333,1.0,0.0,0.9326633333333333,0.06733666666666667,0.0,0.06733666666666667,1.0773866666666667
conditional_factorized_ac,900.0,3,1000,17,uniform,17,base,none,100.0,1.0,100.0,0.0,MIX12_EQ,128,0.0001,32,256,,none,none,323,conditional_factorized_ac_trainMIX12_EQ_C900_F3_T1000_flush17_tau100_seed323_rscale100,19,0.4411764705882353,44.11764705882353,0.9904575223152646,0.975415698627425,4.515416666666667,68.75958333333334,42693.89166666667,12,/Users/qiubi/kwallet-rl/src/idea5/general_model/results_formal_main_grid_stable_C800_C900_C1100_10seeds/conditional_factorized_ac/runs/conditional_factorized_ac_trainMIX12_EQ_C900_F3_T1000_flush17_tau100_seed323_rscale100/20260525_113203_046206/cross_regime_results.json,0.0,4.515416666666667,1.0,0.0,0.9312404166666667,0.06850416666666666,0.00025541666666666665,0.06874361979166667,1.0998979166666667
conditional_factorized_ac,900.0,3,1000,17,uniform,17,base,none,100.0,1.0,100.0,0.0,MIX12_EQ,128,0.0001,32,256,,none,none,3407,conditional_factorized_ac_trainMIX12_EQ_C900_F3_T1000_flush17_tau100_seed3407_rscale100,19,0.4411764705882353,44.11764705882353,0.9913105469046241,0.9769184100227861,4.0600000000000005,69.47083333333335,42665.688749999994,12,/Users/qiubi/kwallet-rl/src/idea5/general_model/results_formal_main_grid_stable_C800_C900_C1100_10seeds/conditional_factorized_ac/runs/conditional_factorized_ac_trainMIX12_EQ_C900_F3_T1000_flush17_tau100_seed3407_rscale100/20260525_130823_957592/cross_regime_results.json,0.0,4.0600000000000005,1.0,0.0,0.9305291666666666,0.06947083333333333,0.0,0.06947083333333333,1.1115333333333333
conditional_factorized_ac,900.0,3,1000,17,uniform,17,base,none,100.0,1.0,100.0,0.0,MIX12_EQ,128,0.0001,32,256,,none,none,4501,conditional_factorized_ac_trainMIX12_EQ_C900_F3_T1000_flush17_tau100_seed4501_rscale100,19,0.4411764705882353,44.11764705882353,0.991386823743627,0.9769667114796635,4.129166666666666,69.9575,42620.55541666667,12,/Users/qiubi/kwallet-rl/src/idea5/general_model/results_formal_main_grid_stable_C800_C900_C1100_10seeds/conditional_factorized_ac/runs/conditional_factorized_ac_trainMIX12_EQ_C900_F3_T1000_flush17_tau100_seed4501_rscale100/20260525_132811_128871/cross_regime_results.json,0.0,4.129166666666666,1.0,0.0,0.9300425,0.06995749999999999,0.0,0.06995749999999999,1.1193199999999999
conditional_factorized_ac,900.0,3,1000,17,uniform,17,base,none,100.0,1.0,100.0,0.0,MIX12_EQ,128,0.0001,32,256,,none,none,532,conditional_factorized_ac_trainMIX12_EQ_C900_F3_T1000_flush17_tau100_seed532_rscale100,19,0.4411764705882353,44.11764705882353,0.9893351180452753,0.9742637647760177,5.146666666666667,68.32833333333333,42680.86833333333,12,/Users/qiubi/kwallet-rl/src/idea5/general_model/results_formal_main_grid_stable_C800_C900_C1100_10seeds/conditional_factorized_ac/runs/conditional_factorized_ac_trainMIX12_EQ_C900_F3_T1000_flush17_tau100_seed532_rscale100/20260525_115108_311424/cross_regime_results.json,0.0,5.146666666666667,1.0,0.0,0.9316716666666668,0.06832833333333334,0.0,0.06832833333333334,1.0932533333333334
conditional_factorized_ac,900.0,3,1000,17,uniform,17,base,none,100.0,1.0,100.0,0.0,MIX12_EQ,128,0.0001,32,256,,none,none,6101,conditional_factorized_ac_trainMIX12_EQ_C900_F3_T1000_flush17_tau100_seed6101_rscale100,19,0.4411764705882353,44.11764705882353,0.9896422776764933,0.974548120538475,4.989999999999999,68.25,42704.079999999994,12,/Users/qiubi/kwallet-rl/src/idea5/general_model/results_formal_main_grid_stable_C800_C900_C1100_10seeds/conditional_factorized_ac/runs/conditional_factorized_ac_trainMIX12_EQ_C900_F3_T1000_flush17_tau100_seed6101_rscale100/20260525_134720_655262/cross_regime_results.json,0.0,4.989999999999999,1.0,0.0,0.9317500000000001,0.06797083333333336,0.00027916666666666666,0.06823255208333333,1.0917208333333333
conditional_factorized_ac,900.0,3,1000,17,uniform,17,base,none,100.0,1.0,100.0,0.0,MIX12_EQ,128,0.0001,32,256,,none,none,777,conditional_factorized_ac_trainMIX12_EQ_C900_F3_T1000_flush17_tau100_seed777_rscale100,19,0.4411764705882353,44.11764705882353,0.9866342314447918,0.9710212338157366,6.913333333333334,67.30916666666667,42647.285,12,/Users/qiubi/kwallet-rl/src/idea5/general_model/results_formal_main_grid_stable_C800_C900_C1100_10seeds/conditional_factorized_ac/runs/conditional_factorized_ac_trainMIX12_EQ_C900_F3_T1000_flush17_tau100_seed777_rscale100/20260525_121038_747075/cross_regime_results.json,0.0,6.913333333333334,1.0,0.0,0.9326908333333334,0.06730916666666667,0.0,0.06730916666666667,1.0769466666666667
conditional_factorized_ac,900.0,3,1000,17,uniform,17,base,none,100.0,1.0,100.0,0.0,MIX12_EQ,128,0.0001,32,256,,none,none,8888,conditional_factorized_ac_trainMIX12_EQ_C900_F3_T1000_flush17_tau100_seed8888_rscale100,19,0.4411764705882353,44.11764705882353,0.9901648325356328,0.9749778321899845,4.6954166666666675,68.40999999999998,42714.28166666667,12,/Users/qiubi/kwallet-rl/src/idea5/general_model/results_formal_main_grid_stable_C800_C900_C1100_10seeds/conditional_factorized_ac/runs/conditional_factorized_ac_trainMIX12_EQ_C900_F3_T1000_flush17_tau100_seed8888_rscale100/20260525_140655_476737/cross_regime_results.json,0.0,4.6954166666666675,1.0,0.0,0.93159,0.06840999999999998,0.0,0.06840999999999998,1.0945599999999998
conditional_factorized_ac,900.0,3,1000,17,uniform,17,base,none,100.0,1.0,100.0,0.0,MIX12_EQ,128,0.0001,32,256,,none,none,999,conditional_factorized_ac_trainMIX12_EQ_C900_F3_T1000_flush17_tau100_seed999_rscale100,19,0.4411764705882353,44.11764705882353,0.9902059824222694,0.9749959118887781,4.6483333333333325,68.37333333333333,42720.06333333333,12,/Users/qiubi/kwallet-rl/src/idea5/general_model/results_formal_main_grid_stable_C800_C900_C1100_10seeds/conditional_factorized_ac/runs/conditional_factorized_ac_trainMIX12_EQ_C900_F3_T1000_flush17_tau100_seed999_rscale100/20260525_122944_945653/cross_regime_results.json,0.0,4.6483333333333325,1.0,0.0,0.9316266666666665,0.06837333333333333,0.0,0.06837333333333333,1.0939733333333332
grid_threshold,1100.0,3,1000,17,uniform,17,base,none,1.0,1.0,100.0,0.0,MIX12_EQ,,,,,grid,none,none,123,grid_threshold_trainMIX12_EQ_C1100_F3_T1000_flush17_tau100_seed123_eta0p8,,,,0.9934260600117608,0.9811024242653065,2.9370833333333333,56.001250000000006,44119.00916666666,12,/Users/qiubi/kwallet-rl/src/idea5/general_model/results_formal_main_grid_stable_C800_C900_C1100_10seeds/grid_threshold/runs/grid_threshold_trainMIX12_EQ_C1100_F3_T1000_flush17_tau100_seed123_eta0p8/20260525_075952_630983/cross_regime_results.json,2.9370833333333333,0.0,,,,,,,
grid_threshold,1100.0,3,1000,17,uniform,17,base,none,1.0,1.0,100.0,0.0,MIX12_EQ,,,,,grid,none,none,2027,grid_threshold_trainMIX12_EQ_C1100_F3_T1000_flush17_tau100_seed2027_eta0p8,,,,0.9934260600117608,0.9811024242653065,2.9370833333333333,56.001250000000006,44119.00916666666,12,/Users/qiubi/kwallet-rl/src/idea5/general_model/results_formal_main_grid_stable_C800_C900_C1100_10seeds/grid_threshold/runs/grid_threshold_trainMIX12_EQ_C1100_F3_T1000_flush17_tau100_seed2027_eta0p8/20260525_080145_021087/cross_regime_results.json,2.9370833333333333,0.0,,,,,,,
grid_threshold,1100.0,3,1000,17,uniform,17,base,none,1.0,1.0,100.0,0.0,MIX12_EQ,,,,,grid,none,none,323,grid_threshold_trainMIX12_EQ_C1100_F3_T1000_flush17_tau100_seed323_eta0p8,,,,0.9934260600117608,0.9811024242653065,2.9370833333333333,56.001250000000006,44119.00916666666,12,/Users/qiubi/kwallet-rl/src/idea5/general_model/results_formal_main_grid_stable_C800_C900_C1100_10seeds/grid_threshold/runs/grid_threshold_trainMIX12_EQ_C1100_F3_T1000_flush17_tau100_seed323_eta0p8/20260525_080015_089215/cross_regime_results.json,2.9370833333333333,0.0,,,,,,,
grid_threshold,1100.0,3,1000,17,uniform,17,base,none,1.0,1.0,100.0,0.0,MIX12_EQ,,,,,grid,none,none,3407,grid_threshold_trainMIX12_EQ_C1100_F3_T1000_flush17_tau100_seed3407_eta0p8,,,,0.9934260600117608,0.9811024242653065,2.9370833333333333,56.001250000000006,44119.00916666666,12,/Users/qiubi/kwallet-rl/src/idea5/general_model/results_formal_main_grid_stable_C800_C900_C1100_10seeds/grid_threshold/runs/grid_threshold_trainMIX12_EQ_C1100_F3_T1000_flush17_tau100_seed3407_eta0p8/20260525_080207_790105/cross_regime_results.json,2.9370833333333333,0.0,,,,,,,
grid_threshold,1100.0,3,1000,17,uniform,17,base,none,1.0,1.0,100.0,0.0,MIX12_EQ,,,,,grid,none,none,4501,grid_threshold_trainMIX12_EQ_C1100_F3_T1000_flush17_tau100_seed4501_eta0p8,,,,0.9934260600117608,0.9811024242653065,2.9370833333333333,56.001250000000006,44119.00916666666,12,/Users/qiubi/kwallet-rl/src/idea5/general_model/results_formal_main_grid_stable_C800_C900_C1100_10seeds/grid_threshold/runs/grid_threshold_trainMIX12_EQ_C1100_F3_T1000_flush17_tau100_seed4501_eta0p8/20260525_080230_253030/cross_regime_results.json,2.9370833333333333,0.0,,,,,,,
grid_threshold,1100.0,3,1000,17,uniform,17,base,none,1.0,1.0,100.0,0.0,MIX12_EQ,,,,,grid,none,none,532,grid_threshold_trainMIX12_EQ_C1100_F3_T1000_flush17_tau100_seed532_eta0p8,,,,0.9934260600117608,0.9811024242653065,2.9370833333333333,56.001250000000006,44119.00916666666,12,/Users/qiubi/kwallet-rl/src/idea5/general_model/results_formal_main_grid_stable_C800_C900_C1100_10seeds/grid_threshold/runs/grid_threshold_trainMIX12_EQ_C1100_F3_T1000_flush17_tau100_seed532_eta0p8/20260525_080037_512346/cross_regime_results.json,2.9370833333333333,0.0,,,,,,,
grid_threshold,1100.0,3,1000,17,uniform,17,base,none,1.0,1.0,100.0,0.0,MIX12_EQ,,,,,grid,none,none,6101,grid_threshold_trainMIX12_EQ_C1100_F3_T1000_flush17_tau100_seed6101_eta0p8,,,,0.9934260600117608,0.9811024242653065,2.9370833333333333,56.001250000000006,44119.00916666666,12,/Users/qiubi/kwallet-rl/src/idea5/general_model/results_formal_main_grid_stable_C800_C900_C1100_10seeds/grid_threshold/runs/grid_threshold_trainMIX12_EQ_C1100_F3_T1000_flush17_tau100_seed6101_eta0p8/20260525_080252_695234/cross_regime_results.json,2.9370833333333333,0.0,,,,,,,
grid_threshold,1100.0,3,1000,17,uniform,17,base,none,1.0,1.0,100.0,0.0,MIX12_EQ,,,,,grid,none,none,777,grid_threshold_trainMIX12_EQ_C1100_F3_T1000_flush17_tau100_seed777_eta0p8,,,,0.9934260600117608,0.9811024242653065,2.9370833333333333,56.001250000000006,44119.00916666666,12,/Users/qiubi/kwallet-rl/src/idea5/general_model/results_formal_main_grid_stable_C800_C900_C1100_10seeds/grid_threshold/runs/grid_threshold_trainMIX12_EQ_C1100_F3_T1000_flush17_tau100_seed777_eta0p8/20260525_080100_013485/cross_regime_results.json,2.9370833333333333,0.0,,,,,,,
grid_threshold,1100.0,3,1000,17,uniform,17,base,none,1.0,1.0,100.0,0.0,MIX12_EQ,,,,,grid,none,none,8888,grid_threshold_trainMIX12_EQ_C1100_F3_T1000_flush17_tau100_seed8888_eta0p8,,,,0.9934260600117608,0.9811024242653065,2.9370833333333333,56.001250000000006,44119.00916666666,12,/Users/qiubi/kwallet-rl/src/idea5/general_model/results_formal_main_grid_stable_C800_C900_C1100_10seeds/grid_threshold/runs/grid_threshold_trainMIX12_EQ_C1100_F3_T1000_flush17_tau100_seed8888_eta0p8/20260525_080315_300364/cross_regime_results.json,2.9370833333333333,0.0,,,,,,,
grid_threshold,1100.0,3,1000,17,uniform,17,base,none,1.0,1.0,100.0,0.0,MIX12_EQ,,,,,grid,none,none,999,grid_threshold_trainMIX12_EQ_C1100_F3_T1000_flush17_tau100_seed999_eta0p8,,,,0.9934260600117608,0.9811024242653065,2.9370833333333333,56.001250000000006,44119.00916666666,12,/Users/qiubi/kwallet-rl/src/idea5/general_model/results_formal_main_grid_stable_C800_C900_C1100_10seeds/grid_threshold/runs/grid_threshold_trainMIX12_EQ_C1100_F3_T1000_flush17_tau100_seed999_eta0p8/20260525_080122_586326/cross_regime_results.json,2.9370833333333333,0.0,,,,,,,
grid_threshold,800.0,3,1000,17,uniform,17,base,none,1.0,1.0,100.0,0.0,MIX12_EQ,,,,,grid,none,none,123,grid_threshold_trainMIX12_EQ_C800_F3_T1000_flush17_tau100_seed123_eta0p75,,,,0.985686114793479,0.9660180151484283,6.969166666666666,81.73291666666667,41157.09416666667,12,/Users/qiubi/kwallet-rl/src/idea5/general_model/results_formal_main_grid_stable_C800_C900_C1100_10seeds/grid_threshold/runs/grid_threshold_trainMIX12_EQ_C800_F3_T1000_flush17_tau100_seed123_eta0p75/20260525_075217_997655/cross_regime_results.json,6.969166666666666,0.0,,,,,,,
grid_threshold,800.0,3,1000,17,uniform,17,base,none,1.0,1.0,100.0,0.0,MIX12_EQ,,,,,grid,none,none,2027,grid_threshold_trainMIX12_EQ_C800_F3_T1000_flush17_tau100_seed2027_eta0p75,,,,0.985686114793479,0.9660180151484283,6.969166666666666,81.73291666666667,41157.09416666667,12,/Users/qiubi/kwallet-rl/src/idea5/general_model/results_formal_main_grid_stable_C800_C900_C1100_10seeds/grid_threshold/runs/grid_threshold_trainMIX12_EQ_C800_F3_T1000_flush17_tau100_seed2027_eta0p75/20260525_075412_119556/cross_regime_results.json,6.969166666666666,0.0,,,,,,,
grid_threshold,800.0,3,1000,17,uniform,17,base,none,1.0,1.0,100.0,0.0,MIX12_EQ,,,,,grid,none,none,323,grid_threshold_trainMIX12_EQ_C800_F3_T1000_flush17_tau100_seed323_eta0p75,,,,0.985686114793479,0.9660180151484283,6.969166666666666,81.73291666666667,41157.09416666667,12,/Users/qiubi/kwallet-rl/src/idea5/general_model/results_formal_main_grid_stable_C800_C900_C1100_10seeds/grid_threshold/runs/grid_threshold_trainMIX12_EQ_C800_F3_T1000_flush17_tau100_seed323_eta0p75/20260525_075240_725405/cross_regime_results.json,6.969166666666666,0.0,,,,,,,
grid_threshold,800.0,3,1000,17,uniform,17,base,none,1.0,1.0,100.0,0.0,MIX12_EQ,,,,,grid,none,none,3407,grid_threshold_trainMIX12_EQ_C800_F3_T1000_flush17_tau100_seed3407_eta0p75,,,,0.985686114793479,0.9660180151484283,6.969166666666666,81.73291666666667,41157.09416666667,12,/Users/qiubi/kwallet-rl/src/idea5/general_model/results_formal_main_grid_stable_C800_C900_C1100_10seeds/grid_threshold/runs/grid_threshold_trainMIX12_EQ_C800_F3_T1000_flush17_tau100_seed3407_eta0p75/20260525_075434_782850/cross_regime_results.json,6.969166666666666,0.0,,,,,,,
grid_threshold,800.0,3,1000,17,uniform,17,base,none,1.0,1.0,100.0,0.0,MIX12_EQ,,,,,grid,none,none,4501,grid_threshold_trainMIX12_EQ_C800_F3_T1000_flush17_tau100_seed4501_eta0p75,,,,0.985686114793479,0.9660180151484283,6.969166666666666,81.73291666666667,41157.09416666667,12,/Users/qiubi/kwallet-rl/src/idea5/general_model/results_formal_main_grid_stable_C800_C900_C1100_10seeds/grid_threshold/runs/grid_threshold_trainMIX12_EQ_C800_F3_T1000_flush17_tau100_seed4501_eta0p75/20260525_075457_772078/cross_regime_results.json,6.969166666666666,0.0,,,,,,,
grid_threshold,800.0,3,1000,17,uniform,17,base,none,1.0,1.0,100.0,0.0,MIX12_EQ,,,,,grid,none,none,532,grid_threshold_trainMIX12_EQ_C800_F3_T1000_flush17_tau100_seed532_eta0p75,,,,0.985686114793479,0.9660180151484283,6.969166666666666,81.73291666666667,41157.09416666667,12,/Users/qiubi/kwallet-rl/src/idea5/general_model/results_formal_main_grid_stable_C800_C900_C1100_10seeds/grid_threshold/runs/grid_threshold_trainMIX12_EQ_C800_F3_T1000_flush17_tau100_seed532_eta0p75/20260525_075303_848380/cross_regime_results.json,6.969166666666666,0.0,,,,,,,
grid_threshold,800.0,3,1000,17,uniform,17,base,none,1.0,1.0,100.0,0.0,MIX12_EQ,,,,,grid,none,none,6101,grid_threshold_trainMIX12_EQ_C800_F3_T1000_flush17_tau100_seed6101_eta0p75,,,,0.985686114793479,0.9660180151484283,6.969166666666666,81.73291666666667,41157.09416666667,12,/Users/qiubi/kwallet-rl/src/idea5/general_model/results_formal_main_grid_stable_C800_C900_C1100_10seeds/grid_threshold/runs/grid_threshold_trainMIX12_EQ_C800_F3_T1000_flush17_tau100_seed6101_eta0p75/20260525_075520_395489/cross_regime_results.json,6.969166666666666,0.0,,,,,,,
grid_threshold,800.0,3,1000,17,uniform,17,base,none,1.0,1.0,100.0,0.0,MIX12_EQ,,,,,grid,none,none,777,grid_threshold_trainMIX12_EQ_C800_F3_T1000_flush17_tau100_seed777_eta0p75,,,,0.985686114793479,0.9660180151484283,6.969166666666666,81.73291666666667,41157.09416666667,12,/Users/qiubi/kwallet-rl/src/idea5/general_model/results_formal_main_grid_stable_C800_C900_C1100_10seeds/grid_threshold/runs/grid_threshold_trainMIX12_EQ_C800_F3_T1000_flush17_tau100_seed777_eta0p75/20260525_075326_597006/cross_regime_results.json,6.969166666666666,0.0,,,,,,,
grid_threshold,800.0,3,1000,17,uniform,17,base,none,1.0,1.0,100.0,0.0,MIX12_EQ,,,,,grid,none,none,8888,grid_threshold_trainMIX12_EQ_C800_F3_T1000_flush17_tau100_seed8888_eta0p75,,,,0.985686114793479,0.9660180151484283,6.969166666666666,81.73291666666667,41157.09416666667,12,/Users/qiubi/kwallet-rl/src/idea5/general_model/results_formal_main_grid_stable_C800_C900_C1100_10seeds/grid_threshold/runs/grid_threshold_trainMIX12_EQ_C800_F3_T1000_flush17_tau100_seed8888_eta0p75/20260525_075543_080816/cross_regime_results.json,6.969166666666666,0.0,,,,,,,
grid_threshold,800.0,3,1000,17,uniform,17,base,none,1.0,1.0,100.0,0.0,MIX12_EQ,,,,,grid,none,none,999,grid_threshold_trainMIX12_EQ_C800_F3_T1000_flush17_tau100_seed999_eta0p75,,,,0.985686114793479,0.9660180151484283,6.969166666666666,81.73291666666667,41157.09416666667,12,/Users/qiubi/kwallet-rl/src/idea5/general_model/results_formal_main_grid_stable_C800_C900_C1100_10seeds/grid_threshold/runs/grid_threshold_trainMIX12_EQ_C800_F3_T1000_flush17_tau100_seed999_eta0p75/20260525_075349_496671/cross_regime_results.json,6.969166666666666,0.0,,,,,,,
grid_threshold,900.0,3,1000,17,uniform,17,base,none,1.0,1.0,100.0,0.0,MIX12_EQ,,,,,grid,none,none,123,grid_threshold_trainMIX12_EQ_C900_F3_T1000_flush17_tau100_seed123_eta0p75,,,,0.9923589725342997,0.9776301492167451,3.400416666666666,73.08375,42356.92125000001,12,/Users/qiubi/kwallet-rl/src/idea5/general_model/results_formal_main_grid_stable_C800_C900_C1100_10seeds/grid_threshold/runs/grid_threshold_trainMIX12_EQ_C900_F3_T1000_flush17_tau100_seed123_eta0p75/20260525_075605_704017/cross_regime_results.json,3.400416666666666,0.0,,,,,,,
grid_threshold,900.0,3,1000,17,uniform,17,base,none,1.0,1.0,100.0,0.0,MIX12_EQ,,,,,grid,none,none,2027,grid_threshold_trainMIX12_EQ_C900_F3_T1000_flush17_tau100_seed2027_eta0p75,,,,0.9923589725342997,0.9776301492167451,3.400416666666666,73.08375,42356.92125000001,12,/Users/qiubi/kwallet-rl/src/idea5/general_model/results_formal_main_grid_stable_C800_C900_C1100_10seeds/grid_threshold/runs/grid_threshold_trainMIX12_EQ_C900_F3_T1000_flush17_tau100_seed2027_eta0p75/20260525_075759_156048/cross_regime_results.json,3.400416666666666,0.0,,,,,,,
grid_threshold,900.0,3,1000,17,uniform,17,base,none,1.0,1.0,100.0,0.0,MIX12_EQ,,,,,grid,none,none,323,grid_threshold_trainMIX12_EQ_C900_F3_T1000_flush17_tau100_seed323_eta0p75,,,,0.9923589725342997,0.9776301492167451,3.400416666666666,73.08375,42356.92125000001,12,/Users/qiubi/kwallet-rl/src/idea5/general_model/results_formal_main_grid_stable_C800_C900_C1100_10seeds/grid_threshold/runs/grid_threshold_trainMIX12_EQ_C900_F3_T1000_flush17_tau100_seed323_eta0p75/20260525_075628_540816/cross_regime_results.json,3.400416666666666,0.0,,,,,,,
grid_threshold,900.0,3,1000,17,uniform,17,base,none,1.0,1.0,100.0,0.0,MIX12_EQ,,,,,grid,none,none,3407,grid_threshold_trainMIX12_EQ_C900_F3_T1000_flush17_tau100_seed3407_eta0p75,,,,0.9923589725342997,0.9776301492167451,3.400416666666666,73.08375,42356.92125000001,12,/Users/qiubi/kwallet-rl/src/idea5/general_model/results_formal_main_grid_stable_C800_C900_C1100_10seeds/grid_threshold/runs/grid_threshold_trainMIX12_EQ_C900_F3_T1000_flush17_tau100_seed3407_eta0p75/20260525_075821_908234/cross_regime_results.json,3.400416666666666,0.0,,,,,,,
grid_threshold,900.0,3,1000,17,uniform,17,base,none,1.0,1.0,100.0,0.0,MIX12_EQ,,,,,grid,none,none,4501,grid_threshold_trainMIX12_EQ_C900_F3_T1000_flush17_tau100_seed4501_eta0p75,,,,0.9923589725342997,0.9776301492167451,3.400416666666666,73.08375,42356.92125000001,12,/Users/qiubi/kwallet-rl/src/idea5/general_model/results_formal_main_grid_stable_C800_C900_C1100_10seeds/grid_threshold/runs/grid_threshold_trainMIX12_EQ_C900_F3_T1000_flush17_tau100_seed4501_eta0p75/20260525_075844_629327/cross_regime_results.json,3.400416666666666,0.0,,,,,,,
grid_threshold,900.0,3,1000,17,uniform,17,base,none,1.0,1.0,100.0,0.0,MIX12_EQ,,,,,grid,none,none,532,grid_threshold_trainMIX12_EQ_C900_F3_T1000_flush17_tau100_seed532_eta0p75,,,,0.9923589725342997,0.9776301492167451,3.400416666666666,73.08375,42356.92125000001,12,/Users/qiubi/kwallet-rl/src/idea5/general_model/results_formal_main_grid_stable_C800_C900_C1100_10seeds/grid_threshold/runs/grid_threshold_trainMIX12_EQ_C900_F3_T1000_flush17_tau100_seed532_eta0p75/20260525_075651_218749/cross_regime_results.json,3.400416666666666,0.0,,,,,,,
grid_threshold,900.0,3,1000,17,uniform,17,base,none,1.0,1.0,100.0,0.0,MIX12_EQ,,,,,grid,none,none,6101,grid_threshold_trainMIX12_EQ_C900_F3_T1000_flush17_tau100_seed6101_eta0p75,,,,0.9923589725342997,0.9776301492167451,3.400416666666666,73.08375,42356.92125000001,12,/Users/qiubi/kwallet-rl/src/idea5/general_model/results_formal_main_grid_stable_C800_C900_C1100_10seeds/grid_threshold/runs/grid_threshold_trainMIX12_EQ_C900_F3_T1000_flush17_tau100_seed6101_eta0p75/20260525_075907_227975/cross_regime_results.json,3.400416666666666,0.0,,,,,,,
grid_threshold,900.0,3,1000,17,uniform,17,base,none,1.0,1.0,100.0,0.0,MIX12_EQ,,,,,grid,none,none,777,grid_threshold_trainMIX12_EQ_C900_F3_T1000_flush17_tau100_seed777_eta0p75,,,,0.9923589725342997,0.9776301492167451,3.400416666666666,73.08375,42356.92125000001,12,/Users/qiubi/kwallet-rl/src/idea5/general_model/results_formal_main_grid_stable_C800_C900_C1100_10seeds/grid_threshold/runs/grid_threshold_trainMIX12_EQ_C900_F3_T1000_flush17_tau100_seed777_eta0p75/20260525_075713_825778/cross_regime_results.json,3.400416666666666,0.0,,,,,,,
grid_threshold,900.0,3,1000,17,uniform,17,base,none,1.0,1.0,100.0,0.0,MIX12_EQ,,,,,grid,none,none,8888,grid_threshold_trainMIX12_EQ_C900_F3_T1000_flush17_tau100_seed8888_eta0p75,,,,0.9923589725342997,0.9776301492167451,3.400416666666666,73.08375,42356.92125000001,12,/Users/qiubi/kwallet-rl/src/idea5/general_model/results_formal_main_grid_stable_C800_C900_C1100_10seeds/grid_threshold/runs/grid_threshold_trainMIX12_EQ_C900_F3_T1000_flush17_tau100_seed8888_eta0p75/20260525_075929_791635/cross_regime_results.json,3.400416666666666,0.0,,,,,,,
grid_threshold,900.0,3,1000,17,uniform,17,base,none,1.0,1.0,100.0,0.0,MIX12_EQ,,,,,grid,none,none,999,grid_threshold_trainMIX12_EQ_C900_F3_T1000_flush17_tau100_seed999_eta0p75,,,,0.9923589725342997,0.9776301492167451,3.400416666666666,73.08375,42356.92125000001,12,/Users/qiubi/kwallet-rl/src/idea5/general_model/results_formal_main_grid_stable_C800_C900_C1100_10seeds/grid_threshold/runs/grid_threshold_trainMIX12_EQ_C900_F3_T1000_flush17_tau100_seed999_eta0p75/20260525_075736_335965/cross_regime_results.json,3.400416666666666,0.0,,,,,,,
