source_type,source_path,timestamp,model_raw,model_clean,variant_clean,reward_mode,C,k,F,T,train_regime,seed,n_regimes,has_cross_regime_metrics,notes,use_for_final,result_group,exclusion_reason,duplicate_key,selection_priority,_duplicate_key,_timestamp_sort,_priority,mean_value_accept_ratio,worst_regime_value_accept_ratio,std_value_accept_ratio_across_regimes,value_accept_ratio,drops,flushes,drop_rate,count_accept_ratio
json_run,src/idea4/ac/results/stress_tests/basic_ppo/runs/basic_ppo_trainMIX12_EQ_C800_k12_T1000_F3_seed123/20260508_013342_627296/cross_regime_results.json,2026-05-08T01:44:31.423949,basic_ppo,Basic PPO,base,original,800.0,12.0,3.0,1000.0,MIX12_EQ,123.0,12.0,True,raw-like json_run; scenario=basic_ppo_trainMIX12_EQ_C800_k12_T1000_F3_seed123,True,main_or_stress_original,,model_clean=Basic PPO|variant_clean=base|reward_mode=original|C=800|k=12|F=3|T=1000|seed=123|train_regime=MIX12_EQ,10,model_clean=Basic PPO|variant_clean=base|reward_mode=original|C=800|k=12|F=3|T=1000|seed=123|train_regime=MIX12_EQ,2026-05-08 01:44:31.423949,0,0.6487265743435019,0.5104530124095862,0.08229111401583968,0.6487265743435019,192.74833333333333,865.5670833333334,0.19274833333333333,0.8072516666666667
json_run,src/idea4/ac/results/stress_tests/basic_ppo/runs/basic_ppo_trainMIX12_EQ_C800_k12_T1000_F3_seed323/20260508_023233_752609/cross_regime_results.json,2026-05-08T02:43:32.559498,basic_ppo,Basic PPO,base,original,800.0,12.0,3.0,1000.0,MIX12_EQ,323.0,12.0,True,raw-like json_run; scenario=basic_ppo_trainMIX12_EQ_C800_k12_T1000_F3_seed323,True,main_or_stress_original,,model_clean=Basic PPO|variant_clean=base|reward_mode=original|C=800|k=12|F=3|T=1000|seed=323|train_regime=MIX12_EQ,10,model_clean=Basic PPO|variant_clean=base|reward_mode=original|C=800|k=12|F=3|T=1000|seed=323|train_regime=MIX12_EQ,2026-05-08 02:43:32.559498,0,0.649755276958247,0.5108451486580874,0.08266633860214795,0.649755276958247,191.75249999999997,880.9008333333333,0.1917525,0.8082474999999999
json_run,src/idea4/ac/results/basic_ppo/runs/basic_ppo_trainMIX12_EQ_C800_k12_T1000_F6_seed123/20260509_024244_180221/cross_regime_results.json,2026-05-09T02:53:48.963317,basic_ppo,Basic PPO,base,original,800.0,12.0,6.0,1000.0,MIX12_EQ,123.0,12.0,True,raw-like json_run; scenario=basic_ppo_trainMIX12_EQ_C800_k12_T1000_F6_seed123,True,main_or_stress_original,,model_clean=Basic PPO|variant_clean=base|reward_mode=original|C=800|k=12|F=6|T=1000|seed=123|train_regime=MIX12_EQ,10,model_clean=Basic PPO|variant_clean=base|reward_mode=original|C=800|k=12|F=6|T=1000|seed=123|train_regime=MIX12_EQ,2026-05-09 02:53:48.963317,0,0.6469287126439762,0.5076570879502971,0.08270057169351673,0.6469287126439762,194.49541666666667,862.1391666666667,0.19449541666666667,0.8055045833333333
json_run,src/idea4/ac/results/basic_ppo/runs/basic_ppo_trainMIX12_EQ_C800_k24_T1000_F3_seed123/20260508_222529_095916/cross_regime_results.json,2026-05-08T22:42:02.516468,basic_ppo,Basic PPO,base,original,800.0,24.0,3.0,1000.0,MIX12_EQ,123.0,12.0,True,raw-like json_run; scenario=basic_ppo_trainMIX12_EQ_C800_k24_T1000_F3_seed123,True,main_or_stress_original,,model_clean=Basic PPO|variant_clean=base|reward_mode=original|C=800|k=24|F=3|T=1000|seed=123|train_regime=MIX12_EQ,10,model_clean=Basic PPO|variant_clean=base|reward_mode=original|C=800|k=24|F=3|T=1000|seed=123|train_regime=MIX12_EQ,2026-05-08 22:42:02.516468,0,0.11167832759511653,0.06131100623010278,0.02718057096825013,0.11167832759511653,785.77625,199.5425,0.7857762500000001,0.21422375000000002
json_run,src/idea4/ac/results/complexity_tests_C800_k24/basic_ppo/runs/basic_ppo_trainMIX12_EQ_C800_k24_T1000_F3_seed323/20260508_093049_161627/cross_regime_results.json,2026-05-08T09:43:20.683649,basic_ppo,Basic PPO,base,original,800.0,24.0,3.0,1000.0,MIX12_EQ,323.0,12.0,True,raw-like json_run; scenario=basic_ppo_trainMIX12_EQ_C800_k24_T1000_F3_seed323,True,main_or_stress_original,,model_clean=Basic PPO|variant_clean=base|reward_mode=original|C=800|k=24|F=3|T=1000|seed=323|train_regime=MIX12_EQ,10,model_clean=Basic PPO|variant_clean=base|reward_mode=original|C=800|k=24|F=3|T=1000|seed=323|train_regime=MIX12_EQ,2026-05-08 09:43:20.683649,0,0.098526705190419,0.054713505086376166,0.026069003974289958,0.09852670519041902,811.5450000000001,172.52041666666665,0.8115450000000001,0.188455
json_run,src/idea4/ac/results/basic_ppo/runs/basic_ppo_trainMIX12_EQ_C1200_k3_T1000_F3_seed123/20260507_212549_286620/cross_regime_results.json,2026-05-07T21:37:30.683135,basic_ppo,Basic PPO,base,original,1200.0,3.0,3.0,1000.0,MIX12_EQ,123.0,12.0,True,raw-like json_run; scenario=basic_ppo_trainMIX12_EQ_C1200_k3_T1000_F3_seed123,True,main_or_stress_original,,model_clean=Basic PPO|variant_clean=base|reward_mode=original|C=1200|k=3|F=3|T=1000|seed=123|train_regime=MIX12_EQ,10,model_clean=Basic PPO|variant_clean=base|reward_mode=original|C=1200|k=3|F=3|T=1000|seed=123|train_regime=MIX12_EQ,2026-05-07 21:37:30.683135,0,0.9969509549515291,0.9852360763887755,0.004872057106300324,0.9969509549515293,0.9233333333333333,244.1025,0.0009233333333333334,0.9990766666666667
json_run,src/idea4/ac/results/basic_ppo/runs/basic_ppo_trainMIX12_EQ_C1200_k3_T1000_F3_seed323/20260507_213733_993592/cross_regime_results.json,2026-05-07T21:49:08.195111,basic_ppo,Basic PPO,base,original,1200.0,3.0,3.0,1000.0,MIX12_EQ,323.0,12.0,True,raw-like json_run; scenario=basic_ppo_trainMIX12_EQ_C1200_k3_T1000_F3_seed323,True,main_or_stress_original,,model_clean=Basic PPO|variant_clean=base|reward_mode=original|C=1200|k=3|F=3|T=1000|seed=323|train_regime=MIX12_EQ,10,model_clean=Basic PPO|variant_clean=base|reward_mode=original|C=1200|k=3|F=3|T=1000|seed=323|train_regime=MIX12_EQ,2026-05-07 21:49:08.195111,0,0.9996253752654923,0.9974631397664752,0.0007752227387104883,0.9996253752654923,0.08333333333333333,331.64416666666665,8.333333333333333e-05,0.9999166666666667
json_run,src/idea4/ac/results/basic_ppo/runs/basic_ppo_trainMIX12_EQ_C1200_k6_T1000_F3_seed123/20260507_214911_366876/cross_regime_results.json,2026-05-07T22:00:37.732636,basic_ppo,Basic PPO,base,original,1200.0,6.0,3.0,1000.0,MIX12_EQ,123.0,12.0,True,raw-like json_run; scenario=basic_ppo_trainMIX12_EQ_C1200_k6_T1000_F3_seed123,True,main_or_stress_original,,model_clean=Basic PPO|variant_clean=base|reward_mode=original|C=1200|k=6|F=3|T=1000|seed=123|train_regime=MIX12_EQ,10,model_clean=Basic PPO|variant_clean=base|reward_mode=original|C=1200|k=6|F=3|T=1000|seed=123|train_regime=MIX12_EQ,2026-05-07 22:00:37.732636,0,0.9676811968924678,0.8941409979081175,0.03539673074086872,0.9676811968924678,10.197916666666666,452.01458333333335,0.010197916666666668,0.9898020833333333
json_run,src/idea4/ac/results/basic_ppo/runs/basic_ppo_trainMIX12_EQ_C1200_k6_T1000_F3_seed323/20260507_220040_799666/cross_regime_results.json,2026-05-07T22:12:02.537258,basic_ppo,Basic PPO,base,original,1200.0,6.0,3.0,1000.0,MIX12_EQ,323.0,12.0,True,raw-like json_run; scenario=basic_ppo_trainMIX12_EQ_C1200_k6_T1000_F3_seed323,True,main_or_stress_original,,model_clean=Basic PPO|variant_clean=base|reward_mode=original|C=1200|k=6|F=3|T=1000|seed=323|train_regime=MIX12_EQ,10,model_clean=Basic PPO|variant_clean=base|reward_mode=original|C=1200|k=6|F=3|T=1000|seed=323|train_regime=MIX12_EQ,2026-05-07 22:12:02.537258,0,0.9730068552495933,0.9018478766406004,0.03348192805842505,0.9730068552495933,7.845833333333334,491.69458333333336,0.007845833333333335,0.9921541666666668
json_run,src/idea4/ac/results/basic_ppo/runs/basic_ppo_trainMIX12_EQ_C1200_k12_T1000_F3_seed123/20260507_221205_537294/cross_regime_results.json,2026-05-07T22:24:08.367127,basic_ppo,Basic PPO,base,original,1200.0,12.0,3.0,1000.0,MIX12_EQ,123.0,12.0,True,raw-like json_run; scenario=basic_ppo_trainMIX12_EQ_C1200_k12_T1000_F3_seed123,True,main_or_stress_original,,model_clean=Basic PPO|variant_clean=base|reward_mode=original|C=1200|k=12|F=3|T=1000|seed=123|train_regime=MIX12_EQ,10,model_clean=Basic PPO|variant_clean=base|reward_mode=original|C=1200|k=12|F=3|T=1000|seed=123|train_regime=MIX12_EQ,2026-05-07 22:24:08.367127,0,0.8613639823219533,0.7201411387290156,0.09598662834804288,0.8613639823219534,55.701249999999995,889.7020833333332,0.05570125,0.9442987500000001
json_run,src/idea4/ac/results/basic_ppo/runs/basic_ppo_trainMIX12_EQ_C1200_k12_T1000_F3_seed123_rewardMONEY_p1_tau10/20260508_130126_968598/cross_regime_results.json,2026-05-08T13:12:48.811559,basic_ppo,Basic PPO,base,money,1200.0,12.0,3.0,1000.0,MIX12_EQ,123.0,12.0,True,raw-like json_run; scenario=basic_ppo_trainMIX12_EQ_C1200_k12_T1000_F3_seed123_rewardMONEY_p1_tau10; money reward detected,True,money_reward,,model_clean=Basic PPO|variant_clean=base|reward_mode=money|C=1200|k=12|F=3|T=1000|seed=123|train_regime=MIX12_EQ,10,model_clean=Basic PPO|variant_clean=base|reward_mode=money|C=1200|k=12|F=3|T=1000|seed=123|train_regime=MIX12_EQ,2026-05-08 13:12:48.811559,0,0.0018847442438302542,0.0017353530444634228,8.520816953381258e-05,0.0018847442438302542,997.17625,0.0,0.99717625,0.0028237500000000003
json_run,src/idea4/ac/results/basic_ppo/runs/basic_ppo_trainMIX12_EQ_C1200_k12_T1000_F3_seed323/20260507_222411_366919/cross_regime_results.json,2026-05-07T22:35:47.555452,basic_ppo,Basic PPO,base,original,1200.0,12.0,3.0,1000.0,MIX12_EQ,323.0,12.0,True,raw-like json_run; scenario=basic_ppo_trainMIX12_EQ_C1200_k12_T1000_F3_seed323,True,main_or_stress_original,,model_clean=Basic PPO|variant_clean=base|reward_mode=original|C=1200|k=12|F=3|T=1000|seed=323|train_regime=MIX12_EQ,10,model_clean=Basic PPO|variant_clean=base|reward_mode=original|C=1200|k=12|F=3|T=1000|seed=323|train_regime=MIX12_EQ,2026-05-07 22:35:47.555452,0,0.847283908419861,0.7102080092030014,0.09147754962794577,0.8472839084198608,65.63125000000001,854.8129166666668,0.06563124999999999,0.93436875
json_run,src/idea4/ac/results/basic_ppo/runs/basic_ppo_trainMIX12_EQ_C1200_k12_T1000_F3_seed323_rewardMONEY_p1_tau10/20260508_131251_739798/cross_regime_results.json,2026-05-08T13:24:00.057339,basic_ppo,Basic PPO,base,money,1200.0,12.0,3.0,1000.0,MIX12_EQ,323.0,12.0,True,raw-like json_run; scenario=basic_ppo_trainMIX12_EQ_C1200_k12_T1000_F3_seed323_rewardMONEY_p1_tau10; money reward detected,True,money_reward,,model_clean=Basic PPO|variant_clean=base|reward_mode=money|C=1200|k=12|F=3|T=1000|seed=323|train_regime=MIX12_EQ,10,model_clean=Basic PPO|variant_clean=base|reward_mode=money|C=1200|k=12|F=3|T=1000|seed=323|train_regime=MIX12_EQ,2026-05-08 13:24:00.057339,0,0.0018847442438302542,0.0017353530444634228,8.520816953381258e-05,0.0018847442438302542,997.17625,334.0,0.99717625,0.0028237500000000003
json_run,src/idea4/ac/results/basic_ppo/runs/basic_ppo_trainMIX12_EQ_C1200_k12_T1000_F6_seed123/20260509_005012_912290/cross_regime_results.json,2026-05-09T01:00:54.423527,basic_ppo,Basic PPO,base,original,1200.0,12.0,6.0,1000.0,MIX12_EQ,123.0,12.0,True,raw-like json_run; scenario=basic_ppo_trainMIX12_EQ_C1200_k12_T1000_F6_seed123,True,main_or_stress_original,,model_clean=Basic PPO|variant_clean=base|reward_mode=original|C=1200|k=12|F=6|T=1000|seed=123|train_regime=MIX12_EQ,10,model_clean=Basic PPO|variant_clean=base|reward_mode=original|C=1200|k=12|F=6|T=1000|seed=123|train_regime=MIX12_EQ,2026-05-09 01:00:54.423527,0,0.8316687501281138,0.703115574991308,0.08338443443236097,0.8316687501281136,76.51541666666667,794.8979166666667,0.07651541666666666,0.9234845833333333
json_run,src/idea4/ac/results/stress_tests/basic_ppo/runs/basic_ppo_trainMIX12_EQ_C1200_k24_T1000_F3_seed123/20260507_232806_087683/cross_regime_results.json,2026-05-07T23:40:23.463353,basic_ppo,Basic PPO,base,original,1200.0,24.0,3.0,1000.0,MIX12_EQ,123.0,12.0,True,raw-like json_run; scenario=basic_ppo_trainMIX12_EQ_C1200_k24_T1000_F3_seed123,True,main_or_stress_original,,model_clean=Basic PPO|variant_clean=base|reward_mode=original|C=1200|k=24|F=3|T=1000|seed=123|train_regime=MIX12_EQ,10,model_clean=Basic PPO|variant_clean=base|reward_mode=original|C=1200|k=24|F=3|T=1000|seed=123|train_regime=MIX12_EQ,2026-05-07 23:40:23.463353,0,0.4220191405964298,0.3582068906016934,0.06288361759387019,0.4220191405964298,389.14124999999996,728.6991666666667,0.38914125,0.61085875
json_run,src/idea4/ac/results/stress_tests/basic_ppo/runs/basic_ppo_trainMIX12_EQ_C1200_k24_T1000_F3_seed323/20260508_003844_446672/cross_regime_results.json,2026-05-08T00:51:21.917797,basic_ppo,Basic PPO,base,original,1200.0,24.0,3.0,1000.0,MIX12_EQ,323.0,12.0,True,raw-like json_run; scenario=basic_ppo_trainMIX12_EQ_C1200_k24_T1000_F3_seed323,True,main_or_stress_original,,model_clean=Basic PPO|variant_clean=base|reward_mode=original|C=1200|k=24|F=3|T=1000|seed=323|train_regime=MIX12_EQ,10,model_clean=Basic PPO|variant_clean=base|reward_mode=original|C=1200|k=24|F=3|T=1000|seed=323|train_regime=MIX12_EQ,2026-05-08 00:51:21.917797,0,0.4061141125457009,0.34632073397776186,0.05446088085639825,0.4061141125457009,410.6975,573.4475,0.4106975,0.5893025
json_run,src/idea4/ac/results/dual_branch_ac/runs/dual_branch_capacity_only_trainMIX12_EQ_C800_k12_T1000_F3_seed123/20260508_211436_013260/cross_regime_results.json,2026-05-08T21:43:03.290547,dual_branch_capacity_only,Capacity-only Dual AC,capacity_only,original,800.0,12.0,3.0,1000.0,MIX12_EQ,123.0,12.0,True,raw-like json_run; scenario=dual_branch_capacity_only_trainMIX12_EQ_C800_k12_T1000_F3_seed123,True,dual_ablation,,model_clean=Capacity-only Dual AC|variant_clean=capacity_only|reward_mode=original|C=800|k=12|F=3|T=1000|seed=123|train_regime=MIX12_EQ,10,model_clean=Capacity-only Dual AC|variant_clean=capacity_only|reward_mode=original|C=800|k=12|F=3|T=1000|seed=123|train_regime=MIX12_EQ,2026-05-08 21:43:03.290547,0,0.6325548941308438,0.48742351984332644,0.0856665396098032,0.6325548941308436,207.62458333333333,747.7487500000001,0.20762458333333333,0.7923754166666667
json_run,src/idea4/ac/results/dual_branch_ac/runs/dual_branch_capacity_only_trainMIX12_EQ_C800_k12_T1000_F6_seed123/20260509_034037_916909/cross_regime_results.json,2026-05-09T04:07:40.618102,dual_branch_capacity_only,Capacity-only Dual AC,capacity_only,original,800.0,12.0,6.0,1000.0,MIX12_EQ,123.0,12.0,True,raw-like json_run; scenario=dual_branch_capacity_only_trainMIX12_EQ_C800_k12_T1000_F6_seed123,True,dual_ablation,,model_clean=Capacity-only Dual AC|variant_clean=capacity_only|reward_mode=original|C=800|k=12|F=6|T=1000|seed=123|train_regime=MIX12_EQ,10,model_clean=Capacity-only Dual AC|variant_clean=capacity_only|reward_mode=original|C=800|k=12|F=6|T=1000|seed=123|train_regime=MIX12_EQ,2026-05-09 04:07:40.618102,0,0.6293863387782892,0.48797159860978595,0.08386997591726525,0.6293863387782893,211.11416666666665,746.9754166666667,0.21111416666666669,0.7888858333333334
json_run,src/idea4/ac/results/dual_branch_ac/runs/dual_branch_capacity_only_trainMIX12_EQ_C800_k24_T1000_F3_seed123/20260508_234445_442022/cross_regime_results.json,2026-05-09T00:19:52.520115,dual_branch_capacity_only,Capacity-only Dual AC,capacity_only,original,800.0,24.0,3.0,1000.0,MIX12_EQ,123.0,12.0,True,raw-like json_run; scenario=dual_branch_capacity_only_trainMIX12_EQ_C800_k24_T1000_F3_seed123,True,dual_ablation,,model_clean=Capacity-only Dual AC|variant_clean=capacity_only|reward_mode=original|C=800|k=24|F=3|T=1000|seed=123|train_regime=MIX12_EQ,10,model_clean=Capacity-only Dual AC|variant_clean=capacity_only|reward_mode=original|C=800|k=24|F=3|T=1000|seed=123|train_regime=MIX12_EQ,2026-05-09 00:19:52.520115,0,0.10457423298313706,0.05563785437858162,0.037912826829606394,0.10457423298313706,802.44375,177.46708333333333,0.80244375,0.19755625000000002
json_run,src/idea4/ac/results/dual_branch_ac/runs/dual_branch_capacity_only_trainMIX12_EQ_C1200_k12_T1000_F3_seed123/20260508_191516_107694/cross_regime_results.json,2026-05-08T19:41:33.511326,dual_branch_capacity_only,Capacity-only Dual AC,capacity_only,original,1200.0,12.0,3.0,1000.0,MIX12_EQ,123.0,12.0,True,raw-like json_run; scenario=dual_branch_capacity_only_trainMIX12_EQ_C1200_k12_T1000_F3_seed123,True,dual_ablation,,model_clean=Capacity-only Dual AC|variant_clean=capacity_only|reward_mode=original|C=1200|k=12|F=3|T=1000|seed=123|train_regime=MIX12_EQ,10,model_clean=Capacity-only Dual AC|variant_clean=capacity_only|reward_mode=original|C=1200|k=12|F=3|T=1000|seed=123|train_regime=MIX12_EQ,2026-05-08 19:41:33.511326,0,0.8032730245076914,0.6774962171038217,0.08094587193571993,0.8032730245076917,94.645,639.2275000000001,0.09464499999999999,0.905355
json_run,src/idea4/ac/results/dual_branch_ac/runs/dual_branch_capacity_only_trainMIX12_EQ_C1200_k12_T1000_F6_seed123/20260509_014814_249704/cross_regime_results.json,2026-05-09T02:14:08.028404,dual_branch_capacity_only,Capacity-only Dual AC,capacity_only,original,1200.0,12.0,6.0,1000.0,MIX12_EQ,123.0,12.0,True,raw-like json_run; scenario=dual_branch_capacity_only_trainMIX12_EQ_C1200_k12_T1000_F6_seed123,True,dual_ablation,,model_clean=Capacity-only Dual AC|variant_clean=capacity_only|reward_mode=original|C=1200|k=12|F=6|T=1000|seed=123|train_regime=MIX12_EQ,10,model_clean=Capacity-only Dual AC|variant_clean=capacity_only|reward_mode=original|C=1200|k=12|F=6|T=1000|seed=123|train_regime=MIX12_EQ,2026-05-09 02:14:08.028404,0,0.7830841401130658,0.6603005345976979,0.07524779940847372,0.7830841401130658,110.71875,600.7258333333333,0.11071874999999999,0.8892812499999999
json_run,src/idea4/ac/results/stress_tests/dqn_baseline/runs/baseline_trainMIX12_EQ_C800_k12_T1000_F3_seed123/20260508_010847_887694/cross_regime_results.json,2026-05-08T01:33:38.542245,baseline,DQN baseline,base,original,800.0,12.0,3.0,1000.0,MIX12_EQ,123.0,12.0,True,raw-like json_run; scenario=baseline_trainMIX12_EQ_C800_k12_T1000_F3_seed123,True,main_or_stress_original,,model_clean=DQN baseline|variant_clean=base|reward_mode=original|C=800|k=12|F=3|T=1000|seed=123|train_regime=MIX12_EQ,10,model_clean=DQN baseline|variant_clean=base|reward_mode=original|C=800|k=12|F=3|T=1000|seed=123|train_regime=MIX12_EQ,2026-05-08 01:33:38.542245,0,0.3302196250698211,0.26861982143057067,0.0277578009017401,0.3302196250698211,565.4795833333334,529.0995833333333,0.5654795833333334,0.4345204166666667
json_run,src/idea4/ac/results/stress_tests/dqn_baseline/runs/baseline_trainMIX12_EQ_C800_k12_T1000_F3_seed323/20260508_020101_439176/cross_regime_results.json,2026-05-08T02:32:29.591346,baseline,DQN baseline,base,original,800.0,12.0,3.0,1000.0,MIX12_EQ,323.0,12.0,True,raw-like json_run; scenario=baseline_trainMIX12_EQ_C800_k12_T1000_F3_seed323,True,main_or_stress_original,,model_clean=DQN baseline|variant_clean=base|reward_mode=original|C=800|k=12|F=3|T=1000|seed=323|train_regime=MIX12_EQ,10,model_clean=DQN baseline|variant_clean=base|reward_mode=original|C=800|k=12|F=3|T=1000|seed=323|train_regime=MIX12_EQ,2026-05-08 02:32:29.591346,0,0.3940450380501028,0.36385545183302276,0.019428246432590293,0.3940450380501028,487.05041666666665,645.4208333333333,0.4870504166666667,0.5129495833333334
json_run,src/idea4/ac/results/complexity_tests_C800_k24/dqn_baseline/runs/baseline_trainMIX12_EQ_C800_k24_T1000_F3_seed123/20260508_072432_292549/cross_regime_results.json,2026-05-08T08:09:53.369917,baseline,DQN baseline,base,original,800.0,24.0,3.0,1000.0,MIX12_EQ,123.0,12.0,True,raw-like json_run; scenario=baseline_trainMIX12_EQ_C800_k24_T1000_F3_seed123,True,main_or_stress_original,,model_clean=DQN baseline|variant_clean=base|reward_mode=original|C=800|k=24|F=3|T=1000|seed=123|train_regime=MIX12_EQ,10,model_clean=DQN baseline|variant_clean=base|reward_mode=original|C=800|k=24|F=3|T=1000|seed=123|train_regime=MIX12_EQ,2026-05-08 08:09:53.369917,0,0.09267841445396258,0.05553381269684861,0.01974978896736981,0.09267841445396258,821.2404166666666,803.3470833333332,0.8212404166666666,0.17875958333333333
json_run,src/idea4/ac/results/complexity_tests_C800_k24/dqn_baseline/runs/baseline_trainMIX12_EQ_C800_k24_T1000_F3_seed323/20260508_084358_793536/cross_regime_results.json,2026-05-08T09:30:44.468862,baseline,DQN baseline,base,original,800.0,24.0,3.0,1000.0,MIX12_EQ,323.0,12.0,True,raw-like json_run; scenario=baseline_trainMIX12_EQ_C800_k24_T1000_F3_seed323,True,main_or_stress_original,,model_clean=DQN baseline|variant_clean=base|reward_mode=original|C=800|k=24|F=3|T=1000|seed=323|train_regime=MIX12_EQ,10,model_clean=DQN baseline|variant_clean=base|reward_mode=original|C=800|k=24|F=3|T=1000|seed=323|train_regime=MIX12_EQ,2026-05-08 09:30:44.468862,0,0.09260995939548868,0.054079573069214855,0.02006533685449878,0.09260995939548868,821.60875,778.6520833333334,0.8216087500000001,0.17839125
json_run,src/ideaextra/results/trainMIX12_EQ_crossUS_TLS_LNS_TLNS_TPLS_PLS_UB_TLB_LNB_TLNB_TPLB_PLB_C1000_k3_T1000_F3/20260430_214701/cross_regime_results.json,2026-04-30T22:12:45.652485,unknown,DQN baseline,base,original,1000.0,3.0,3.0,1000.0,MIX12_EQ,123.0,12.0,True,raw-like json_run; scenario=trainMIX12_EQ_crossUS_TLS_LNS_TLNS_TPLS_PLS_UB_TLB_LNB_TLNB_TPLB_PLB_C1000_k3_T1000_F3,True,main_or_stress_original,,model_clean=DQN baseline|variant_clean=base|reward_mode=original|C=1000|k=3|F=3|T=1000|seed=123|train_regime=MIX12_EQ,10,model_clean=DQN baseline|variant_clean=base|reward_mode=original|C=1000|k=3|F=3|T=1000|seed=123|train_regime=MIX12_EQ,2026-04-30 22:12:45.652485,0,0.9920548005865358,0.9736687658435561,,0.9920548005865358,3.249166666666667,329.4691666666667,0.003249166666666667,0.9967508333333334
json_run,src/idea3/results/old_fair_benchmark_results/runs/baseline_trainMIX12_EQ_C1200_k3_T1000_F3_seed123/20260504_015024_611040/cross_regime_results.json,2026-05-04T02:19:17.007246,baseline,DQN baseline,base,original,1200.0,3.0,3.0,1000.0,MIX12_EQ,123.0,12.0,True,raw-like json_run; scenario=baseline_trainMIX12_EQ_C1200_k3_T1000_F3_seed123,True,main_or_stress_original,,model_clean=DQN baseline|variant_clean=base|reward_mode=original|C=1200|k=3|F=3|T=1000|seed=123|train_regime=MIX12_EQ,10,model_clean=DQN baseline|variant_clean=base|reward_mode=original|C=1200|k=3|F=3|T=1000|seed=123|train_regime=MIX12_EQ,2026-05-04 02:19:17.007246,0,0.9325542410556203,0.9129752447160491,0.00868589581084518,0.9325542410556203,64.30624999999999,284.6275,0.06430625,0.93569375
json_run,src/ideaextra/results/trainMIX12_EQ_crossUS_TLS_LNS_TLNS_TPLS_PLS_UB_TLB_LNB_TLNB_TPLB_PLB_C1200_k3_T1000_F3/20260430_194033/cross_regime_results.json,2026-04-30T19:56:55.638019,unknown,DQN baseline,base,original,1200.0,3.0,3.0,1000.0,MIX12_EQ,323.0,12.0,True,raw-like json_run; scenario=trainMIX12_EQ_crossUS_TLS_LNS_TLNS_TPLS_PLS_UB_TLB_LNB_TLNB_TPLB_PLB_C1200_k3_T1000_F3,True,main_or_stress_original,,model_clean=DQN baseline|variant_clean=base|reward_mode=original|C=1200|k=3|F=3|T=1000|seed=323|train_regime=MIX12_EQ,10,model_clean=DQN baseline|variant_clean=base|reward_mode=original|C=1200|k=3|F=3|T=1000|seed=323|train_regime=MIX12_EQ,2026-04-30 19:56:55.638019,0,0.995745487450609,0.9895206884681107,,0.995745487450609,3.545833333333334,300.3566666666666,0.0035458333333333336,0.9964541666666666
json_run,src/ideaextra/results/trainMIX12_EQ_crossUS_TLS_LNS_TLNS_TPLS_PLS_UB_TLB_LNB_TLNB_TPLB_PLB_C1200_k6_T1000_F3/20260507_205843/cross_regime_results.json,2026-05-07T21:27:19.766044,unknown,DQN baseline,base,original,1200.0,6.0,3.0,1000.0,MIX12_EQ,123.0,12.0,True,raw-like json_run; scenario=trainMIX12_EQ_crossUS_TLS_LNS_TLNS_TPLS_PLS_UB_TLB_LNB_TLNB_TPLB_PLB_C1200_k6_T1000_F3,True,main_or_stress_original,,model_clean=DQN baseline|variant_clean=base|reward_mode=original|C=1200|k=6|F=3|T=1000|seed=123|train_regime=MIX12_EQ,10,model_clean=DQN baseline|variant_clean=base|reward_mode=original|C=1200|k=6|F=3|T=1000|seed=123|train_regime=MIX12_EQ,2026-05-07 21:27:19.766044,0,0.9453945359049897,0.8830571043460786,,0.9453945359049897,40.38708333333334,365.68458333333336,0.04038708333333333,0.9596129166666666
json_run,src/ideaextra/results/trainMIX12_EQ_crossUS_TLS_LNS_TLNS_TPLS_PLS_UB_TLB_LNB_TLNB_TPLB_PLB_C1200_k6_T1000_F3/20260507_212725/cross_regime_results.json,2026-05-07T21:53:07.322867,unknown,DQN baseline,base,original,1200.0,6.0,3.0,1000.0,MIX12_EQ,323.0,12.0,True,raw-like json_run; scenario=trainMIX12_EQ_crossUS_TLS_LNS_TLNS_TPLS_PLS_UB_TLB_LNB_TLNB_TPLB_PLB_C1200_k6_T1000_F3,True,main_or_stress_original,,model_clean=DQN baseline|variant_clean=base|reward_mode=original|C=1200|k=6|F=3|T=1000|seed=323|train_regime=MIX12_EQ,10,model_clean=DQN baseline|variant_clean=base|reward_mode=original|C=1200|k=6|F=3|T=1000|seed=323|train_regime=MIX12_EQ,2026-05-07 21:53:07.322867,0,0.9506016748365699,0.8860144806410605,,0.9506016748365699,30.2975,387.8458333333333,0.0302975,0.9697024999999999
json_run,src/ideaextra/results/dqn_baseline/runs/baseline_trainMIX12_EQ_crossUS_TLS_LNS_TLNS_TPLS_PLS_UB_TLB_LNB_TLNB_TPLB_PLB_C1200_k12_T1000_F3_seed123_rewardMONEY_p1_tau10/20260508_153254_008086/cross_regime_results.json,2026-05-08T15:36:38.906797,baseline,DQN baseline,base,money,1200.0,12.0,3.0,1000.0,MIX12_EQ,123.0,12.0,True,raw-like json_run; scenario=baseline_trainMIX12_EQ_crossUS_TLS_LNS_TLNS_TPLS_PLS_UB_TLB_LNB_TLNB_TPLB_PLB_C1200_k12_T1000_F3_seed123_rewardMONEY_p1_tau10; money reward detected,True,money_reward,,model_clean=DQN baseline|variant_clean=base|reward_mode=money|C=1200|k=12|F=3|T=1000|seed=123|train_regime=MIX12_EQ,10,model_clean=DQN baseline|variant_clean=base|reward_mode=money|C=1200|k=12|F=3|T=1000|seed=123|train_regime=MIX12_EQ,2026-05-08 15:36:38.906797,0,0.7549442141136601,0.6743826230570182,0.046135023228674917,0.7549442141136601,151.50833333333333,623.8233333333334,0.15150833333333333,0.8484916666666668
json_run,src/ideaextra/results/trainMIX12_EQ_crossUS_TLS_LNS_TLNS_TPLS_PLS_UB_TLB_LNB_TLNB_TPLB_PLB_C1200_k12_T1000_F3/20260506_121117/cross_regime_results.json,2026-05-06T14:18:44.528017,unknown,DQN baseline,base,original,1200.0,12.0,3.0,1000.0,MIX12_EQ,123.0,12.0,True,raw-like json_run; scenario=trainMIX12_EQ_crossUS_TLS_LNS_TLNS_TPLS_PLS_UB_TLB_LNB_TLNB_TPLB_PLB_C1200_k12_T1000_F3,True,main_or_stress_original,,model_clean=DQN baseline|variant_clean=base|reward_mode=original|C=1200|k=12|F=3|T=1000|seed=123|train_regime=MIX12_EQ,10,model_clean=DQN baseline|variant_clean=base|reward_mode=original|C=1200|k=12|F=3|T=1000|seed=123|train_regime=MIX12_EQ,2026-05-06 14:18:44.528017,0,0.5260809445074567,0.49903617381692256,,0.5260809445074567,385.5308333333333,648.8308333333333,0.3855308333333333,0.6144691666666667
json_run,src/ideaextra/results/trainMIX12_EQ_crossUS_TLS_LNS_TLNS_TPLS_PLS_UB_TLB_LNB_TLNB_TPLB_PLB_C1200_k12_T1000_F3/20260506_141848/cross_regime_results.json,2026-05-06T14:44:41.447250,unknown,DQN baseline,base,original,1200.0,12.0,3.0,1000.0,MIX12_EQ,323.0,12.0,True,raw-like json_run; scenario=trainMIX12_EQ_crossUS_TLS_LNS_TLNS_TPLS_PLS_UB_TLB_LNB_TLNB_TPLB_PLB_C1200_k12_T1000_F3,True,main_or_stress_original,,model_clean=DQN baseline|variant_clean=base|reward_mode=original|C=1200|k=12|F=3|T=1000|seed=323|train_regime=MIX12_EQ,10,model_clean=DQN baseline|variant_clean=base|reward_mode=original|C=1200|k=12|F=3|T=1000|seed=323|train_regime=MIX12_EQ,2026-05-06 14:44:41.447250,0,0.5422616805201133,0.48875211886434256,,0.5422616805201133,365.96958333333333,639.4562500000001,0.36596958333333335,0.6340304166666667
json_run,src/idea4/ac/results/stress_tests/dqn_baseline/runs/baseline_trainMIX12_EQ_C1200_k24_T1000_F3_seed123/20260507_224554_214156/cross_regime_results.json,2026-05-07T23:28:02.155751,baseline,DQN baseline,base,original,1200.0,24.0,3.0,1000.0,MIX12_EQ,123.0,12.0,True,raw-like json_run; scenario=baseline_trainMIX12_EQ_C1200_k24_T1000_F3_seed123,True,main_or_stress_original,,model_clean=DQN baseline|variant_clean=base|reward_mode=original|C=1200|k=24|F=3|T=1000|seed=123|train_regime=MIX12_EQ,10,model_clean=DQN baseline|variant_clean=base|reward_mode=original|C=1200|k=24|F=3|T=1000|seed=123|train_regime=MIX12_EQ,2026-05-07 23:28:02.155751,0,0.23291691355366595,0.1990954568198254,0.02034664867146822,0.23291691355366595,654.35875,786.1354166666666,0.65435875,0.34564125000000007
json_run,src/idea4/ac/results/stress_tests/dqn_baseline/runs/baseline_trainMIX12_EQ_C1200_k24_T1000_F3_seed323/20260507_235740_553961/cross_regime_results.json,2026-05-08T00:38:40.585597,baseline,DQN baseline,base,original,1200.0,24.0,3.0,1000.0,MIX12_EQ,323.0,12.0,True,raw-like json_run; scenario=baseline_trainMIX12_EQ_C1200_k24_T1000_F3_seed323,True,main_or_stress_original,,model_clean=DQN baseline|variant_clean=base|reward_mode=original|C=1200|k=24|F=3|T=1000|seed=323|train_regime=MIX12_EQ,10,model_clean=DQN baseline|variant_clean=base|reward_mode=original|C=1200|k=24|F=3|T=1000|seed=323|train_regime=MIX12_EQ,2026-05-08 00:38:40.585597,0,0.23972165361073494,0.20460178193795145,0.01979522273174523,0.23972165361073494,643.9383333333334,750.47125,0.6439383333333334,0.35606166666666667
json_run,src/ideaextra/results/trainMIX12_EQ_crossUS_TLS_LNS_TLNS_TPLS_PLS_UB_TLB_LNB_TLNB_TPLB_PLB_C1500_k3_T1000_F1/20260421_212756/cross_regime_results.json,2026-04-21T21:36:19.953774,unknown,DQN baseline,base,original,1500.0,3.0,1.0,1000.0,MIX12_EQ,123.0,12.0,True,raw-like json_run; scenario=trainMIX12_EQ_crossUS_TLS_LNS_TLNS_TPLS_PLS_UB_TLB_LNB_TLNB_TPLB_PLB_C1500_k3_T1000_F1,True,main_or_stress_original,,model_clean=DQN baseline|variant_clean=base|reward_mode=original|C=1500|k=3|F=1|T=1000|seed=123|train_regime=MIX12_EQ,10,model_clean=DQN baseline|variant_clean=base|reward_mode=original|C=1500|k=3|F=1|T=1000|seed=123|train_regime=MIX12_EQ,2026-04-21 21:36:19.953774,0,0.9975489419452189,0.9914573111859407,,0.9975489419452189,1.4883333333333333,206.60500000000002,0.0014883333333333335,0.9985116666666666
json_run,src/ideaextra/results/trainMIX12_EQ_crossUS_TLS_LNS_TLNS_TPLS_PLS_UB_TLB_LNB_TLNB_TPLB_PLB_C1500_k3_T1000_F3/20260422_121534/cross_regime_results.json,2026-04-22T12:34:02.817184,unknown,DQN baseline,base,original,1500.0,3.0,3.0,1000.0,MIX12_EQ,123.0,12.0,True,raw-like json_run; scenario=trainMIX12_EQ_crossUS_TLS_LNS_TLNS_TPLS_PLS_UB_TLB_LNB_TLNB_TPLB_PLB_C1500_k3_T1000_F3,True,main_or_stress_original,,model_clean=DQN baseline|variant_clean=base|reward_mode=original|C=1500|k=3|F=3|T=1000|seed=123|train_regime=MIX12_EQ,10,model_clean=DQN baseline|variant_clean=base|reward_mode=original|C=1500|k=3|F=3|T=1000|seed=123|train_regime=MIX12_EQ,2026-04-22 12:34:02.817184,0,0.9986774204801057,0.9945154549673512,,0.9986774204801057,0.9216666666666667,373.01666666666665,0.0009216666666666669,0.9990783333333333
json_run,src/ideaextra/results/trainMIX12_EQ_crossUS_TLS_LNS_TLNS_TPLS_PLS_UB_TLB_LNB_TLNB_TPLB_PLB_C3000_k3_T1000_F1/20260421_180844/cross_regime_results.json,2026-04-21T18:29:13.808662,unknown,DQN baseline,base,original,3000.0,3.0,1.0,1000.0,MIX12_EQ,123.0,12.0,True,raw-like json_run; scenario=trainMIX12_EQ_crossUS_TLS_LNS_TLNS_TPLS_PLS_UB_TLB_LNB_TLNB_TPLB_PLB_C3000_k3_T1000_F1,True,main_or_stress_original,,model_clean=DQN baseline|variant_clean=base|reward_mode=original|C=3000|k=3|F=1|T=1000|seed=123|train_regime=MIX12_EQ,10,model_clean=DQN baseline|variant_clean=base|reward_mode=original|C=3000|k=3|F=1|T=1000|seed=123|train_regime=MIX12_EQ,2026-04-21 18:29:13.808662,0,0.9994677822307807,0.9973124678274778,,0.9994677822307807,3.32,457.5233333333333,0.0033199999999999996,0.99668
json_run,src/idea4/ac/results/dual_branch_ac/runs/dual_branch_factorized_ac_trainMIX12_EQ_C800_k12_T1000_F3_seed123/20260508_204248_004757/cross_regime_results.json,2026-05-08T21:14:32.680282,dual_branch_factorized_ac,Dual-branch AC,base,original,800.0,12.0,3.0,1000.0,MIX12_EQ,123.0,12.0,True,raw-like json_run; scenario=dual_branch_factorized_ac_trainMIX12_EQ_C800_k12_T1000_F3_seed123,True,main_or_stress_original,,model_clean=Dual-branch AC|variant_clean=base|reward_mode=original|C=800|k=12|F=3|T=1000|seed=123|train_regime=MIX12_EQ,10,model_clean=Dual-branch AC|variant_clean=base|reward_mode=original|C=800|k=12|F=3|T=1000|seed=123|train_regime=MIX12_EQ,2026-05-08 21:14:32.680282,0,0.6270222099461505,0.4885537305489406,0.08225020182173415,0.6270222099461505,213.54458333333332,739.3379166666667,0.21354458333333334,0.7864554166666666
json_run,src/idea4/ac/results/dual_branch_ac/runs/dual_branch_factorized_ac_trainMIX12_EQ_C800_k12_T1000_F6_seed123/20260509_031026_930363/cross_regime_results.json,2026-05-09T03:40:35.578356,dual_branch_factorized_ac,Dual-branch AC,base,original,800.0,12.0,6.0,1000.0,MIX12_EQ,123.0,12.0,True,raw-like json_run; scenario=dual_branch_factorized_ac_trainMIX12_EQ_C800_k12_T1000_F6_seed123,True,main_or_stress_original,,model_clean=Dual-branch AC|variant_clean=base|reward_mode=original|C=800|k=12|F=6|T=1000|seed=123|train_regime=MIX12_EQ,10,model_clean=Dual-branch AC|variant_clean=base|reward_mode=original|C=800|k=12|F=6|T=1000|seed=123|train_regime=MIX12_EQ,2026-05-09 03:40:35.578356,0,0.635185575217909,0.49167449054026496,0.08425372457306363,0.635185575217909,205.35458333333335,759.6425,0.20535458333333334,0.7946454166666667
json_run,src/idea4/ac/results/dual_branch_ac/runs/dual_branch_factorized_ac_trainMIX12_EQ_C800_k24_T1000_F3_seed123/20260508_230359_735399/cross_regime_results.json,2026-05-08T23:44:41.732709,dual_branch_factorized_ac,Dual-branch AC,base,original,800.0,24.0,3.0,1000.0,MIX12_EQ,123.0,12.0,True,raw-like json_run; scenario=dual_branch_factorized_ac_trainMIX12_EQ_C800_k24_T1000_F3_seed123,True,main_or_stress_original,,model_clean=Dual-branch AC|variant_clean=base|reward_mode=original|C=800|k=24|F=3|T=1000|seed=123|train_regime=MIX12_EQ,10,model_clean=Dual-branch AC|variant_clean=base|reward_mode=original|C=800|k=24|F=3|T=1000|seed=123|train_regime=MIX12_EQ,2026-05-08 23:44:41.732709,0,0.08955075118823681,0.03497299408663476,0.04738103481784764,0.08955075118823681,834.13,144.1275,0.83413,0.16587
json_run,src/idea4/ac/results/dual_branch_ac/runs/dual_branch_factorized_ac_trainMIX12_EQ_C1200_k3_T1000_F3_seed123/20260505_155416_193647/cross_regime_results.json,2026-05-05T16:49:33.667138,dual_branch_factorized_ac,Dual-branch AC,base,original,1200.0,3.0,3.0,1000.0,MIX12_EQ,123.0,12.0,True,raw-like json_run; scenario=dual_branch_factorized_ac_trainMIX12_EQ_C1200_k3_T1000_F3_seed123,True,main_or_stress_original,,model_clean=Dual-branch AC|variant_clean=base|reward_mode=original|C=1200|k=3|F=3|T=1000|seed=123|train_regime=MIX12_EQ,10,model_clean=Dual-branch AC|variant_clean=base|reward_mode=original|C=1200|k=3|F=3|T=1000|seed=123|train_regime=MIX12_EQ,2026-05-05 16:49:33.667138,0,0.9929994774761902,0.9737956289160692,0.008669498801552128,0.9929994774761903,2.098333333333333,183.34458333333336,0.0020983333333333336,0.9979016666666666
json_run,src/idea4/ac/results/dual_branch_ac/runs/dual_branch_factorized_ac_trainMIX12_EQ_C1200_k3_T1000_F3_seed323/20260505_165828_143067/cross_regime_results.json,2026-05-05T17:53:39.909424,dual_branch_factorized_ac,Dual-branch AC,base,original,1200.0,3.0,3.0,1000.0,MIX12_EQ,323.0,12.0,True,raw-like json_run; scenario=dual_branch_factorized_ac_trainMIX12_EQ_C1200_k3_T1000_F3_seed323,True,main_or_stress_original,,model_clean=Dual-branch AC|variant_clean=base|reward_mode=original|C=1200|k=3|F=3|T=1000|seed=323|train_regime=MIX12_EQ,10,model_clean=Dual-branch AC|variant_clean=base|reward_mode=original|C=1200|k=3|F=3|T=1000|seed=323|train_regime=MIX12_EQ,2026-05-05 17:53:39.909424,0,0.9954937879270237,0.9809315441784782,0.006270787379326951,0.9954937879270237,1.2879166666666666,188.51166666666666,0.0012879166666666666,0.9987120833333334
json_run,src/idea4/ac/results/dual_branch_ac/runs/dual_branch_factorized_ac_trainMIX12_EQ_C1200_k6_T1000_F3_seed123/20260505_214117_653382/cross_regime_results.json,2026-05-05T22:16:13.471506,dual_branch_factorized_ac,Dual-branch AC,base,original,1200.0,6.0,3.0,1000.0,MIX12_EQ,123.0,12.0,True,raw-like json_run; scenario=dual_branch_factorized_ac_trainMIX12_EQ_C1200_k6_T1000_F3_seed123,True,main_or_stress_original,,model_clean=Dual-branch AC|variant_clean=base|reward_mode=original|C=1200|k=6|F=3|T=1000|seed=123|train_regime=MIX12_EQ,10,model_clean=Dual-branch AC|variant_clean=base|reward_mode=original|C=1200|k=6|F=3|T=1000|seed=123|train_regime=MIX12_EQ,2026-05-05 22:16:13.471506,0,0.9662475193436677,0.8919023074939247,0.036583898400796476,0.9662475193436677,10.56,410.9770833333334,0.01056,0.98944
json_run,src/idea4/ac/results/dual_branch_ac/runs/dual_branch_factorized_ac_trainMIX12_EQ_C1200_k6_T1000_F3_seed323/20260505_221616_688729/cross_regime_results.json,2026-05-05T22:46:36.508753,dual_branch_factorized_ac,Dual-branch AC,base,original,1200.0,6.0,3.0,1000.0,MIX12_EQ,323.0,12.0,True,raw-like json_run; scenario=dual_branch_factorized_ac_trainMIX12_EQ_C1200_k6_T1000_F3_seed323,True,main_or_stress_original,,model_clean=Dual-branch AC|variant_clean=base|reward_mode=original|C=1200|k=6|F=3|T=1000|seed=323|train_regime=MIX12_EQ,10,model_clean=Dual-branch AC|variant_clean=base|reward_mode=original|C=1200|k=6|F=3|T=1000|seed=323|train_regime=MIX12_EQ,2026-05-05 22:46:36.508753,0,0.9663490720576231,0.8939699927666155,0.03611988904282143,0.9663490720576231,10.602083333333333,417.6566666666667,0.010602083333333333,0.9893979166666668
json_run,src/idea4/ac/results/dual_branch_ac/runs/dual_branch_factorized_ac_trainMIX12_EQ_C1200_k12_T1000_F3_seed123/20260508_184328_614096/cross_regime_results.json,2026-05-08T19:15:13.018840,dual_branch_factorized_ac,Dual-branch AC,base,original,1200.0,12.0,3.0,1000.0,MIX12_EQ,123.0,12.0,True,raw-like json_run; scenario=dual_branch_factorized_ac_trainMIX12_EQ_C1200_k12_T1000_F3_seed123,True,main_or_stress_original,,model_clean=Dual-branch AC|variant_clean=base|reward_mode=original|C=1200|k=12|F=3|T=1000|seed=123|train_regime=MIX12_EQ,10,model_clean=Dual-branch AC|variant_clean=base|reward_mode=original|C=1200|k=12|F=3|T=1000|seed=123|train_regime=MIX12_EQ,2026-05-08 19:15:13.018840,0,0.8087479194585961,0.6837496956478804,0.08154517117540895,0.8087479194585963,90.85416666666667,652.5254166666667,0.09085416666666667,0.9091458333333332
json_run,src/idea4/ac/results/dual_branch_ac/runs/dual_branch_factorized_ac_trainMIX12_EQ_C1200_k12_T1000_F3_seed123_rewardMONEY_p1_tau10/20260508_132402_807647/cross_regime_results.json,2026-05-08T13:55:11.954796,dual_branch_factorized_ac,Dual-branch AC,base,money,1200.0,12.0,3.0,1000.0,MIX12_EQ,123.0,12.0,True,raw-like json_run; scenario=dual_branch_factorized_ac_trainMIX12_EQ_C1200_k12_T1000_F3_seed123_rewardMONEY_p1_tau10; money reward detected,True,money_reward,,model_clean=Dual-branch AC|variant_clean=base|reward_mode=money|C=1200|k=12|F=3|T=1000|seed=123|train_regime=MIX12_EQ,10,model_clean=Dual-branch AC|variant_clean=base|reward_mode=money|C=1200|k=12|F=3|T=1000|seed=123|train_regime=MIX12_EQ,2026-05-08 13:55:11.954796,0,0.0026673755351889843,0.002552092254782673,6.205581748117302e-05,0.0026673755351889843,996.0558333333333,334.0,0.9960558333333333,0.003944166666666667
json_run,src/idea4/ac/results/dual_branch_ac/runs/dual_branch_factorized_ac_trainMIX12_EQ_C1200_k12_T1000_F3_seed323/20260506_155155_525191/cross_regime_results.json,2026-05-06T17:50:35.880549,dual_branch_factorized_ac,Dual-branch AC,base,original,1200.0,12.0,3.0,1000.0,MIX12_EQ,323.0,12.0,True,raw-like json_run; scenario=dual_branch_factorized_ac_trainMIX12_EQ_C1200_k12_T1000_F3_seed323,True,main_or_stress_original,,model_clean=Dual-branch AC|variant_clean=base|reward_mode=original|C=1200|k=12|F=3|T=1000|seed=323|train_regime=MIX12_EQ,10,model_clean=Dual-branch AC|variant_clean=base|reward_mode=original|C=1200|k=12|F=3|T=1000|seed=323|train_regime=MIX12_EQ,2026-05-06 17:50:35.880549,0,0.8165335738587768,0.6878143846326026,0.0858442052548387,0.8165335738587768,85.27499999999999,675.5791666666667,0.08527499999999999,0.9147249999999999
json_run,src/idea4/ac/results/dual_branch_ac/runs/dual_branch_factorized_ac_trainMIX12_EQ_C1200_k12_T1000_F3_seed323_rewardMONEY_p1_tau10/20260508_135514_790066/cross_regime_results.json,2026-05-08T14:26:03.057848,dual_branch_factorized_ac,Dual-branch AC,base,money,1200.0,12.0,3.0,1000.0,MIX12_EQ,323.0,12.0,True,raw-like json_run; scenario=dual_branch_factorized_ac_trainMIX12_EQ_C1200_k12_T1000_F3_seed323_rewardMONEY_p1_tau10; money reward detected,True,money_reward,,model_clean=Dual-branch AC|variant_clean=base|reward_mode=money|C=1200|k=12|F=3|T=1000|seed=323|train_regime=MIX12_EQ,10,model_clean=Dual-branch AC|variant_clean=base|reward_mode=money|C=1200|k=12|F=3|T=1000|seed=323|train_regime=MIX12_EQ,2026-05-08 14:26:03.057848,0,0.0037561422416888344,0.0034601145340276834,0.0001611793866459339,0.003756142241688835,994.5016666666667,334.0,0.9945016666666665,0.005498333333333334
json_run,src/idea4/ac/results/dual_branch_ac/runs/dual_branch_factorized_ac_trainMIX12_EQ_C1200_k12_T1000_F3_seed532/20260514_231004_321443/cross_regime_results.json,2026-05-14T23:39:54.547678,dual_branch_factorized_ac,Dual-branch AC,base,original,1200.0,12.0,3.0,1000.0,MIX12_EQ,532.0,12.0,True,raw-like json_run; scenario=dual_branch_factorized_ac_trainMIX12_EQ_C1200_k12_T1000_F3_seed532,True,main_or_stress_original,,model_clean=Dual-branch AC|variant_clean=base|reward_mode=original|C=1200|k=12|F=3|T=1000|seed=532|train_regime=MIX12_EQ,10,model_clean=Dual-branch AC|variant_clean=base|reward_mode=original|C=1200|k=12|F=3|T=1000|seed=532|train_regime=MIX12_EQ,2026-05-14 23:39:54.547678,0,0.8078807869905615,0.6821181831380543,0.08282228406730266,0.8078807869905614,91.26291666666667,646.6425,0.09126291666666668,0.9087370833333334
json_run,src/idea4/ac/results/dual_branch_ac/runs/dual_branch_factorized_ac_trainMIX12_EQ_C1200_k12_T1000_F3_seed999/20260514_235632_703153/cross_regime_results.json,2026-05-15T00:26:46.618810,dual_branch_factorized_ac,Dual-branch AC,base,original,1200.0,12.0,3.0,1000.0,MIX12_EQ,999.0,12.0,True,raw-like json_run; scenario=dual_branch_factorized_ac_trainMIX12_EQ_C1200_k12_T1000_F3_seed999,True,main_or_stress_original,,model_clean=Dual-branch AC|variant_clean=base|reward_mode=original|C=1200|k=12|F=3|T=1000|seed=999|train_regime=MIX12_EQ,10,model_clean=Dual-branch AC|variant_clean=base|reward_mode=original|C=1200|k=12|F=3|T=1000|seed=999|train_regime=MIX12_EQ,2026-05-15 00:26:46.618810,0,0.821375492304361,0.689361371974282,0.08824947083917872,0.821375492304361,81.84166666666667,690.0516666666667,0.08184166666666666,0.9181583333333334
json_run,src/idea4/ac/results/dual_branch_ac/runs/dual_branch_factorized_ac_trainMIX12_EQ_C1200_k12_T1000_F6_seed123/20260509_011718_390343/cross_regime_results.json,2026-05-09T01:48:11.953804,dual_branch_factorized_ac,Dual-branch AC,base,original,1200.0,12.0,6.0,1000.0,MIX12_EQ,123.0,12.0,True,raw-like json_run; scenario=dual_branch_factorized_ac_trainMIX12_EQ_C1200_k12_T1000_F6_seed123,True,main_or_stress_original,,model_clean=Dual-branch AC|variant_clean=base|reward_mode=original|C=1200|k=12|F=6|T=1000|seed=123|train_regime=MIX12_EQ,10,model_clean=Dual-branch AC|variant_clean=base|reward_mode=original|C=1200|k=12|F=6|T=1000|seed=123|train_regime=MIX12_EQ,2026-05-09 01:48:11.953804,0,0.8013450000330127,0.6755051898820444,0.08067298601588278,0.8013450000330127,96.90916666666668,644.44375,0.09690916666666667,0.9030908333333333
json_run,src/idea4/ac/results/stress_tests/factorized_ac/runs/factorized_ac_trainMIX12_EQ_C800_k12_T1000_F3_seed123/20260508_014434_230547/cross_regime_results.json,2026-05-08T02:00:58.580508,factorized_ac,Factorized AC,base,original,800.0,12.0,3.0,1000.0,MIX12_EQ,123.0,12.0,True,raw-like json_run; scenario=factorized_ac_trainMIX12_EQ_C800_k12_T1000_F3_seed123,True,main_or_stress_original,,model_clean=Factorized AC|variant_clean=base|reward_mode=original|C=800|k=12|F=3|T=1000|seed=123|train_regime=MIX12_EQ,10,model_clean=Factorized AC|variant_clean=base|reward_mode=original|C=800|k=12|F=3|T=1000|seed=123|train_regime=MIX12_EQ,2026-05-08 02:00:58.580508,0,0.6321493342733183,0.48851460328956625,0.08473326010469535,0.6321493342733183,208.04333333333332,745.9591666666666,0.20804333333333336,0.7919566666666666
json_run,src/idea4/ac/results/stress_tests/factorized_ac/runs/factorized_ac_trainMIX12_EQ_C800_k12_T1000_F3_seed323/20260508_024335_386691/cross_regime_results.json,2026-05-08T02:59:41.688535,factorized_ac,Factorized AC,base,original,800.0,12.0,3.0,1000.0,MIX12_EQ,323.0,12.0,True,raw-like json_run; scenario=factorized_ac_trainMIX12_EQ_C800_k12_T1000_F3_seed323,True,main_or_stress_original,,model_clean=Factorized AC|variant_clean=base|reward_mode=original|C=800|k=12|F=3|T=1000|seed=323|train_regime=MIX12_EQ,10,model_clean=Factorized AC|variant_clean=base|reward_mode=original|C=800|k=12|F=3|T=1000|seed=323|train_regime=MIX12_EQ,2026-05-08 02:59:41.688535,0,0.6288498799185063,0.4871916830047954,0.08440179568428395,0.6288498799185063,211.36666666666667,739.5308333333334,0.21136666666666667,0.7886333333333333
json_run,src/idea4/ac/results/factorized_ac/runs/factorized_ac_trainMIX12_EQ_C800_k12_T1000_F6_seed123/20260509_025351_200135/cross_regime_results.json,2026-05-09T03:10:24.700445,factorized_ac,Factorized AC,base,original,800.0,12.0,6.0,1000.0,MIX12_EQ,123.0,12.0,True,raw-like json_run; scenario=factorized_ac_trainMIX12_EQ_C800_k12_T1000_F6_seed123,True,main_or_stress_original,,model_clean=Factorized AC|variant_clean=base|reward_mode=original|C=800|k=12|F=6|T=1000|seed=123|train_regime=MIX12_EQ,10,model_clean=Factorized AC|variant_clean=base|reward_mode=original|C=800|k=12|F=6|T=1000|seed=123|train_regime=MIX12_EQ,2026-05-09 03:10:24.700445,0,0.6312626629113145,0.4890781105394945,0.08385440462868043,0.6312626629113146,209.3216666666667,750.5225,0.20932166666666666,0.7906783333333333
json_run,src/idea4/ac/results/factorized_ac/runs/factorized_ac_trainMIX12_EQ_C800_k24_T1000_F3_seed123/20260508_224206_743115/cross_regime_results.json,2026-05-08T23:03:55.965572,factorized_ac,Factorized AC,base,original,800.0,24.0,3.0,1000.0,MIX12_EQ,123.0,12.0,True,raw-like json_run; scenario=factorized_ac_trainMIX12_EQ_C800_k24_T1000_F3_seed123,True,main_or_stress_original,,model_clean=Factorized AC|variant_clean=base|reward_mode=original|C=800|k=24|F=3|T=1000|seed=123|train_regime=MIX12_EQ,10,model_clean=Factorized AC|variant_clean=base|reward_mode=original|C=800|k=24|F=3|T=1000|seed=123|train_regime=MIX12_EQ,2026-05-08 23:03:55.965572,0,0.13319191290318344,0.0658650714005873,0.03638234367556293,0.13319191290318347,745.4529166666666,242.59875,0.7454529166666667,0.25454708333333337
json_run,src/idea4/ac/results/complexity_tests_C800_k24/factorized_ac/runs/factorized_ac_trainMIX12_EQ_C800_k24_T1000_F3_seed323/20260508_094323_456506/cross_regime_results.json,2026-05-08T10:00:53.909364,factorized_ac,Factorized AC,base,original,800.0,24.0,3.0,1000.0,MIX12_EQ,323.0,12.0,True,raw-like json_run; scenario=factorized_ac_trainMIX12_EQ_C800_k24_T1000_F3_seed323,True,main_or_stress_original,,model_clean=Factorized AC|variant_clean=base|reward_mode=original|C=800|k=24|F=3|T=1000|seed=323|train_regime=MIX12_EQ,10,model_clean=Factorized AC|variant_clean=base|reward_mode=original|C=800|k=24|F=3|T=1000|seed=323|train_regime=MIX12_EQ,2026-05-08 10:00:53.909364,0,0.09014417714682764,0.032416563664878724,0.053736367420712035,0.09014417714682765,830.2487500000001,149.08583333333334,0.83024875,0.16975125
json_run,src/idea4/ac/results/factorized_ac/runs/factorized_ac_trainMIX12_EQ_C1200_k3_T1000_F3_seed123/20260505_212833_781649/cross_regime_results.json,2026-05-05T21:45:58.098270,factorized_ac,Factorized AC,base,original,1200.0,3.0,3.0,1000.0,MIX12_EQ,123.0,12.0,True,raw-like json_run; scenario=factorized_ac_trainMIX12_EQ_C1200_k3_T1000_F3_seed123,True,main_or_stress_original,,model_clean=Factorized AC|variant_clean=base|reward_mode=original|C=1200|k=3|F=3|T=1000|seed=123|train_regime=MIX12_EQ,10,model_clean=Factorized AC|variant_clean=base|reward_mode=original|C=1200|k=3|F=3|T=1000|seed=123|train_regime=MIX12_EQ,2026-05-05 21:45:58.098270,0,0.9950876120389608,0.9808484046161613,0.006410891458657477,0.9950876120389608,1.4712500000000002,217.36416666666665,0.0014712500000000001,0.9985287500000001
json_run,src/idea4/ac/results/factorized_ac/runs/factorized_ac_trainMIX12_EQ_C1200_k3_T1000_F3_seed323/20260505_214601_304092/cross_regime_results.json,2026-05-05T22:06:01.402254,factorized_ac,Factorized AC,base,original,1200.0,3.0,3.0,1000.0,MIX12_EQ,323.0,12.0,True,raw-like json_run; scenario=factorized_ac_trainMIX12_EQ_C1200_k3_T1000_F3_seed323,True,main_or_stress_original,,model_clean=Factorized AC|variant_clean=base|reward_mode=original|C=1200|k=3|F=3|T=1000|seed=323|train_regime=MIX12_EQ,10,model_clean=Factorized AC|variant_clean=base|reward_mode=original|C=1200|k=3|F=3|T=1000|seed=323|train_regime=MIX12_EQ,2026-05-05 22:06:01.402254,0,0.9916660344005473,0.9739268517478402,0.007940380435171937,0.9916660344005472,3.120416666666667,201.74875,0.003120416666666667,0.9968795833333334
json_run,src/idea4/ac/results/factorized_ac/runs/factorized_ac_trainMIX12_EQ_C1200_k6_T1000_F3_seed123/20260507_215312_488583/cross_regime_results.json,2026-05-07T22:11:19.528084,factorized_ac,Factorized AC,base,original,1200.0,6.0,3.0,1000.0,MIX12_EQ,123.0,12.0,True,raw-like json_run; scenario=factorized_ac_trainMIX12_EQ_C1200_k6_T1000_F3_seed123,True,main_or_stress_original,,model_clean=Factorized AC|variant_clean=base|reward_mode=original|C=1200|k=6|F=3|T=1000|seed=123|train_regime=MIX12_EQ,10,model_clean=Factorized AC|variant_clean=base|reward_mode=original|C=1200|k=6|F=3|T=1000|seed=123|train_regime=MIX12_EQ,2026-05-07 22:11:19.528084,0,0.9661280488359534,0.8935414655708004,0.0354151007052186,0.9661280488359535,11.035833333333334,457.99666666666667,0.011035833333333333,0.9889641666666668
json_run,src/idea4/ac/results/factorized_ac/runs/factorized_ac_trainMIX12_EQ_C1200_k6_T1000_F3_seed323/20260507_221122_605391/cross_regime_results.json,2026-05-07T22:29:19.164740,factorized_ac,Factorized AC,base,original,1200.0,6.0,3.0,1000.0,MIX12_EQ,323.0,12.0,True,raw-like json_run; scenario=factorized_ac_trainMIX12_EQ_C1200_k6_T1000_F3_seed323,True,main_or_stress_original,,model_clean=Factorized AC|variant_clean=base|reward_mode=original|C=1200|k=6|F=3|T=1000|seed=323|train_regime=MIX12_EQ,10,model_clean=Factorized AC|variant_clean=base|reward_mode=original|C=1200|k=6|F=3|T=1000|seed=323|train_regime=MIX12_EQ,2026-05-07 22:29:19.164740,0,0.9679605314356244,0.89521860962848,0.034862242196323334,0.9679605314356244,10.152916666666666,452.51875,0.010152916666666668,0.9898470833333333
json_run,src/idea4/ac/results/factorized_ac/runs/factorized_ac_trainMIX12_EQ_C1200_k12_T1000_F3_seed123/20260506_144445_439009/cross_regime_results.json,2026-05-06T15:01:10.989919,factorized_ac,Factorized AC,base,original,1200.0,12.0,3.0,1000.0,MIX12_EQ,123.0,12.0,True,raw-like json_run; scenario=factorized_ac_trainMIX12_EQ_C1200_k12_T1000_F3_seed123,True,main_or_stress_original,,model_clean=Factorized AC|variant_clean=base|reward_mode=original|C=1200|k=12|F=3|T=1000|seed=123|train_regime=MIX12_EQ,10,model_clean=Factorized AC|variant_clean=base|reward_mode=original|C=1200|k=12|F=3|T=1000|seed=123|train_regime=MIX12_EQ,2026-05-06 15:01:10.989919,0,0.8074003636470911,0.6842894934509676,0.0789637745099209,0.8074003636470911,92.1475,656.4045833333333,0.0921475,0.9078525000000001
json_run,src/idea4/ac/results/factorized_ac/runs/factorized_ac_trainMIX12_EQ_C1200_k12_T1000_F3_seed123_rewardMONEY_p1_tau10/20260508_153642_365778/cross_regime_results.json,2026-05-08T15:38:33.774044,factorized_ac,Factorized AC,base,money,1200.0,12.0,3.0,1000.0,MIX12_EQ,123.0,12.0,True,raw-like json_run; scenario=factorized_ac_trainMIX12_EQ_C1200_k12_T1000_F3_seed123_rewardMONEY_p1_tau10; money reward detected,True,money_reward,,model_clean=Factorized AC|variant_clean=base|reward_mode=money|C=1200|k=12|F=3|T=1000|seed=123|train_regime=MIX12_EQ,10,model_clean=Factorized AC|variant_clean=base|reward_mode=money|C=1200|k=12|F=3|T=1000|seed=123|train_regime=MIX12_EQ,2026-05-08 15:38:33.774044,0,0.0018833167799427513,0.0017173930100921233,9.309573500861574e-05,0.0018833167799427513,997.1866666666666,334.0,0.9971866666666666,0.002813333333333334
json_run,src/idea4/ac/results/factorized_ac/runs/factorized_ac_trainMIX12_EQ_C1200_k12_T1000_F3_seed323/20260506_150113_691196/cross_regime_results.json,2026-05-06T15:17:49.397984,factorized_ac,Factorized AC,base,original,1200.0,12.0,3.0,1000.0,MIX12_EQ,323.0,12.0,True,raw-like json_run; scenario=factorized_ac_trainMIX12_EQ_C1200_k12_T1000_F3_seed323,True,main_or_stress_original,,model_clean=Factorized AC|variant_clean=base|reward_mode=original|C=1200|k=12|F=3|T=1000|seed=323|train_regime=MIX12_EQ,10,model_clean=Factorized AC|variant_clean=base|reward_mode=original|C=1200|k=12|F=3|T=1000|seed=323|train_regime=MIX12_EQ,2026-05-06 15:17:49.397984,0,0.8006980703738827,0.6749886461607316,0.08163406644505566,0.8006980703738827,96.51375,627.5116666666667,0.09651375000000001,0.9034862499999999
json_run,src/idea4/ac/results/factorized_ac/runs/factorized_ac_trainMIX12_EQ_C1200_k12_T1000_F3_seed532/20260514_225324_789830/cross_regime_results.json,2026-05-14T23:10:01.394210,factorized_ac,Factorized AC,base,original,1200.0,12.0,3.0,1000.0,MIX12_EQ,532.0,12.0,True,raw-like json_run; scenario=factorized_ac_trainMIX12_EQ_C1200_k12_T1000_F3_seed532,True,main_or_stress_original,,model_clean=Factorized AC|variant_clean=base|reward_mode=original|C=1200|k=12|F=3|T=1000|seed=532|train_regime=MIX12_EQ,10,model_clean=Factorized AC|variant_clean=base|reward_mode=original|C=1200|k=12|F=3|T=1000|seed=532|train_regime=MIX12_EQ,2026-05-14 23:10:01.394210,0,0.8230216145173421,0.6914535304744088,0.08861298386969271,0.8230216145173422,80.67416666666666,694.4391666666667,0.08067416666666667,0.9193258333333333
json_run,src/idea4/ac/results/factorized_ac/runs/factorized_ac_trainMIX12_EQ_C1200_k12_T1000_F3_seed999/20260514_233957_357151/cross_regime_results.json,2026-05-14T23:56:29.964378,factorized_ac,Factorized AC,base,original,1200.0,12.0,3.0,1000.0,MIX12_EQ,999.0,12.0,True,raw-like json_run; scenario=factorized_ac_trainMIX12_EQ_C1200_k12_T1000_F3_seed999,True,main_or_stress_original,,model_clean=Factorized AC|variant_clean=base|reward_mode=original|C=1200|k=12|F=3|T=1000|seed=999|train_regime=MIX12_EQ,10,model_clean=Factorized AC|variant_clean=base|reward_mode=original|C=1200|k=12|F=3|T=1000|seed=999|train_regime=MIX12_EQ,2026-05-14 23:56:29.964378,0,0.8138179310923118,0.6852238156169629,0.08471765911725086,0.8138179310923119,87.34166666666665,672.9995833333334,0.08734166666666666,0.9126583333333333
json_run,src/idea4/ac/results/factorized_ac/runs/factorized_ac_trainMIX12_EQ_C1200_k12_T1000_F6_seed123/20260509_010056_653149/cross_regime_results.json,2026-05-09T01:17:16.159524,factorized_ac,Factorized AC,base,original,1200.0,12.0,6.0,1000.0,MIX12_EQ,123.0,12.0,True,raw-like json_run; scenario=factorized_ac_trainMIX12_EQ_C1200_k12_T1000_F6_seed123,True,main_or_stress_original,,model_clean=Factorized AC|variant_clean=base|reward_mode=original|C=1200|k=12|F=6|T=1000|seed=123|train_regime=MIX12_EQ,10,model_clean=Factorized AC|variant_clean=base|reward_mode=original|C=1200|k=12|F=6|T=1000|seed=123|train_regime=MIX12_EQ,2026-05-09 01:17:16.159524,0,0.7930913733506942,0.6713984059276684,0.07675554294978122,0.7930913733506942,103.11333333333333,625.1633333333333,0.10311333333333333,0.8968866666666667
json_run,src/idea4/ac/results/stress_tests/factorized_ac/runs/factorized_ac_trainMIX12_EQ_C1200_k24_T1000_F3_seed123/20260507_234026_286307/cross_regime_results.json,2026-05-07T23:57:37.707319,factorized_ac,Factorized AC,base,original,1200.0,24.0,3.0,1000.0,MIX12_EQ,123.0,12.0,True,raw-like json_run; scenario=factorized_ac_trainMIX12_EQ_C1200_k24_T1000_F3_seed123,True,main_or_stress_original,,model_clean=Factorized AC|variant_clean=base|reward_mode=original|C=1200|k=24|F=3|T=1000|seed=123|train_regime=MIX12_EQ,10,model_clean=Factorized AC|variant_clean=base|reward_mode=original|C=1200|k=24|F=3|T=1000|seed=123|train_regime=MIX12_EQ,2026-05-07 23:57:37.707319,0,0.40978673107472585,0.33207504528826826,0.0678844005684037,0.40978673107472585,404.3108333333333,567.35875,0.40431083333333334,0.5956891666666667
json_run,src/idea4/ac/results/stress_tests/factorized_ac/runs/factorized_ac_trainMIX12_EQ_C1200_k24_T1000_F3_seed323/20260508_005124_724331/cross_regime_results.json,2026-05-08T01:08:45.059839,factorized_ac,Factorized AC,base,original,1200.0,24.0,3.0,1000.0,MIX12_EQ,323.0,12.0,True,raw-like json_run; scenario=factorized_ac_trainMIX12_EQ_C1200_k24_T1000_F3_seed323,True,main_or_stress_original,,model_clean=Factorized AC|variant_clean=base|reward_mode=original|C=1200|k=24|F=3|T=1000|seed=323|train_regime=MIX12_EQ,10,model_clean=Factorized AC|variant_clean=base|reward_mode=original|C=1200|k=24|F=3|T=1000|seed=323|train_regime=MIX12_EQ,2026-05-08 01:08:45.059839,0,0.4033674213666138,0.3265628196517568,0.0656711973156565,0.4033674213666138,412.96125,556.0291666666667,0.41296125,0.5870387499999999
json_run,src/idea4/ac/results/dual_branch_ac/runs/dual_branch_factorized_ac_gate_balanced_trainMIX12_EQ_C1200_k12_T1000_F3_seed123/20260506_204446_520411/cross_regime_results.json,2026-05-06T21:17:05.731255,dual_branch_factorized_ac_gate_balanced,Gate-balanced Dual AC,gate_balanced,original,1200.0,12.0,3.0,1000.0,MIX12_EQ,123.0,12.0,True,raw-like json_run; scenario=dual_branch_factorized_ac_gate_balanced_trainMIX12_EQ_C1200_k12_T1000_F3_seed123,True,dual_ablation,,model_clean=Gate-balanced Dual AC|variant_clean=gate_balanced|reward_mode=original|C=1200|k=12|F=3|T=1000|seed=123|train_regime=MIX12_EQ,10,model_clean=Gate-balanced Dual AC|variant_clean=gate_balanced|reward_mode=original|C=1200|k=12|F=3|T=1000|seed=123|train_regime=MIX12_EQ,2026-05-06 21:17:05.731255,0,0.8248814658877842,0.6921056947571377,0.08847354261530165,0.8248814658877842,79.66458333333334,706.6091666666666,0.07966458333333333,0.9203354166666666
json_run,src/idea4/ac/results/dual_branch_ac/runs/dual_branch_factorized_ac_gate_balanced_trainMIX12_EQ_C1200_k12_T1000_F3_seed323/20260506_211708_693134/cross_regime_results.json,2026-05-06T21:51:02.611182,dual_branch_factorized_ac_gate_balanced,Gate-balanced Dual AC,gate_balanced,original,1200.0,12.0,3.0,1000.0,MIX12_EQ,323.0,12.0,True,raw-like json_run; scenario=dual_branch_factorized_ac_gate_balanced_trainMIX12_EQ_C1200_k12_T1000_F3_seed323,True,dual_ablation,,model_clean=Gate-balanced Dual AC|variant_clean=gate_balanced|reward_mode=original|C=1200|k=12|F=3|T=1000|seed=323|train_regime=MIX12_EQ,10,model_clean=Gate-balanced Dual AC|variant_clean=gate_balanced|reward_mode=original|C=1200|k=12|F=3|T=1000|seed=323|train_regime=MIX12_EQ,2026-05-06 21:51:02.611182,0,0.8312938172425458,0.698411920709484,0.09059619393526033,0.8312938172425458,75.04583333333333,721.4175,0.07504583333333333,0.9249541666666667
json_run,src/idea4/ac/results/dual_branch_ac/runs/dual_branch_factorized_ac_gate_balanced_trainMIX12_EQ_C1200_k12_T1000_F3_seed532/20260506_213158_652313/cross_regime_results.json,2026-05-06T22:05:35.625578,dual_branch_factorized_ac_gate_balanced,Gate-balanced Dual AC,gate_balanced,original,1200.0,12.0,3.0,1000.0,MIX12_EQ,532.0,12.0,True,raw-like json_run; scenario=dual_branch_factorized_ac_gate_balanced_trainMIX12_EQ_C1200_k12_T1000_F3_seed532,True,dual_ablation,,model_clean=Gate-balanced Dual AC|variant_clean=gate_balanced|reward_mode=original|C=1200|k=12|F=3|T=1000|seed=532|train_regime=MIX12_EQ,10,model_clean=Gate-balanced Dual AC|variant_clean=gate_balanced|reward_mode=original|C=1200|k=12|F=3|T=1000|seed=532|train_regime=MIX12_EQ,2026-05-06 22:05:35.625578,0,0.8298636421580957,0.6960941911934441,0.09014411645836089,0.8298636421580957,76.00833333333334,721.0979166666666,0.07600833333333333,0.9239916666666667
json_run,src/idea4/ac/results/dual_branch_ac/runs/dual_branch_factorized_ac_gate_balanced_trainMIX12_EQ_C1200_k12_T1000_F3_seed999/20260506_220538_503370/cross_regime_results.json,2026-05-06T22:41:29.824804,dual_branch_factorized_ac_gate_balanced,Gate-balanced Dual AC,gate_balanced,original,1200.0,12.0,3.0,1000.0,MIX12_EQ,999.0,12.0,True,raw-like json_run; scenario=dual_branch_factorized_ac_gate_balanced_trainMIX12_EQ_C1200_k12_T1000_F3_seed999,True,dual_ablation,,model_clean=Gate-balanced Dual AC|variant_clean=gate_balanced|reward_mode=original|C=1200|k=12|F=3|T=1000|seed=999|train_regime=MIX12_EQ,10,model_clean=Gate-balanced Dual AC|variant_clean=gate_balanced|reward_mode=original|C=1200|k=12|F=3|T=1000|seed=999|train_regime=MIX12_EQ,2026-05-06 22:41:29.824804,0,0.8300079939787802,0.6960828984884552,0.09005508757321201,0.8300079939787803,76.2675,725.0612500000001,0.0762675,0.9237325
json_run,src/idea4/ac/results/dual_branch_ac/runs/dual_branch_factorized_ac_gate_balanced_trainMIX12_EQ_C1200_k24_T1000_F3_seed123/20260515_002658_736844/cross_regime_results.json,2026-05-15T00:59:28.596954,dual_branch_factorized_ac_gate_balanced,Gate-balanced Dual AC,gate_balanced,original,1200.0,24.0,3.0,1000.0,MIX12_EQ,123.0,12.0,True,raw-like json_run; scenario=dual_branch_factorized_ac_gate_balanced_trainMIX12_EQ_C1200_k24_T1000_F3_seed123,True,dual_ablation,,model_clean=Gate-balanced Dual AC|variant_clean=gate_balanced|reward_mode=original|C=1200|k=24|F=3|T=1000|seed=123|train_regime=MIX12_EQ,10,model_clean=Gate-balanced Dual AC|variant_clean=gate_balanced|reward_mode=original|C=1200|k=24|F=3|T=1000|seed=123|train_regime=MIX12_EQ,2026-05-15 00:59:28.596954,0,0.3874872379097023,0.319113213917205,0.053943349881278614,0.3874872379097023,434.94250000000005,532.5995833333333,0.4349425,0.5650575
json_run,src/idea4/ac/results/dual_branch_ac/runs/dual_branch_factorized_ac_gate_regularized_trainMIX12_EQ_C1200_k12_T1000_F3_seed123/20260506_223120_297103/cross_regime_results.json,2026-05-06T23:03:39.823948,dual_branch_factorized_ac_gate_regularized,Gate-regularized Dual AC,gate_regularized,original,1200.0,12.0,3.0,1000.0,MIX12_EQ,123.0,12.0,True,raw-like json_run; scenario=dual_branch_factorized_ac_gate_regularized_trainMIX12_EQ_C1200_k12_T1000_F3_seed123,True,dual_ablation,,model_clean=Gate-regularized Dual AC|variant_clean=gate_regularized|reward_mode=original|C=1200|k=12|F=3|T=1000|seed=123|train_regime=MIX12_EQ,10,model_clean=Gate-regularized Dual AC|variant_clean=gate_regularized|reward_mode=original|C=1200|k=12|F=3|T=1000|seed=123|train_regime=MIX12_EQ,2026-05-06 23:03:39.823948,0,0.8140526834171468,0.686846584832101,0.08408099313210103,0.8140526834171468,87.30791666666666,672.6091666666666,0.08730791666666667,0.9126920833333333
json_run,src/idea4/ac/results/dual_branch_ac/runs/dual_branch_factorized_ac_gate_regularized_trainMIX12_EQ_C1200_k12_T1000_F3_seed323/20260506_230345_990943/cross_regime_results.json,2026-05-06T23:35:53.462905,dual_branch_factorized_ac_gate_regularized,Gate-regularized Dual AC,gate_regularized,original,1200.0,12.0,3.0,1000.0,MIX12_EQ,323.0,12.0,True,raw-like json_run; scenario=dual_branch_factorized_ac_gate_regularized_trainMIX12_EQ_C1200_k12_T1000_F3_seed323,True,dual_ablation,,model_clean=Gate-regularized Dual AC|variant_clean=gate_regularized|reward_mode=original|C=1200|k=12|F=3|T=1000|seed=323|train_regime=MIX12_EQ,10,model_clean=Gate-regularized Dual AC|variant_clean=gate_regularized|reward_mode=original|C=1200|k=12|F=3|T=1000|seed=323|train_regime=MIX12_EQ,2026-05-06 23:35:53.462905,0,0.8080179468774012,0.6799168755655894,0.08425419968537233,0.8080179468774012,91.13875,646.0516666666666,0.09113875,0.9088612500000001
json_run,src/idea4/ac/results/factorized_ac/runs/maskA_factorized_ac_trainMIX12_EQ_C800_k24_T1000_F3_seed123_MaskA_hard/20260512_144025_312583/cross_regime_results.json,2026-05-12T20:23:04.487132,maskA_factorized_ac,MaskA Factorized AC,maskA+hard,original,800.0,24.0,3.0,1000.0,MIX12_EQ,123.0,12.0,True,raw-like json_run; scenario=maskA_factorized_ac_trainMIX12_EQ_C800_k24_T1000_F3_seed123_MaskA_hard,True,mask_ablation,,model_clean=MaskA Factorized AC|variant_clean=maskA+hard|reward_mode=original|C=800|k=24|F=3|T=1000|seed=123|train_regime=MIX12_EQ,10,model_clean=MaskA Factorized AC|variant_clean=maskA+hard|reward_mode=original|C=800|k=24|F=3|T=1000|seed=123|train_regime=MIX12_EQ,2026-05-12 20:23:04.487132,0,0.09912425920801937,0.048062011270137234,0.03706369887477068,0.09912425920801937,809.8129166666668,149.61666666666667,0.8098129166666667,0.19018708333333334
json_run,src/idea4/ac/results/factorized_ac/runs/maskA_factorized_ac_trainMIX12_EQ_C800_k24_T1000_F3_seed123_MaskA_soft_penalty5/20260510_123739_551270/cross_regime_results.json,2026-05-10T13:12:32.056166,maskA_factorized_ac,MaskA Factorized AC,maskA+soft+penalty5,original,800.0,24.0,3.0,1000.0,MIX12_EQ,123.0,12.0,True,raw-like json_run; scenario=maskA_factorized_ac_trainMIX12_EQ_C800_k24_T1000_F3_seed123_MaskA_soft_penalty5,True,mask_ablation,,model_clean=MaskA Factorized AC|variant_clean=maskA+soft+penalty5|reward_mode=original|C=800|k=24|F=3|T=1000|seed=123|train_regime=MIX12_EQ,10,model_clean=MaskA Factorized AC|variant_clean=maskA+soft+penalty5|reward_mode=original|C=800|k=24|F=3|T=1000|seed=123|train_regime=MIX12_EQ,2026-05-10 13:12:32.056166,0,0.08223778429048877,0.051379308921758925,0.02013022191181527,0.08223778429048878,840.5379166666667,130.25166666666667,0.8405379166666666,0.15946208333333334
json_run,src/idea4/ac/results/dual_branch_ac/runs/dual_branch_residual_risk_trainMIX12_EQ_C800_k12_T1000_F3_seed123/20260508_214306_524790/cross_regime_results.json,2026-05-08T22:16:00.640143,dual_branch_residual_risk,Residual-risk Dual AC,residual_risk,original,800.0,12.0,3.0,1000.0,MIX12_EQ,123.0,12.0,True,raw-like json_run; scenario=dual_branch_residual_risk_trainMIX12_EQ_C800_k12_T1000_F3_seed123,True,dual_ablation,,model_clean=Residual-risk Dual AC|variant_clean=residual_risk|reward_mode=original|C=800|k=12|F=3|T=1000|seed=123|train_regime=MIX12_EQ,10,model_clean=Residual-risk Dual AC|variant_clean=residual_risk|reward_mode=original|C=800|k=12|F=3|T=1000|seed=123|train_regime=MIX12_EQ,2026-05-08 22:16:00.640143,0,0.6308569163887282,0.4851186667443417,0.08535865476680149,0.6308569163887283,209.12249999999997,743.1633333333333,0.2091225,0.7908775
json_run,src/idea4/ac/results/dual_branch_ac/runs/dual_branch_residual_risk_trainMIX12_EQ_C800_k12_T1000_F6_seed123/20260509_040743_650126/cross_regime_results.json,2026-05-09T04:36:59.777273,dual_branch_residual_risk,Residual-risk Dual AC,residual_risk,original,800.0,12.0,6.0,1000.0,MIX12_EQ,123.0,12.0,True,raw-like json_run; scenario=dual_branch_residual_risk_trainMIX12_EQ_C800_k12_T1000_F6_seed123,True,dual_ablation,,model_clean=Residual-risk Dual AC|variant_clean=residual_risk|reward_mode=original|C=800|k=12|F=6|T=1000|seed=123|train_regime=MIX12_EQ,10,model_clean=Residual-risk Dual AC|variant_clean=residual_risk|reward_mode=original|C=800|k=12|F=6|T=1000|seed=123|train_regime=MIX12_EQ,2026-05-09 04:36:59.777273,0,0.6395297809652635,0.49488971642622437,0.08486348290495577,0.6395297809652635,201.11291666666668,767.90125,0.20111291666666667,0.7988870833333332
json_run,src/idea4/ac/results/dual_branch_ac/runs/dual_branch_residual_risk_trainMIX12_EQ_C800_k24_T1000_F3_seed123/20260509_001956_635433/cross_regime_results.json,2026-05-09T00:50:10.141324,dual_branch_residual_risk,Residual-risk Dual AC,residual_risk,original,800.0,24.0,3.0,1000.0,MIX12_EQ,123.0,12.0,True,raw-like json_run; scenario=dual_branch_residual_risk_trainMIX12_EQ_C800_k24_T1000_F3_seed123,True,dual_ablation,,model_clean=Residual-risk Dual AC|variant_clean=residual_risk|reward_mode=original|C=800|k=24|F=3|T=1000|seed=123|train_regime=MIX12_EQ,10,model_clean=Residual-risk Dual AC|variant_clean=residual_risk|reward_mode=original|C=800|k=24|F=3|T=1000|seed=123|train_regime=MIX12_EQ,2026-05-09 00:50:10.141324,0,0.1177100954282132,0.05779024748984103,0.03960137526760085,0.1177100954282132,776.7354166666668,204.70083333333332,0.7767354166666666,0.22326458333333335
json_run,src/idea4/ac/results/dual_branch_ac/runs/dual_branch_residual_risk_trainMIX12_EQ_C1200_k12_T1000_F3_seed123/20260508_194136_365825/cross_regime_results.json,2026-05-08T20:10:12.730506,dual_branch_residual_risk,Residual-risk Dual AC,residual_risk,original,1200.0,12.0,3.0,1000.0,MIX12_EQ,123.0,12.0,True,raw-like json_run; scenario=dual_branch_residual_risk_trainMIX12_EQ_C1200_k12_T1000_F3_seed123,True,dual_ablation,,model_clean=Residual-risk Dual AC|variant_clean=residual_risk|reward_mode=original|C=1200|k=12|F=3|T=1000|seed=123|train_regime=MIX12_EQ,10,model_clean=Residual-risk Dual AC|variant_clean=residual_risk|reward_mode=original|C=1200|k=12|F=3|T=1000|seed=123|train_regime=MIX12_EQ,2026-05-08 20:10:12.730506,0,0.8087232063444633,0.679526222051194,0.08529277784136716,0.8087232063444633,90.81791666666668,650.7441666666667,0.09081791666666666,0.9091820833333334
json_run,src/idea4/ac/results/dual_branch_ac/runs/dual_branch_residual_risk_trainMIX12_EQ_C1200_k12_T1000_F6_seed123/20260509_021410_366444/cross_regime_results.json,2026-05-09T02:42:41.841497,dual_branch_residual_risk,Residual-risk Dual AC,residual_risk,original,1200.0,12.0,6.0,1000.0,MIX12_EQ,123.0,12.0,True,raw-like json_run; scenario=dual_branch_residual_risk_trainMIX12_EQ_C1200_k12_T1000_F6_seed123,True,dual_ablation,,model_clean=Residual-risk Dual AC|variant_clean=residual_risk|reward_mode=original|C=1200|k=12|F=6|T=1000|seed=123|train_regime=MIX12_EQ,10,model_clean=Residual-risk Dual AC|variant_clean=residual_risk|reward_mode=original|C=1200|k=12|F=6|T=1000|seed=123|train_regime=MIX12_EQ,2026-05-09 02:42:41.841497,0,0.804585804339006,0.6792003990119079,0.08068912953567779,0.804585804339006,94.49833333333333,651.7020833333333,0.09449833333333334,0.9055016666666668
